u,v,key,max_depth,is_flooded
316787027,2291112071,0,0.14087994396686554,0
2291112071,2291112072,0,0.10171431303024292,0
2291112071,2291112066,0,0.09721789509057999,0
2291112071,2345262926,0,0.08144640177488327,0
316787028,316787027,0,0.1615070253610611,0
316787028,8859394521,0,0.1439591944217682,0
8859394521,904836986,0,0.10915064811706543,0
8859394521,316787027,0,0.14046704769134521,0
319311332,319314053,0,0.00906527042388916,0
319311332,8559046187,0,0.00971196498721838,0
319311332,319311529,0,0.011295204982161522,0
319314053,319314093,0,0.024746935814619064,0
319314053,5302825147,0,0.019512731581926346,0
319314053,319311332,0,0.00906527042388916,0
8559046187,319311332,0,0.00971196498721838,0
8559046187,2345262928,0,0.013593330048024654,0
8559046187,8559046184,0,0.012834704481065273,0
319311529,319311332,0,0.011295204982161522,0
319311529,2291112072,0,0.04660240560770035,0
319311529,8495905460,0,0.016459902748465538,0
2291112072,2291112071,0,0.10171431303024292,0
2291112072,319311529,0,0.04660240560770035,0
2291112072,8495905475,0,0.0670996680855751,0
8495905460,319311529,0,0.016459902748465538,0
8495905460,319311881,0,0.025445606559515,0
8495905460,8495905475,0,0.03983943909406662,0
319311880,319311881,0,0.03385673463344574,0
319311880,8478213953,0,0.044985830783843994,0
319311881,319311880,0,0.03385673463344574,0
319311881,8496111787,0,0.038719065487384796,0
319311881,8495905460,0,0.025445606559515,0
8478213953,316787028,0,0.11044186353683472,0
8478213953,8478213910,0,0.0339169055223465,0
8496111787,8496111788,0,0.036176227033138275,0
8496111787,320542213,0,0.052601758390665054,0
319314093,12609285931,0,0.02846553549170494,0
319314093,319314053,0,0.024746935814619064,0
319314093,12609285918,0,0.02787173166871071,0
5302825147,319314053,0,0.019512731581926346,0
5302825147,910330177,0,0.02029258757829666,0
5302825147,910330177,1,0.02029258757829666,0
12609285931,12017183246,0,0.09337722510099411,0
12609285931,319314093,0,0.02846553549170494,0
12609285931,12609285918,0,0.016999755054712296,0
12609285918,4083607800,0,0.012238719500601292,0
12609285918,319314093,0,0.02787173166871071,0
12609285918,12609285931,0,0.016999755054712296,0
319314913,319315681,0,0.009469635784626007,0
319314913,319314863,0,0.008231737650930882,0
319314913,5596676501,0,0.010138499550521374,0
319315681,5327487153,0,0.008145365864038467,0
319315681,4083606348,0,0.012109785340726376,0
319315681,319314913,0,0.009469635784626007,0
319314863,319314913,0,0.008231737650930882,0
319314863,4083607800,0,0.008313369005918503,0
319314863,5596658811,0,0.010900936089456081,0
5596676501,319314913,0,0.010138499550521374,0
5596676501,319316245,0,0.009269053116440773,0
5596676501,5596676513,0,0.10647085309028625,0
5327487153,319315681,0,0.008145365864038467,0
5327487153,4083621448,0,0.011433265171945095,0
5327487153,2345273473,0,0.006358427926898003,0
4083606348,319315681,0,0.012109785340726376,0
904836986,8859394521,0,0.10915064811706543,0
904836986,8860456325,0,0.086024709045887,0
904836986,8478197407,0,0.06121688708662987,0
8860456325,2345262924,0,0.10975980013608932,0
8860456325,904836986,0,0.086024709045887,0
8860456325,2345262926,0,0.09387089312076569,0
8478197407,904836986,0,0.06121688708662987,0
8478197407,8478213910,0,0.019469624385237694,0
8478197407,8478213692,0,0.020519517362117767,0
910330082,8454049578,0,0.011851033195853233,0
910330082,910330163,0,0.016752902418375015,0
910330082,5302782088,0,0.02036898396909237,0
8454049578,8454049579,0,0.005586785264313221,0
8454049578,910330177,0,0.009408009238541126,0
8454049578,910330082,0,0.011851033195853233,0
910330163,910330082,0,0.016752902418375015,0
910330163,910330209,0,0.015527966432273388,0
910330163,8454049579,0,0.010496104136109352,0
5302782088,910330082,0,0.02036898396909237,0
5302782088,2291112019,0,0.10689461976289749,0
5302782088,5302826347,0,0.03211621567606926,0
910330086,5863270617,0,0.012220834381878376,0
910330086,910330137,0,0.011283092200756073,0
910330086,2375745076,0,0.009468993172049522,0
5863270617,5593927253,0,0.010690509341657162,0
5863270617,2291112030,0,0.03300021216273308,0
5863270617,2291112008,0,0.025110872462391853,0
5863270617,910330086,0,0.012220834381878376,0
910330137,910330086,0,0.011283092200756073,0
910330137,2345188636,0,0.00791980791836977,0
910330137,2291112034,0,0.013460165821015835,0
2375745076,5593927253,0,0.007938668131828308,0
2375745076,12404523273,0,0.008792527951300144,0
2375745076,910330086,0,0.009468993172049522,0
2375745076,3631003683,0,0.007242338266223669,0
2345188636,910330137,0,0.00791980791836977,0
2345188636,5594204283,0,0.011175286024808884,0
2345188636,5594204304,0,0.025283515453338623,0
2345188636,12404565899,0,0.007617860566824675,0
2291112034,2291112035,0,0.01785282790660858,0
2291112034,2291112030,0,0.03637249767780304,0
2291112034,910330137,0,0.013460165821015835,0
910330209,910330163,0,0.015527966432273388,0
910330209,9074908347,0,0.018187325447797775,0
910330209,5283955681,0,0.011559278704226017,0
8454049579,4083620287,0,0.0064795129001140594,0
8454049579,910330163,0,0.010496104136109352,0
8454049579,8454049578,0,0.005586785264313221,0
910330177,5302825147,0,0.02029258757829666,0
910330177,5302825147,1,0.02029258757829666,0
910330177,8454049578,0,0.009408009238541126,0
9074908347,910330209,0,0.018187325447797775,0
9074908347,2291112000,0,0.03613754361867905,0
9074908347,5302826347,0,0.031195009127259254,0
5283955681,910330209,0,0.011559278704226017,0
5283955681,5283952480,0,0.008334152400493622,0
1906075977,2291111991,0,0.03109925054013729,0
1906075977,2291112008,0,0.04326571151614189,0
2291111991,5283952464,0,0.016501285135746002,0
2291112008,2291112009,0,0.046845294535160065,0
2291112008,2291112004,0,0.03656476363539696,0
2291112008,5863270617,0,0.025110872462391853,0
2291111990,2291112015,0,0.039675142616033554,0
2291111990,2291112000,0,0.031485527753829956,0
2291112015,13234281388,0,0.10146649181842804,0
2291112000,2291111999,0,0.05984882637858391,0
2291112000,9074908347,0,0.03613754361867905,0
2291112000,2291112005,0,0.04716542363166809,0
5283952464,5283952465,0,0.015091941691935062,0
2291111999,2291112000,0,0.05984882637858391,0
2291111999,2291111991,0,0.041460223495960236,0
2291112005,2291112009,0,0.05511355400085449,0
2291112005,2291112004,0,0.039744291454553604,0
2291112004,2291112005,0,0.039744291454553604,0
2291112004,2291111999,0,0.04970749467611313,0
2291112004,5593927253,0,0.021715262904763222,0
5593927253,5863270617,0,0.010690509341657162,0
5593927253,2291112004,0,0.021715262904763222,0
5593927253,2375745076,0,0.007938668131828308,0
2291112009,2291112008,0,0.046845294535160065,0
2291112009,2291112015,0,0.0597880557179451,0
13234281388,2291112018,0,0.1534854769706726,0
13234281388,13234281392,0,0.10351093858480453,0
2291112018,13234281384,0,0.15958769619464874,0
2291112018,13234281392,0,0.11529023200273514,0
13234281384,13234281399,0,0.15040484070777893,0
13234281392,2291112019,0,0.12786607444286346,0
2291112019,5302782088,0,0.10689461976289749,0
2291112019,13234281393,0,0.1436581164598465,0
13234281393,13234281384,0,0.1254051923751831,0
13234281393,13234281399,0,0.12189941108226776,0
2291112030,2291112031,0,0.0433923564851284,0
2291112030,1906075977,0,0.05101343244314194,0
2291112030,5863270617,0,0.03300021216273308,0
2291112031,2291112030,0,0.0433923564851284,0
2291112031,2291112035,0,0.025317134335637093,0
2291112035,2291112034,0,0.01785282790660858,0
2291112035,2291112041,0,0.020471787080168724,0
2291112041,2291112067,0,0.06416197121143341,0
2291112041,2291112054,0,0.024614088237285614,0
2291112067,2291112072,0,0.08806011825799942,0
2291112054,8860456320,0,0.07345793396234512,0
2291112054,2291112056,0,0.0356920026242733,0
2291112042,2291112034,0,0.019132977351546288,0
8860456320,11919667187,0,0.06258485466241837,0
8860456320,2291112067,0,0.10280902683734894,0
2291112056,8485085885,0,0.051422201097011566,0
2291112056,2291112054,0,0.0356920026242733,0
2291112056,2291112057,0,0.09101153165102005,0
8485085885,8485085884,0,0.10245437920093536,0
8485085885,2291112042,0,0.04329540953040123,0
2291112057,8860456321,0,0.14709235727787018,0
2291112057,2291112056,0,0.09101153165102005,0
2291112057,8485085884,0,0.14204370975494385,0
8860456321,2291112057,0,0.14709235727787018,0
8860456321,11919667187,0,0.07835086435079575,0
8860456321,2345262913,0,0.12713469564914703,0
8485085884,2291112057,0,0.14204370975494385,0
8485085884,8485085885,0,0.10245437920093536,0
8485085884,8486039945,0,0.07113783061504364,0
2291112066,2291112042,0,0.047354262322187424,0
2291112066,8860456319,0,0.07513356953859329,0
8860456319,11919667187,0,0.04628333821892738,0
8860456319,2345262913,0,0.09509555995464325,0
2345262926,2291112071,0,0.08144640177488327,0
2345262926,2345262924,0,0.07876525074243546,0
2345262926,8860456325,0,0.09387089312076569,0
8495905475,319311881,0,0.04825354367494583,0
8495905475,8495905460,0,0.03983943909406662,0
2330942804,2330942817,0,0.012260242365300655,0
2330942804,2876158660,0,0.009217999875545502,0
2330942804,2345188529,0,0.013391864486038685,0
2330942817,12404558553,0,0.018087564036250114,0
2330942817,2330942804,0,0.012260242365300655,0
2330942817,12404510365,0,0.014127353206276894,0
2876158660,2330942804,0,0.009217999875545502,0
2876158660,2330942563,0,0.02029028721153736,0
2345188529,12404565899,0,0.013585031032562256,0
2345188529,2330942804,0,0.013391864486038685,0
2345188529,5592665681,0,0.014520416967570782,0
12404558553,12404523273,0,0.015842469409108162,0
12404558553,2330942817,0,0.018087564036250114,0
12404558553,12404565899,0,0.014084032736718655,0
12404510365,3631003683,0,0.01016026921570301,0
12404510365,2330942817,0,0.014127353206276894,0
12404510365,12404523273,0,0.011582661420106888,0
5594204283,2345188636,0,0.011175286024808884,0
5594204283,4010047990,0,0.026225151494145393,0
5594204283,5594204304,0,0.029798980802297592,0
5594204304,5327469094,0,0.026021799072623253,0
5594204304,2345188636,0,0.025283515453338623,0
5594204304,5594204283,0,0.029798980802297592,0
12404565899,2345188636,0,0.007617860566824675,0
12404565899,2345188529,0,0.013585031032562256,0
12404565899,12404558553,0,0.014084032736718655,0
2345262913,8860456319,0,0.09509555995464325,0
2345262913,2345262924,0,0.10237940400838852,0
2345262913,8860456321,0,0.12713469564914703,0
2345262924,8860456325,0,0.10975980013608932,0
2345262924,2345262926,0,0.07876525074243546,0
2345262924,2345262913,0,0.10237940400838852,0
2345273386,4083621448,0,0.032336823642253876,0
4083621448,2345273386,0,0.032336823642253876,0
4083621448,5327487153,0,0.011433265171945095,0
4083621448,4083620287,0,0.012328946962952614,0
2345273473,319316245,0,0.006858191452920437,0
2345273473,1316029427,0,0.007124400231987238,0
2345273473,5327487153,0,0.006358427926898003,0
319316245,5596676501,0,0.009269053116440773,0
319316245,319854930,0,0.007442299276590347,0
319316245,2345273473,0,0.006858191452920437,0
319316245,318261759,0,0.010558279231190681,0
1316029427,319854930,0,0.007708507589995861,0
1316029427,2345273473,0,0.007124400231987238,0
1316029427,1316029793,0,0.012425952591001987,0
1316029427,6349915817,0,0.025090476498007774,0
12404523273,2375745076,0,0.008792527951300144,0
12404523273,12404558553,0,0.015842469409108162,0
12404523273,12404510365,0,0.011582661420106888,0
3631003683,2375745076,0,0.007242338266223669,0
3631003683,12404512104,0,0.006695227697491646,0
3631003683,12404510365,0,0.01016026921570301,0
12404512104,3631003683,0,0.006695227697491646,0
12404512104,5592212955,0,0.004071966744959354,0
12404512104,5593925640,0,0.016134923323988914,0
4010038488,4010047990,0,0.04437696188688278,0
4010038488,5594121707,0,0.03027506172657013,0
4010038488,4010020608,0,0.03718048334121704,0
4010047990,5594204283,0,0.026225151494145393,0
4010047990,4010038488,0,0.04437696188688278,0
4010047990,4010048009,0,0.04012817144393921,0
5594121707,4010038488,0,0.03027506172657013,0
5594121707,9072197618,0,0.01056241150945425,0
5594121707,5594121717,0,0.10057836025953293,0
5594121707,5594121655,0,0.010826317593455315,0
4010020608,4010038488,0,0.03718048334121704,0
4010048009,4010047990,0,0.04012817144393921,0
4083620287,4083621410,0,0.039469651877880096,0
4083620287,4083621448,0,0.012328946962952614,0
4083620287,8454049579,0,0.0064795129001140594,0
4083621410,4083620287,0,0.039469651877880096,0
5283952465,5283952464,0,0.015091941691935062,0
5283952465,2291111990,0,0.013498246669769287,0
5283952465,5283952480,0,0.010387417860329151,0
5283952480,5283952465,0,0.010387417860329151,0
5283952480,5283955681,0,0.008334152400493622,0
5302826347,9074908347,0,0.031195009127259254,0
5302826347,5302782088,0,0.03211621567606926,0
5592212955,12404512104,0,0.004071966744959354,0
5592212955,6354027648,0,0.019846633076667786,0
6354027648,6354027650,0,0.04846871644258499,0
6354027648,5592212955,0,0.019846633076667786,0
5593925640,12404512104,0,0.016134923323988914,0
9072197618,5594121707,0,0.01056241150945425,0
9072197618,910330180,0,0.0192115381360054,0
5594121717,5594121707,0,0.10057836025953293,0
5594121655,5594121707,0,0.010826317593455315,0
8478213910,8478213953,0,0.0339169055223465,0
8478213910,320542212,0,0.015676846727728844,0
8478213910,8478197407,0,0.019469624385237694,0
8478213910,8478213952,0,0.011553472839295864,0
8486039945,8485085884,0,0.07113783061504364,0
8486039945,5327469094,0,0.01374993659555912,0
8486039945,8485966905,0,0.014502828009426594,0
8485966905,8486039945,0,0.014502828009426594,0
8485966905,5327469094,0,0.009223423898220062,0
8485966905,5327432252,0,0.009742213413119316,0
5327469094,8486039945,0,0.01374993659555912,0
5327469094,5594204304,0,0.026021799072623253,0
5327469094,8485966905,0,0.009223423898220062,0
5327432252,8478686410,0,0.010135689750313759,0
5327432252,8478213692,0,0.011661900207400322,0
5327432252,8485966905,0,0.009742213413119316,0
11919667187,2291112056,0,0.02481892518699169,0
11919667187,8860456320,0,0.06258485466241837,0
11919667187,8860456321,0,0.07835086435079575,0
910330180,2331030466,0,0.02810736931860447,0
910330180,9072197618,0,0.0192115381360054,0
12017183246,12609285931,0,0.09337722510099411,0
12017183246,12017183265,0,0.1383439004421234,0
13234281399,2291112031,0,0.08948267996311188,0
316782510,6028298637,0,0.3747790455818176,1
6028298637,8573548351,0,0.41618937253952026,1
6028298637,320582873,0,0.3427715301513672,1
316784297,6028298657,0,0.15054233372211456,0
6028298657,320582872,0,0.2292148470878601,0
6028298657,6028298646,0,0.1836445927619934,0
316786700,1906053701,0,0.050428375601768494,0
316786700,316786708,0,0.07967744022607803,0
1906053701,1906053705,0,0.07792249321937561,0
1906053701,1906053732,0,0.10060179233551025,0
316786708,3743898508,0,0.1333794742822647,0
3743898508,8649916215,0,0.14128920435905457,0
3743898508,8649916717,0,0.1259773075580597,0
316787291,1906053713,0,0.16416233777999878,0
316787291,318001670,0,0.10911118239164352,0
1906053713,1906053711,0,0.12034883350133896,0
318001670,320542212,0,0.022422483190894127,0
316920585,6028112400,0,0.17574428021907806,0
316921715,8629185978,0,0.1728184074163437,0
316921715,6028109531,0,0.15959376096725464,0
8629185978,8628911246,0,0.17040200531482697,0
6028109531,8629185978,0,0.15305645763874054,0
6028109531,8629185985,0,0.12319722026586533,0
317039442,8646839362,0,0.0507386177778244,0
8646839362,8647690707,0,0.11978353559970856,0
8646839362,5456734435,0,0.13146430253982544,0
317043861,319840730,0,0.18043147027492523,0
317043861,3739930129,0,0.27366816997528076,0
317043861,317063184,0,0.17203034460544586,0
319840730,319840439,0,0.09361185878515244,0
319840730,317043861,0,0.18043147027492523,0
319840730,319840658,0,0.20594750344753265,0
3739930129,318134755,0,0.30205100774765015,1
3739930129,317043861,0,0.27366816997528076,0
317063184,319840658,0,0.19754639267921448,0
317063184,317043861,0,0.17203034460544586,0
317063184,320770505,0,0.20383791625499725,0
317058899,8650531716,0,0.2271604686975479,0
317058899,317059116,0,0.23306863009929657,0
8650531716,317058899,0,0.2271604686975479,0
8650531716,8527228285,0,0.3052076995372772,1
317059116,8527228298,0,0.21963949501514435,0
317059116,319323742,0,0.2127104103565216,0
8527228298,317059116,0,0.21963949501514435,0
8527228298,2426398335,0,0.19010940194129944,0
8527228298,8650531716,0,0.21306796371936798,0
319323742,8527228280,0,0.2021113634109497,0
319323742,317059120,0,0.20737823843955994,0
319323742,319323738,0,0.21437692642211914,0
317059120,319324109,0,0.2262122631072998,0
317059120,8496444846,0,0.22741667926311493,0
319324109,8527228274,0,0.23035554587841034,0
319324109,8527228275,0,0.2235172688961029,0
8496444846,3155744121,0,0.2586159408092499,0
8496444846,319323738,0,0.23441536724567413,0
8496444846,8496444886,0,0.22004802525043488,0
319840658,317063184,0,0.19754639267921448,0
319840658,320770544,0,0.19241350889205933,0
319840658,319840730,0,0.20594750344753265,0
320770505,320770544,0,0.1987050175666809,0
320770505,317063184,0,0.20383791625499725,0
320770505,319843526,0,0.1877487152814865,0
317063525,8524377296,0,0.14646895229816437,0
317063525,317063526,0,0.1826881766319275,0
8524377296,317063525,0,0.14646895229816437,0
8524377296,8573574811,0,0.11359148472547531,0
317063526,8536049104,0,0.14141906797885895,0
317063526,3743899170,0,0.15205955505371094,0
8536049104,3743899202,0,0.14700251817703247,0
8536049104,8524377301,0,0.1415923535823822,0
8536049104,3743899170,0,0.12081994861364365,0
3743899170,317063526,0,0.15205955505371094,0
3743899170,8536049104,0,0.12081994861364365,0
3743899170,3743899231,0,0.19070371985435486,0
317065455,318009256,0,0.3282244801521301,1
317065455,320717827,0,0.2056240290403366,0
318009256,10115690588,0,0.41633233428001404,1
320717827,317065455,0,0.2056240290403366,0
320717827,8610259772,0,0.14925746619701385,0
317065461,318009168,0,0.37035006284713745,1
318009168,8604987223,0,0.44820964336395264,1
318009168,3738800532,0,0.4499017298221588,1
317065806,8654611168,0,0.2507980465888977,0
317065806,327310770,0,0.195462167263031,0
317065806,7070909312,0,0.21406865119934082,0
8654611168,317065806,0,0.2507980465888977,0
8654611168,8655213144,0,0.23029237985610962,0
8654611168,8654611163,0,0.23885634541511536,0
327310770,320587192,0,0.2012617290019989,0
327310770,7070909312,0,0.20151004195213318,0
7070909312,7070909339,0,0.20078720152378082,0
317066703,8642842972,0,0.29293233156204224,0
8642842972,319845075,0,0.34209948778152466,1
8642842972,8642842974,0,0.3228945732116699,1
317066955,320772256,0,0.25993114709854126,0
317066955,8642953431,0,0.2953740358352661,0
320772256,8659203471,0,0.2705974578857422,0
320772256,320772237,0,0.15001937747001648,0
320772256,320711668,0,0.1967434287071228,0
8642953431,8642953434,0,0.2720887362957001,0
317066959,8659203489,0,0.3680577278137207,1
317066959,317066964,0,0.39427459239959717,1
8659203489,8527049067,0,0.31652048230171204,1
8659203489,8659203485,0,0.2914971113204956,0
317066964,317066959,0,0.39427459239959717,1
317066964,8642953536,0,0.36040395498275757,1
8642953536,319844922,0,0.27927571535110474,0
8642953536,8642953522,0,0.35722455382347107,1
317067627,8496131464,0,0.14794428646564484,0
317067627,317067646,0,0.12613646686077118,0
8496131464,317067627,0,0.14794428646564484,0
8496131464,8496131466,0,0.10718750208616257,0
317067646,8497162498,0,0.09071260690689087,0
317067646,8496131464,0,0.136133074760437,0
8497162498,317067646,0,0.09071260690689087,0
8497162498,8496017702,0,0.1051364317536354,0
8497162498,8581746094,0,0.0398186556994915,0
317068225,4083611907,0,0.04598826542496681,0
317068225,317070959,0,0.02185109630227089,0
4083611907,317068225,0,0.04598826542496681,0
4083611907,319853623,0,0.03624456003308296,0
4083611907,4083611916,0,0.12129081040620804,0
317070959,4083602488,0,0.069569893181324,0
317070959,317070861,0,0.02757110446691513,0
317070959,317068242,0,0.028898896649479866,0
317068242,4083602482,0,0.027236415073275566,0
317068242,317068243,0,0.04729039967060089,0
317068242,5596730362,0,0.02897513471543789,0
4083602482,317068242,0,0.027236415073275566,0
4083602482,4083602488,0,0.06720041483640671,0
317068243,4083602482,0,0.024851154536008835,0
317068243,5596730395,0,0.03134497255086899,0
5596730362,4083607800,0,0.008881263434886932,0
5596730362,317068242,0,0.02897513471543789,0
5596730362,5596730395,0,0.013009130023419857,0
5596730395,5596730362,0,0.013009130023419857,0
5596730395,5596652238,0,0.021947016939520836,0
5596730395,317068243,0,0.03134497255086899,0
317068302,319318596,0,0.048614803701639175,0
317068302,5844113329,0,0.04285712167620659,0
317068302,5596652238,0,0.04245600476861,0
319318596,319318593,0,0.031211890280246735,0
319318596,317068302,0,0.048614803701639175,0
319318596,5844113329,0,0.038550835102796555,0
5844113329,5596658811,0,0.02091233991086483,0
5844113329,317068302,0,0.04285712167620659,0
5844113329,319318596,0,0.038550835102796555,0
5596652238,319853609,0,0.02354569546878338,0
5596652238,317068302,0,0.04245600476861,0
5596652238,5596730395,0,0.021947016939520836,0
317070861,317070959,0,0.02757110446691513,0
317070861,12017183247,0,0.10601364821195602,0
12017183247,12017183245,0,0.1171182245016098,0
4083602488,317070959,0,0.069569893181324,0
4083602488,4083611907,0,0.08485447615385056,0
317076165,3153979257,0,0.13318389654159546,0
317076165,8559883762,0,0.15429885685443878,0
3153979257,2372986963,0,0.13886819779872894,0
3153979257,6956292961,0,0.11590821295976639,0
3153979257,317076165,0,0.13318389654159546,0
8559883762,8560307645,0,0.1895340234041214,0
317076202,8502237948,0,0.05814299359917641,0
317076202,3154037354,0,0.0326312854886055,0
8502237948,8499346396,0,0.06496678292751312,0
8502237948,317076202,0,0.05814299359917641,0
3154037354,8556006712,0,0.06945601850748062,0
3154037354,3154037347,0,0.05507511645555496,0
3154037354,317076202,0,0.0326312854886055,0
317076951,5187423434,0,0.0717899277806282,0
317076951,8502541326,0,0.13943377137184143,0
5187423434,317076955,0,0.07225246727466583,0
8502541326,8502541327,0,0.14989952743053436,0
8502541326,8502541330,0,0.10388527810573578,0
317076955,317076966,0,0.11345744878053665,0
317076966,8502231966,0,0.10503380000591278,0
317076966,317076967,0,0.13951388001441956,0
317076966,317076955,0,0.11345744878053665,0
8502231966,317076977,0,0.04289285093545914,0
8502231966,317076966,0,0.10503380000591278,0
317076967,8502231966,0,0.10418350249528885,0
317076967,317076966,0,0.13951388001441956,0
317076977,317076967,0,0.07737293094396591,0
317076977,317077030,0,0.015764592215418816,0
317076977,8502231966,0,0.04289285093545914,0
317077030,318265797,0,0.017648546025156975,0
317077030,317077033,0,0.02757698856294155,0
317077030,317076977,0,0.015764592215418816,0
318265797,317077033,0,0.025929728522896767,0
318265797,317077030,0,0.017648546025156975,0
318265797,319851054,0,0.022959722205996513,0
318265797,8502566523,0,0.015590804629027843,0
317077033,318265797,0,0.025929728522896767,0
317077033,317077030,0,0.02757698856294155,0
317097477,8529139975,0,0.12697845697402954,0
317097477,2627197694,0,0.14436407387256622,0
8529139975,8529139976,0,0.12633946537971497,0
2627197694,2627197706,0,0.12193600833415985,0
2627197694,8527049091,0,0.228542298078537,0
317097555,10547863125,0,0.0994984433054924,0
317097555,8527049063,0,0.14164488017559052,0
10547863125,8527049101,0,0.0747775211930275,0
8527049063,7070919879,0,0.14875206351280212,0
317198182,3663083894,0,0.40482813119888306,1
3663083894,8650549883,0,0.465646356344223,1
317205412,8606512318,0,0.30155664682388306,1
317205412,3743737625,0,0.3459993898868561,1
8606512318,8601859380,0,0.32202404737472534,1
3743737625,8601859376,0,0.381803959608078,1
3743737625,329682332,0,0.3550854027271271,1
3743737625,8601411816,0,0.45664775371551514,1
317205697,11974770452,0,0.4028360843658447,1
317205697,320596797,0,0.38168442249298096,1
11974770452,11974774310,0,0.36557537317276,1
320596797,8860294356,0,0.4027581512928009,1
320596797,8658186511,0,0.41658303141593933,1
320596797,317205697,0,0.38168442249298096,1
317207379,11974770452,0,0.3131774663925171,1
317207379,317205697,0,0.35168546438217163,1
317207592,8530450422,0,0.07483174651861191,0
317207592,318265897,0,0.12537509202957153,0
317207592,7857530320,0,0.06458568572998047,0
8530450422,317207592,0,0.07483174651861191,0
8530450422,8642793416,0,0.11229679733514786,0
318265897,8642473640,0,0.13604822754859924,0
318265897,319884004,0,0.13894960284233093,0
7857530320,8488091374,0,0.08193477988243103,0
7857530320,317207592,0,0.06458568572998047,0
7857530320,319851054,0,0.04200252145528793,0
317207597,8530429605,0,0.06732510030269623,0
317207597,8530450453,0,0.09553764760494232,0
8530429605,317207597,0,0.06732510030269623,0
8530429605,3154044489,0,0.03845618665218353,0
8530429605,8642817627,0,0.08418694138526917,0
8530450453,8530450454,0,0.10746647417545319,0
8530450453,317207608,0,0.11562882363796234,0
317207608,8530429598,0,0.16317078471183777,0
317207608,320194288,0,0.14504188299179077,0
317207608,319884230,0,0.11431863158941269,0
8530429598,317207608,0,0.16317078471183777,0
8530429598,8530450454,0,0.15497447550296783,0
320194288,320186893,0,0.1600141078233719,0
320194288,8642473640,0,0.13322776556015015,0
320194288,317207608,0,0.14504188299179077,0
319884230,8530429593,0,0.06979064643383026,0
319884230,8530450449,0,0.11350791901350021,0
319884230,8650758942,0,0.1367812603712082,0
317212665,6956191339,0,0.13763122260570526,0
6956191339,6956191342,0,0.08888031542301178,0
317212674,8599142591,0,0.11191657930612564,0
317212674,8599142591,1,0.11191657930612564,0
8599142591,10222714300,0,0.07736841589212418,0
317214363,5535516459,0,0.1503312736749649,0
5535516459,8524377401,0,0.1036151722073555,0
5535516459,317214367,0,0.10618364065885544,0
317214367,8573574808,0,0.15655221045017242,0
8573574808,318135954,0,0.13439488410949707,0
8573574808,8573574807,0,0.11249268054962158,0
317214372,317214461,0,0.04762769490480423,0
317214372,3742227757,0,0.14694051444530487,0
317214461,317214379,0,0.10409118980169296,0
3742227757,8573574809,0,0.22194859385490417,0
3742227757,8573574810,0,0.18740148842334747,0
3742227757,3743696552,0,0.23476921021938324,0
317214379,317214363,0,0.21187420189380646,0
317214379,8524377286,0,0.10722184926271439,0
8524377286,8524377285,0,0.09925258904695511,0
320542212,320542213,0,0.04063144326210022,0
320542212,8496111788,0,0.02419777773320675,0
320542212,8478213910,0,0.015676846727728844,0
318007412,8597732614,0,0.15634578466415405,0
318007412,318007413,0,0.10691963136196136,0
318007412,8597625529,0,0.28207075595855713,0
8597732614,318007412,0,0.15634578466415405,0
8597732614,8597732619,0,0.2552187144756317,0
318007413,8597595584,0,0.06998389214277267,0
318007413,318007412,0,0.10691963136196136,0
318007413,8597595615,0,0.11915211379528046,0
8597625529,318007412,0,0.28207075595855713,0
8597625529,8597732620,0,0.3392682373523712,1
8597595584,318072316,0,0.07298789173364639,0
8597595584,318007413,0,0.06998389214277267,0
8597595584,12517162220,0,0.06940878927707672,0
8597595615,318124488,0,0.1558799147605896,0
8597595615,318007413,0,0.11915211379528046,0
8597595615,8597595616,0,0.19882623851299286,0
318007548,8597726381,0,0.3856598138809204,1
318007548,8604987219,0,0.44630149006843567,1
318007548,8597732627,0,0.36117440462112427,1
8597726381,318007548,0,0.3856598138809204,1
8597726381,318011677,0,0.3054048717021942,1
8604987219,318007548,0,0.44630149006843567,1
8604987219,10115690587,0,0.40491440892219543,1
8597732627,318011627,0,0.30760258436203003,1
8597732627,318007548,0,0.36117440462112427,1
318007559,8604452553,0,0.1460069715976715,0
318007559,8597595588,0,0.13869190216064453,0
8604452553,318009167,0,0.1959766298532486,0
8604452553,318007559,0,0.1460069715976715,0
8604452553,8604452558,0,0.20783062279224396,0
8597595588,318009340,0,0.157533198595047,0
8597595588,8524377242,0,0.12205252051353455,0
318007584,8524377424,0,0.029685504734516144,0
318007584,8524377268,0,0.045210931450128555,0
8524377424,8524377423,0,0.06531972438097,0
8524377268,2372986954,0,0.0772157832980156,0
8524377268,8524377257,0,0.12027525901794434,0
318008377,8524377352,0,0.21731899678707123,0
318008377,317214367,0,0.17743082344532013,0
8524377352,8524377397,0,0.2306128293275833,0
8524377352,8524377390,0,0.23204347491264343,0
318008993,8597850732,0,0.23024441301822662,0
8597850732,8597595616,0,0.22575783729553223,0
8597850732,318124488,0,0.1775902956724167,0
318008994,8597726398,0,0.07087491452693939,0
8597726398,8594190022,0,0.14120958745479584,0
8597726398,318008996,0,0.07858385890722275,0
318008996,8594190018,0,0.09861750900745392,0
318008996,8594905538,0,0.11603938788175583,0
318008996,318132246,0,0.049243319779634476,0
8594190018,318008996,0,0.09861750900745392,0
8594190018,318011530,0,0.08727333694696426,0
8594190018,8594190022,0,0.1610589623451233,0
8594905538,318010197,0,0.09961206465959549,0
8594905538,318008996,0,0.11603938788175583,0
8594905538,8594905543,0,0.20373831689357758,0
318132246,8594190017,0,0.05891698971390724,0
318132246,8594905536,0,0.064237579703331,0
318009165,8524377238,0,0.1489752233028412,0
8524377238,2372986954,0,0.12017562985420227,0
8524377238,8524377257,0,0.1651999056339264,0
318009167,8604452553,0,0.1959766298532486,0
318009167,8604987232,0,0.2489217221736908,0
318009167,8524377237,0,0.20606176555156708,0
8604987232,318127538,0,0.2421569675207138,0
8604987232,318009167,0,0.2489217221736908,0
8604987232,8604987224,0,0.2813399136066437,0
8524377237,8524377253,0,0.1086164265871048,0
8604987223,8604987222,0,0.4581308960914612,1
8604987223,318127110,0,0.40468981862068176,1
3738800532,8604987224,0,0.37257322669029236,1
3738800532,318127538,0,0.3555259704589844,1
10115690588,10115690587,0,0.3926229774951935,1
10115690588,318129688,0,0.3578246533870697,1
318009340,8524377354,0,0.19104348123073578,0
318009340,318009341,0,0.15744030475616455,0
8524377354,8597726382,0,0.1756550371646881,0
8524377354,318011629,0,0.18561787903308868,0
318009341,8524377359,0,0.13513046503067017,0
318009341,318011684,0,0.11555439978837967,0
8524377359,318009341,0,0.13513046503067017,0
8524377359,318010197,0,0.08742095530033112,0
8524377359,8524377354,0,0.1685723513364792,0
318011684,8524377364,0,0.11125854402780533,0
318011684,318007584,0,0.06830854713916779,0
318010197,8594905538,0,0.09961206465959549,0
318010197,8524377359,0,0.08742095530033112,0
318010197,318125116,0,0.10215330123901367,0
318125116,8594171406,0,0.09450706094503403,0
318125116,8594171408,0,0.10584644228219986,0
318011530,318132225,0,0.048162709921598434,0
318011530,318072316,0,0.04981129616498947,0
318011530,8594190018,0,0.08727333694696426,0
318132225,8594171400,0,0.037198688834905624,0
318132225,318011530,0,0.048162709921598434,0
318132225,3745225540,0,0.10643544048070908,0
318072316,8597595584,0,0.07298789173364639,0
318072316,318011530,0,0.04981129616498947,0
318011627,8597595613,0,0.34469568729400635,1
318011627,318011628,0,0.22778213024139404,0
8597595613,8597732630,0,0.3287182152271271,1
8597595613,8597833400,0,0.3433433771133423,1
318011628,8597595610,0,0.10697797685861588,0
318011628,8597726385,0,0.21232089400291443,0
318011628,8597595587,0,0.12188363820314407,0
8597595610,318011628,0,0.10697797685861588,0
8597595610,318124488,0,0.09375492483377457,0
8597595610,8597595613,0,0.22389152646064758,0
8597726385,318011677,0,0.26959118247032166,0
8597726385,318011628,0,0.21232089400291443,0
8597726385,8597726381,0,0.31662675738334656,1
8597595587,8597726369,0,0.149247407913208,0
318011629,8597726370,0,0.16618531942367554,0
8597726370,8594905543,0,0.20118758082389832,0
8597726370,318010197,0,0.09869420528411865,0
318011677,8597726385,0,0.26959118247032166,0
318011677,318007559,0,0.2046782523393631,0
8524377364,318011684,0,0.11125854402780533,0
8524377364,8594171408,0,0.08271549642086029,0
8524377364,8524377359,0,0.13021618127822876,0
318124488,8597595615,0,0.1558799147605896,0
318124488,8597595610,0,0.09375492483377457,0
318124488,8597595586,0,0.12728610634803772,0
8597595586,8597726400,0,0.11213072389364243,0
8594171406,8594905535,0,0.02726658619940281,0
8594171408,8524377364,0,0.08271549642086029,0
8594171408,8594171406,0,0.026853207498788834,0
318127110,8604452558,0,0.30715474486351013,1
318127110,318009167,0,0.31228333711624146,1
8604452558,318127110,0,0.30715474486351013,1
8604452558,8604987222,0,0.3708263337612152,1
318127538,8604987232,0,0.2421569675207138,0
318127538,318129841,0,0.4041867256164551,1
318127538,318127912,0,0.21222259104251862,0
318129841,318127538,0,0.4041867256164551,1
318129841,318138416,0,0.45004802942276,1
318129841,318129688,0,0.43996769189834595,1
318127912,318127913,0,0.13619796931743622,0
318127908,318127909,0,0.16306664049625397,0
318127909,318127912,0,0.1758119910955429,0
318127909,8604987232,0,0.205993190407753,0
318127913,318127917,0,0.15873582661151886,0
318127913,4398501865,0,0.12935888767242432,0
318127917,318127918,0,0.18496392667293549,0
4398501865,4398501869,0,0.19830214977264404,0
318127918,318127908,0,0.15249864757061005,0
318127918,8524377391,0,0.1508324146270752,0
8524377391,318008377,0,0.17150680720806122,0
318129688,318129841,0,0.43996769189834595,1
318129688,317065461,0,0.279938668012619,0
318138416,8669055712,0,0.3559599220752716,1
318138416,318138401,0,0.26742833852767944,0
318138416,318129841,0,0.45004802942276,1
8594171400,318132225,0,0.037198688834905624,0
8594171400,3745224470,0,0.03794769570231438,0
3745225540,318132246,0,0.0969637855887413,0
3745225540,8594190018,0,0.14537625014781952,0
8594190017,8594171416,0,0.06425468623638153,0
8594190017,8594190033,0,0.07197913527488708,0
8594905536,318125116,0,0.1379939615726471,0
8594905536,8594905538,0,0.12868137657642365,0
318134755,3739930129,0,0.30205100774765015,1
318134755,12183448426,0,0.2130613774061203,0
12183448426,8610259755,0,0.261677622795105,0
12183448426,318138401,0,0.19300326704978943,0
318135954,318136212,0,0.1602882444858551,0
318135954,8500166051,0,0.1673325002193451,0
318135954,8500166578,0,0.13238154351711273,0
318136212,8548625605,0,0.18397878110408783,0
318136212,318136122,0,0.22490589320659637,0
8500166051,8500166083,0,0.20824314653873444,0
8500166578,8573574807,0,0.11007219552993774,0
8500166578,318135954,0,0.13238154351711273,0
318136122,4398501862,0,0.24284887313842773,0
4398501862,318127917,0,0.21982744336128235,0
4398501862,4398501865,0,0.19719617068767548,0
8548625605,318136212,0,0.18397878110408783,0
8548625605,5335976470,0,0.15411615371704102,0
8548625605,8500166051,0,0.185786634683609,0
318138401,8658864219,0,0.22750034928321838,0
318138401,318138416,0,0.26742833852767944,0
318138401,4398501863,0,0.2634272277355194,0
8658864219,318138401,0,0.22750034928321838,0
8658864219,8610259755,0,0.29617470502853394,0
4398501863,4398501872,0,0.2375563085079193,0
8669055712,318138416,0,0.3559599220752716,1
8669055712,8669055711,0,0.31061485409736633,1
318141150,8627861894,0,0.20247024297714233,0
318141150,8649582726,0,0.16713561117649078,0
8627861894,318141150,0,0.20247024297714233,0
8627861894,11974770436,0,0.2118314802646637,0
8627861894,11974774332,0,0.18120378255844116,0
8649582726,8649566309,0,0.20872072875499725,0
318141156,8627861883,0,0.2513633370399475,0
318141156,320707453,0,0.21295659244060516,0
8627861883,318141156,0,0.2513633370399475,0
8627861883,8662159321,0,0.1725199669599533,0
8627861883,8627861888,0,0.2365891933441162,0
320707453,320706385,0,0.156821146607399,0
318141242,8649582728,0,0.2787487208843231,0
318141242,318141401,0,0.2561708092689514,0
318141242,320775742,0,0.22543488442897797,0
8649582728,318141242,0,0.2787487208843231,0
8649582728,8649582725,0,0.15941978991031647,0
318141401,10273179497,0,0.1638547033071518,0
318141401,329505678,0,0.17324912548065186,0
320775742,318141242,0,0.22543488442897797,0
320775742,8662159346,0,0.1543518751859665,0
320775742,3736984135,0,0.10244931280612946,0
318141386,8601859382,0,0.30658158659935,1
318141386,8598592969,0,0.3048832416534424,1
318141386,8606512324,0,0.3332251310348511,1
8601859382,318141386,0,0.30658158659935,1
8601859382,8598592923,0,0.2774433493614197,0
8601859382,8601859387,0,0.2706018388271332,0
8598592969,317205412,0,0.28156593441963196,0
8598592969,8598592965,0,0.2770693302154541,0
8606512324,318141386,0,0.3332251310348511,1
8606512324,8606512329,0,0.38268399238586426,1
10273179497,318141401,0,0.1638547033071518,0
10273179497,329397099,0,0.16563667356967926,0
10273179497,8649582728,0,0.1864326149225235,0
329505678,320775821,0,0.2440151870250702,0
329505678,12088889297,0,0.21077090501785278,0
318141446,329397099,0,0.19631703197956085,0
318141446,8649582741,0,0.3096703588962555,1
329397099,318141446,0,0.19631703197956085,0
329397099,10273179497,0,0.16563667356967926,0
329397099,329399183,0,0.2026219367980957,0
8649582741,8649582740,0,0.3745417594909668,1
8649582741,8659091193,0,0.4377550780773163,1
318141456,8601859343,0,0.34883809089660645,1
318141456,7492213135,0,0.393559992313385,1
8601859343,8649582741,0,0.3597446382045746,1
8601859343,318141446,0,0.28001928329467773,0
7492213135,7492213136,0,0.3799495995044708,1
7492213135,7492213137,0,0.3602454364299774,1
318141823,8543786076,0,0.29732924699783325,0
318141823,318141825,0,0.3324612081050873,1
8543786076,8543786077,0,0.29108938574790955,0
8543786076,11938742556,0,0.37392812967300415,1
318141825,318141823,0,0.3324612081050873,1
318141825,319322397,0,0.3510027229785919,1
319322397,319322398,0,0.368655264377594,1
318141828,318141825,0,0.33713802695274353,1
318261730,319854972,0,0.05855895206332207,0
319854972,319318593,0,0.02234976552426815,0
319854972,318261730,0,0.05855895206332207,0
319854972,319853609,0,0.019956383854150772,0
319854972,319854966,0,0.014715353958308697,0
318261759,5596658811,0,0.013720394112169743,0
318261759,319318593,0,0.01935909502208233,0
318261759,319316245,0,0.010558279231190681,0
5596658811,318261759,0,0.013720394112169743,0
5596658811,319314863,0,0.010900936089456081,0
5596658811,5844113329,0,0.02091233991086483,0
319318593,318261759,0,0.01935909502208233,0
319318593,319854972,0,0.02234976552426815,0
319318593,319854966,0,0.017742250114679337,0
319318593,319318596,0,0.031211890280246735,0
319851054,318265797,0,0.022959722205996513,0
319851054,319851102,0,0.03229701519012451,0
319851054,8586258140,0,0.07460860162973404,0
319851054,7857530320,0,0.04200252145528793,0
8502566523,2290116949,0,0.050428103655576706,0
8502566523,319851102,0,0.024928098544478416,0
8502566523,318265797,0,0.015590804629027843,0
8642473640,318265897,0,0.13604822754859924,0
8642473640,320194288,0,0.13322776556015015,0
8642473640,8530450422,0,0.08254795521497726,0
319884004,8642282785,0,0.08398164063692093,0
319884004,318265897,0,0.13894960284233093,0
319260869,8650531683,0,0.2554277777671814,0
319260869,8650531704,0,0.23101887106895447,0
8650531683,9873800373,0,0.3222762942314148,1
8650531683,8650531684,0,0.26282405853271484,0
8650531704,317058899,0,0.25013935565948486,0
319260963,8650531703,0,0.2522485554218292,0
319260963,319260869,0,0.18807846307754517,0
8650531703,8654425273,0,0.23308992385864258,0
319261195,8654425261,0,0.27390000224113464,0
319261195,319261538,0,0.2287779599428177,0
8654425261,8654425258,0,0.277020663022995,0
8654425261,319261535,0,0.38034823536872864,1
319261538,8654425270,0,0.15667608380317688,0
319261538,8654425272,0,0.16905538737773895,0
319261530,8650531692,0,0.3513038754463196,1
319261530,319261807,0,0.3635919690132141,1
319261530,8650531700,0,0.3364604413509369,1
8650531692,319261530,0,0.3513038754463196,1
8650531692,8650508269,0,0.351117342710495,1
8650531692,320702834,0,0.4020041227340698,1
319261807,319261603,0,0.39746999740600586,1
319261807,319261530,0,0.3635919690132141,1
319261807,319261808,0,0.44650042057037354,1
319261807,8654425273,0,0.25240978598594666,0
8650531700,319260963,0,0.2542877197265625,0
8650531700,8650531703,0,0.3290954530239105,1
319261535,11974606129,0,0.4192050099372864,1
319261535,319261603,0,0.4505985677242279,1
319261535,319261288,0,0.4899067282676697,1
11974606129,319261535,0,0.4192050099372864,1
11974606129,8654425258,0,0.3159004747867584,1
319261603,319261535,0,0.4505985677242279,1
319261603,319261807,0,0.39746999740600586,1
319261603,317062277,0,0.4615940749645233,1
319261603,8654425270,0,0.2720484733581543,0
319261288,8485885538,0,0.44444775581359863,1
319261288,8657744326,0,0.49645134806632996,1
8654425270,319261538,0,0.15667608380317688,0
8654425270,8654425261,0,0.20179812610149384,0
8654425270,319261603,0,0.2720484733581543,0
8654425272,8654425273,0,0.14551115036010742,0
8654425272,8650531706,0,0.1712934821844101,0
317062277,319261603,0,0.4615940749645233,1
317062277,319261808,0,0.5106245279312134,1
319261808,8657744337,0,0.5033830404281616,1
319261808,319261807,0,0.44650042057037354,1
319261808,320703049,0,0.48599857091903687,1
8654425273,8654425272,0,0.14551115036010742,0
8654425273,8654425270,0,0.12744750082492828,0
8654425273,319261807,0,0.25240978598594666,0
319266999,319267788,0,0.21496550738811493,0
319266999,11974606125,0,0.2124122679233551,0
319267788,319266999,0,0.21496550738811493,0
11974606125,319261195,0,0.2268025279045105,0
319270941,8650478506,0,0.15485799312591553,0
8650478506,8650726155,0,0.18365658819675446,0
8650478506,8650508222,0,0.15932583808898926,0
319271048,8650508238,0,0.20239968597888947,0
8650508238,8650441362,0,0.18581904470920563,0
8650508238,8650508235,0,0.284262478351593,0
319271239,319273825,0,0.24872438609600067,0
319271239,319273825,1,0.24872438609600067,0
319271239,8650508232,0,0.2765282094478607,0
319273825,319271240,0,0.2888396680355072,0
319273825,319271239,0,0.24872438609600067,0
319273825,319271239,1,0.24872438609600067,0
8650508232,319272141,0,0.24902071058750153,0
8650508232,319271239,0,0.2765282094478607,0
8650508232,8650508234,0,0.22326886653900146,0
319271240,8650508269,0,0.3500934839248657,1
319271240,319273825,0,0.2888396680355072,0
319271240,320702332,0,0.42116761207580566,1
8650508269,319271240,0,0.3500934839248657,1
8650508269,8650531692,0,0.351117342710495,1
8650508269,8650508241,0,0.3045082986354828,1
320702332,320702335,0,0.44938960671424866,1
320702332,317198182,0,0.42895257472991943,1
319272141,8650508232,0,0.24902071058750153,0
319272141,3155747871,0,0.20254892110824585,0
319272141,319272156,0,0.22196486592292786,0
3155747871,3155747875,0,0.21958176791667938,0
3155747871,319272141,0,0.20254892110824585,0
3155747871,319320603,0,0.25791114568710327,0
319272156,8650508226,0,0.21023552119731903,0
319272156,8650549905,0,0.18816442787647247,0
8650508226,3663083894,0,0.32015934586524963,1
8650508226,8650508232,0,0.24540473520755768,0
8650549905,8650549906,0,0.20629003643989563,0
8650549905,3738636982,0,0.185228168964386,0
319283186,8559092521,0,0.134972482919693,0
319283186,319283223,0,0.06492415815591812,0
8559092521,8655213123,0,0.17914177477359772,0
8559092521,320585811,0,0.19362236559391022,0
319283223,320586234,0,0.058401644229888916,0
319283223,8559092521,0,0.10262579470872879,0
320586234,319283223,0,0.058401644229888916,0
320586234,11166210157,0,0.0862559899687767,0
320586234,320585811,0,0.14939820766448975,0
319283613,8650441338,0,0.20798629522323608,0
319283613,7070909280,0,0.28842905163764954,0
8650441338,319283613,0,0.20798629522323608,0
8650441338,8650441345,0,0.2356976568698883,0
7070909280,7070909330,0,0.3549092411994934,1
319283616,319320782,0,0.2606828212738037,0
319283616,8650862401,0,0.25217923521995544,0
319320782,8650441345,0,0.2482147365808487,0
319320782,319283616,0,0.2606828212738037,0
319320782,319320780,0,0.1847604364156723,0
8650862401,8650862402,0,0.23452481627464294,0
8650862401,8650508222,0,0.17159073054790497,0
319283619,8650670296,0,0.2357843965291977,0
319283619,319321010,0,0.1420116126537323,0
8650670296,8650862401,0,0.2654251456260681,0
8650670296,319283616,0,0.3066056966781616,1
319321010,8662343889,0,0.14299587905406952,0
319321010,319321118,0,0.17365813255310059,0
319321010,8528833419,0,0.14787708222866058,0
319283920,7070909275,0,0.3246387541294098,1
7070909275,7070909278,0,0.20201949775218964,0
319283930,7070909212,0,0.4292815029621124,1
319283930,7070909221,0,0.3514951765537262,1
7070909212,7070909216,0,0.48976030945777893,1
7070909221,8309152618,0,0.2831476926803589,0
319285400,320701452,0,0.46275052428245544,1
319285400,7070905119,0,0.5462967753410339,1
319285400,11166210156,0,0.6318329572677612,1
320701452,3663083881,0,0.3793960213661194,1
320701452,8662351447,0,0.3689945638179779,1
7070905119,7070905121,0,0.5489286780357361,1
7070905119,319285400,0,0.5462967753410339,1
11166210156,319285400,0,0.6318329572677612,1
319308449,319308665,0,0.025013234466314316,0
319308665,5906620544,0,0.01391306146979332,0
319308665,319308684,0,0.02187005802989006,0
319308665,319308449,0,0.025013234466314316,0
5906620544,319308665,0,0.01391306146979332,0
5906620544,8559046184,0,0.011645839549601078,0
5906620544,319308684,0,0.01738228090107441,0
319308684,3153970157,0,0.015274949371814728,0
319308684,5906620544,0,0.01738228090107441,0
319308684,319308665,0,0.02187005802989006,0
3153970157,319308684,0,0.015274949371814728,0
3153970157,8578006960,0,0.024271352216601372,0
3153970157,319309037,0,0.02516884356737137,0
319309030,8578006978,0,0.15639442205429077,0
319309030,8577939459,0,0.09684590995311737,0
8578006978,319309037,0,0.10737643390893936,0
8577939459,8577939460,0,0.08418983966112137,0
8577939459,5187420925,0,0.0505409762263298,0
319309037,8577939459,0,0.04785143584012985,0
319309037,3153970157,0,0.02516884356737137,0
319309050,6956336164,0,0.06486319750547409,0
319309050,8577939458,0,0.08838539570569992,0
319309050,8536083382,0,0.05525847524404526,0
6956336164,6956336065,0,0.1401062160730362,0
6956336164,319309050,0,0.06486319750547409,0
8577939458,8577939460,0,0.1142156794667244,0
8577939458,319309050,0,0.08838539570569992,0
8536083382,8536083412,0,0.11996954679489136,0
8536083382,319309050,0,0.05525847524404526,0
319309062,8499641189,0,0.03185216709971428,0
8499641189,8536091417,0,0.05820509418845177,0
8499641189,6956336161,0,0.061992812901735306,0
319311067,8524377328,0,0.1080634742975235,0
319311067,1906053733,0,0.07238896191120148,0
8524377328,8531787369,0,0.14185482263565063,0
8524377328,8531787367,0,0.09425400197505951,0
1906053733,1906053731,0,0.0900634154677391,0
1906053733,1906053718,0,0.058272965252399445,0
4083607800,319314863,0,0.008313369005918503,0
4083607800,5596730362,0,0.008881263434886932,0
4083607800,12609285918,0,0.012238719500601292,0
319854930,319316245,0,0.007442299276590347,0
319854930,319316405,0,0.007919014431536198,0
319854930,319854966,0,0.008817036636173725,0
319854930,1316029427,0,0.007708507589995861,0
319316405,319854930,0,0.007919014431536198,0
319316405,319317208,0,0.013687709346413612,0
319316405,319854966,0,0.009241449646651745,0
319317208,319316405,0,0.013687709346413612,0
319854966,319316405,0,0.009241449646651745,0
319854966,319318593,0,0.017742250114679337,0
319854966,319854972,0,0.014715353958308697,0
319854966,319854930,0,0.008817036636173725,0
319320603,319320694,0,0.33835670351982117,1
319320603,3155747871,0,0.25791114568710327,0
319320694,8650441346,0,0.32231155037879944,1
319320694,8650397054,0,0.3076695203781128,1
8650441346,319320603,0,0.31505557894706726,1
8650441346,319320694,0,0.32231155037879944,1
8650441346,319321118,0,0.2569459080696106,0
8650397054,319320795,0,0.255586177110672,0
8650397054,319320694,0,0.3076695203781128,1
319320754,8528833427,0,0.12118489295244217,0
319320754,3738684780,0,0.17647556960582733,0
8528833427,319320773,0,0.1279192715883255,0
8528833427,8528777791,0,0.15797775983810425,0
3738684780,8650397054,0,0.22559493780136108,0
3738684780,319320754,0,0.17647556960582733,0
319320759,8528777789,0,0.29037731885910034,0
319320759,3185278593,0,0.2930087149143219,0
8528777789,8528777792,0,0.2572154402732849,0
8528777789,8658990896,0,0.29940491914749146,0
3185278593,319323784,0,0.2466987669467926,0
3185278593,319320759,0,0.2930087149143219,0
3185278593,3154084016,0,0.3124222159385681,1
3185278593,319844550,0,0.18299047648906708,0
319320773,3738634613,0,0.1602911800146103,0
319320773,8528833420,0,0.15799061954021454,0
3738634613,8528833425,0,0.11152471601963043,0
8528833420,8528833419,0,0.14786815643310547,0
8528833420,8662343889,0,0.13799092173576355,0
319320780,8528833425,0,0.11342373490333557,0
319320780,8650441345,0,0.2044626772403717,0
8528833425,3738634613,0,0.11152471601963043,0
8528833425,8528833420,0,0.1092686578631401,0
8528833425,319320780,0,0.11342373490333557,0
8650441345,319320782,0,0.2482147365808487,0
8650441345,8650441338,0,0.2356976568698883,0
319320795,3738684780,0,0.21132345497608185,0
319320795,8650397054,0,0.255586177110672,0
319320795,2022807326,0,0.20024098455905914,0
2022807326,2426398323,0,0.1859378218650818,0
2022807326,3154084016,0,0.2595023810863495,0
2022807326,8527351554,0,0.216645747423172,0
2022807326,319320795,0,0.20024098455905914,0
319320808,8650556721,0,0.2049449384212494,0
319320808,3155747870,0,0.21736709773540497,0
319320808,319321118,0,0.2232777178287506,0
8650556721,319320808,0,0.2049449384212494,0
8650556721,8650862404,0,0.23801103234291077,0
3155747870,3155747863,0,0.25377213954925537,0
3155747870,8650549907,0,0.20057520270347595,0
319321118,8650441346,0,0.2569459080696106,0
319321118,319321010,0,0.17365813255310059,0
319321118,319320808,0,0.2232777178287506,0
8662343889,319321010,0,0.14299587905406952,0
8662343889,8650670296,0,0.23664197325706482,0
8528833419,319320754,0,0.17191432416439056,0
8528833419,8528833427,0,0.11759670078754425,0
319322025,319323613,0,0.16161410510540009,0
319322025,8527147147,0,0.2027275562286377,0
319323613,8528833429,0,0.13665325939655304,0
319323613,8528782150,0,0.11659424751996994,0
8527147147,319323605,0,0.21728166937828064,0
8527147147,319323613,0,0.1667674034833908,0
319322048,2345150716,0,0.24315117299556732,0
2345150716,2345150715,0,0.19107027351856232,0
319322149,8528777789,0,0.26120200753211975,0
319322149,319320759,0,0.29128196835517883,0
319322157,8528777807,0,0.21688203513622284,0
319322157,319322160,0,0.2179589420557022,0
8528777807,319322157,0,0.21688203513622284,0
8528777807,12338742994,0,0.23859763145446777,0
319322160,319322162,0,0.16723886132240295,0
319322160,8528777807,0,0.19990381598472595,0
319322162,319322160,0,0.16723886132240295,0
319322162,319322163,0,0.20321759581565857,0
319322163,8528782158,0,0.2337079644203186,0
319322163,319322025,0,0.23558124899864197,0
8528782158,8528777815,0,0.18192560970783234,0
319322398,2993130557,0,0.39456281065940857,1
319322398,8643108666,0,0.34455734491348267,1
2993130557,319322403,0,0.32771214842796326,1
8643108666,320594936,0,0.3128902018070221,1
8643108666,7070909282,0,0.2895488739013672,0
8643108666,320594736,0,0.20840807259082794,0
319322403,8659203447,0,0.2949051558971405,0
319322403,11936982415,0,0.3173849284648895,1
8659203447,8659203451,0,0.33574947714805603,1
11936982415,319322409,0,0.4085727632045746,1
319322409,318141823,0,0.3743171989917755,1
319322409,319322397,0,0.38951438665390015,1
319323572,319844550,0,0.19807982444763184,0
319323572,319323575,0,0.2595762312412262,0
319844550,319323572,0,0.19807982444763184,0
319844550,319323784,0,0.16410407423973083,0
319844550,3185278593,0,0.18299047648906708,0
319323575,11955000971,0,0.2480553686618805,0
319323575,319323572,0,0.2595762312412262,0
11955000971,11955000970,0,0.29771390557289124,0
11955000971,319323575,0,0.2480553686618805,0
319323579,8528782146,0,0.1764741837978363,0
319323579,8528782157,0,0.15076671540737152,0
8528782146,8528782153,0,0.23115390539169312,0
8528782146,7070927025,0,0.1397283524274826,0
8528782157,8528782146,0,0.20038533210754395,0
8528782157,319840896,0,0.18267051875591278,0
319323605,8527147147,0,0.21728166937828064,0
319323605,11955000971,0,0.2487451732158661,0
8528833429,8528833428,0,0.16967537999153137,0
8528782150,319323579,0,0.11741990596055984,0
8528782150,11953878650,0,0.1878827065229416,0
319323735,319323738,0,0.23772582411766052,0
319323735,8496444820,0,0.2706286311149597,0
319323738,8496444846,0,0.23441536724567413,0
319323738,319323742,0,0.21437692642211914,0
319323738,319323735,0,0.23772582411766052,0
8496444820,319323735,0,0.2706286311149597,0
8496444820,319323724,0,0.26696667075157166,0
8527228280,319323742,0,0.2021113634109497,0
8527228280,8527351547,0,0.25171390175819397,0
8527228280,8527228298,0,0.20809270441532135,0
319323752,3154084016,0,0.27604570984840393,0
319323752,319844651,0,0.26262348890304565,0
319323752,8528782161,0,0.1778482049703598,0
3154084016,319323752,0,0.27604570984840393,0
3154084016,2022807326,0,0.2595023810863495,0
3154084016,3185278593,0,0.3124222159385681,1
319844651,2345390435,0,0.2470760941505432,0
319844651,319323784,0,0.280179500579834,0
319844651,319323752,0,0.26262348890304565,0
8528782161,8527351551,0,0.16007307171821594,0
8528782161,319323752,0,0.1778482049703598,0
319323775,3738702882,0,0.16899198293685913,0
3738702882,8528782161,0,0.14322695136070251,0
3738702882,8527351551,0,0.14028622210025787,0
319323784,319840896,0,0.2100776582956314,0
319323784,319844550,0,0.16410407423973083,0
319323784,319844651,0,0.280179500579834,0
319323784,3185278593,0,0.2466987669467926,0
319840896,8658992021,0,0.20041202008724213,0
319840896,319323784,0,0.2100776582956314,0
319840896,2347009372,0,0.23609672486782074,0
319840896,8528782157,0,0.18267051875591278,0
8527228274,8527228275,0,0.21876902878284454,0
8527228274,2502838975,0,0.24280458688735962,0
8527228275,8528782166,0,0.19392244517803192,0
8527228275,8528782167,0,0.23752611875534058,0
319324218,319324219,0,0.2368607521057129,0
319324219,2345162705,0,0.27209970355033875,0
319324219,320703933,0,0.2970060408115387,0
2345162705,319324222,0,0.255756139755249,0
320703933,320703936,0,0.33173930644989014,1
319324222,320700477,0,0.2692810297012329,0
319324222,319324223,0,0.2463650107383728,0
320700477,319324222,0,0.2692810297012329,0
320700477,320700141,0,0.23063543438911438,0
319324223,319324226,0,0.2847672998905182,0
319324223,319843725,0,0.18182814121246338,0
319324226,319324242,0,0.39251792430877686,1
319324226,319841044,0,0.25652122497558594,0
319843725,319324223,0,0.18182814121246338,0
319843725,319843872,0,0.07911742478609085,0
319843725,319841044,0,0.15356048941612244,0
319324242,8527351589,0,0.4173884689807892,1
319841044,319841142,0,0.17220689356327057,0
319841044,319843725,0,0.15356048941612244,0
319841044,319324226,0,0.25652122497558594,0
8527351589,8528833461,0,0.2753402292728424,0
8527351589,8527351584,0,0.32193878293037415,1
319324247,8658990852,0,0.3160330355167389,1
319324247,319324218,0,0.27816733717918396,0
8658990852,319324247,0,0.3160330355167389,1
8658990852,319324218,0,0.24964559078216553,0
8658990852,8527351576,0,0.28933918476104736,0
319326803,319326806,0,0.45304030179977417,1
319326803,3745246803,0,0.41355034708976746,1
319326806,8643419523,0,0.4358081519603729,1
319326806,319326805,0,0.4436604976654053,1
3745246803,319326806,0,0.41645529866218567,1
3745246803,8528025741,0,0.4174123704433441,1
319326805,8643419526,0,0.4627821147441864,1
319326805,7070868003,0,0.4102199375629425,1
8643419526,319326803,0,0.4721619486808777,1
8643419526,8532029548,0,0.41070178151130676,1
7070868003,319326133,0,0.411648154258728,1
7070868003,8643419520,0,0.42913052439689636,1
8643419523,319326805,0,0.4235233664512634,1
8643419523,8643419520,0,0.4424339532852173,1
319333622,319340425,0,0.018638724461197853,0
319333622,320514762,0,0.016033269464969635,0
319340425,319333622,0,0.018638724461197853,0
320514762,320514725,0,0.023830480873584747,0
320514762,8524316715,0,0.08942067623138428,0
319840439,7182321332,0,0.04529218748211861,0
319840439,319840730,0,0.09361185878515244,0
319840439,319840589,0,0.05715182051062584,0
7182321332,319840439,0,0.04529218748211861,0
7182321332,3155733730,0,0.06115863844752312,0
319840589,320770544,0,0.11107437312602997,0
319840589,320718778,0,0.07239848375320435,0
319840589,320771669,0,0.08468367159366608,0
319840589,319840439,0,0.05715182051062584,0
319840522,6352319698,0,0.15057061612606049,0
319840522,9603092917,0,0.1661188155412674,0
319840522,8497045515,0,0.15851575136184692,0
319840522,319844022,0,0.13315676152706146,0
6352319698,319840522,0,0.15057061612606049,0
6352319698,319843872,0,0.1100502759218216,0
6352319698,8497045515,0,0.1614663153886795,0
9603092917,319840522,0,0.1661188155412674,0
8497045515,317059878,0,0.2513498365879059,0
8497045515,319840522,0,0.15851575136184692,0
319844022,319840522,0,0.13315676152706146,0
319844022,319843950,0,0.14823852479457855,0
319844022,3745233313,0,0.0905284509062767,0
320770544,319840658,0,0.19241350889205933,0
320770544,319840589,0,0.11107437312602997,0
320770544,320770505,0,0.1987050175666809,0
320718778,319840589,0,0.07239848375320435,0
320718778,4477965877,0,0.05546377971768379,0
320718778,7182277454,0,0.05760815367102623,0
320771669,319843950,0,0.1287325769662857,0
320771669,319840589,0,0.08468367159366608,0
320771669,3155736753,0,0.0713830441236496,0
8658992021,319840896,0,0.20041202008724213,0
8658992021,8527120661,0,0.2188079059123993,0
2347009372,319322048,0,0.28485745191574097,0
2347009372,319840896,0,0.23609672486782074,0
319840897,8527351561,0,0.23361638188362122,0
319840897,319840898,0,0.18955175578594208,0
8527351561,8527351572,0,0.24458833038806915,0
8527351561,2345133351,0,0.1990954726934433,0
319840898,8527049113,0,0.16756029427051544,0
319840898,8528833460,0,0.223911315202713,0
8527049113,8527351568,0,0.18362613022327423,0
8527049113,8527351571,0,0.19701430201530457,0
8528833460,8528833459,0,0.2527775168418884,0
8528833460,3154079304,0,0.2695732116699219,0
319840925,8610259791,0,0.14649882912635803,0
319840925,8610259789,0,0.1878044307231903,0
8610259791,8610259771,0,0.15305903553962708,0
8610259789,2627197779,0,0.15855981409549713,0
8610259789,8610259791,0,0.17766089737415314,0
319841142,319841044,0,0.17220689356327057,0
319841142,3154079306,0,0.10862340778112411,0
319841142,319843475,0,0.15645036101341248,0
319841087,319842086,0,0.11072251945734024,0
319841087,2627197727,0,0.10335147380828857,0
319841087,319841112,0,0.1388700157403946,0
319842086,319841087,0,0.11072251945734024,0
319842086,13335362004,0,0.11238129436969757,0
2627197727,319841087,0,0.10335147380828857,0
2627197727,2627197749,0,0.09545344114303589,0
2627197727,2627197714,0,0.14365282654762268,0
319841112,319841116,0,0.13817249238491058,0
319841112,319841087,0,0.1388700157403946,0
319841112,2627197749,0,0.11531093716621399,0
319841112,8527049108,0,0.17978188395500183,0
319841116,319841137,0,0.16201336681842804,0
319841116,319841112,0,0.13817249238491058,0
319841116,8527351571,0,0.17826426029205322,0
319841116,2627197779,0,0.10608606785535812,0
2627197749,319841112,0,0.11531093716621399,0
2627197749,2627197779,0,0.10494556277990341,0
2627197749,2627197727,0,0.09545344114303589,0
8527049108,319841112,0,0.17978188395500183,0
8527049108,8527055519,0,0.1731933206319809,0
319841137,319841116,0,0.16201336681842804,0
319841137,3154079306,0,0.1341170072555542,0
319841137,3154079300,0,0.2142619490623474,0
8527351571,319841116,0,0.17826426029205322,0
8527351571,8527351568,0,0.203528493642807,0
2627197779,319841116,0,0.10608606785535812,0
2627197779,8610259789,0,0.15855981409549713,0
2627197779,319843475,0,0.1345781534910202,0
2627197779,2627197749,0,0.10494556277990341,0
3154079306,319841142,0,0.10862340778112411,0
3154079306,319841137,0,0.1341170072555542,0
3154079306,3154079300,0,0.16396409273147583,0
3154079300,8527055518,0,0.22537922859191895,0
3154079300,3154079306,0,0.16396409273147583,0
3154079300,319841137,0,0.2142619490623474,0
319843475,319843526,0,0.14154548943042755,0
319843475,319841142,0,0.15645036101341248,0
319843475,2627197779,0,0.1345781534910202,0
13335362004,13335362002,0,0.1539464294910431,0
13335362004,320705352,0,0.15018895268440247,0
319843526,319843475,0,0.14154548943042755,0
319843526,320770505,0,0.1877487152814865,0
319843526,319843962,0,0.14031670987606049,0
319843962,319843949,0,0.1848853975534439,0
319843962,319843526,0,0.14031670987606049,0
319843962,319843893,0,0.11322317272424698,0
319843872,319843893,0,0.06147883087396622,0
319843872,320700406,0,0.18277524411678314,0
319843872,6352319698,0,0.1100502759218216,0
319843872,319843725,0,0.07911742478609085,0
319843893,319843872,0,0.06147883087396622,0
319843893,319843962,0,0.11322317272424698,0
319843893,319843949,0,0.12956295907497406,0
320700406,319843872,0,0.18277524411678314,0
320700406,320700477,0,0.3076228201389313,1
319843949,319843962,0,0.1848853975534439,0
319843949,319843950,0,0.18873566389083862,0
319843949,320770700,0,0.10646848380565643,0
319843949,319843893,0,0.12956295907497406,0
319843950,319843949,0,0.18873566389083862,0
319843950,319844022,0,0.14823852479457855,0
319843950,320771669,0,0.1287325769662857,0
320770700,319843949,0,0.10646848380565643,0
2345390435,2345150715,0,0.1738710105419159,0
2345390435,8528782167,0,0.2120257169008255,0
2345390435,319844651,0,0.2470760941505432,0
319844922,8642922563,0,0.28160300850868225,0
319844922,8642922587,0,0.21454305946826935,0
8642922563,8642953540,0,0.2991022765636444,0
8642922563,3737148943,0,0.2504591643810272,0
8642922587,8642922588,0,0.23212379217147827,0
319845075,8659203455,0,0.3538380265235901,1
319845075,320596876,0,0.33777645230293274,1
8659203455,8860294366,0,0.39505520462989807,1
320596876,8451855744,0,0.23267629742622375,0
320596876,11974770466,0,0.2262755185365677,0
319845456,11974714971,0,0.22569651901721954,0
319845456,3737148943,0,0.2118147909641266,0
11974714971,11974714972,0,0.2161758542060852,0
11974714971,11974669152,0,0.21670135855674744,0
3737148943,8642953540,0,0.2172907590866089,0
3737148943,319845456,0,0.2118147909641266,0
319845832,8556786664,0,0.22055070102214813,0
319845832,3737148075,0,0.1505344957113266,0
8556786664,8556786702,0,0.20486696064472198,0
3737148075,8556786653,0,0.1676957607269287,0
3737148075,320776215,0,0.15800893306732178,0
319845930,8556786834,0,0.1256631314754486,0
319845930,325666175,0,0.19375404715538025,0
8556786834,8556786833,0,0.10774365067481995,0
325666175,8556786713,0,0.16165952384471893,0
325666175,3155759987,0,0.13808375597000122,0
319846083,6956287028,0,0.31654947996139526,1
319846083,8634814123,0,0.33699026703834534,1
6956287028,6956287075,0,0.264215886592865,0
8634814123,11974669096,0,0.32140249013900757,1
319846596,6956336112,0,0.12351920455694199,0
319846596,8577400332,0,0.09207576513290405,0
6956336112,8527105014,0,0.15046542882919312,0
6956336112,8527105001,0,0.09266459941864014,0
8577400332,3748759032,0,0.11854598671197891,0
8577400332,8577400328,0,0.14512880146503448,0
319846782,8556741779,0,0.15204167366027832,0
8556741779,8556786713,0,0.15316694974899292,0
8556741779,8523150164,0,0.15946947038173676,0
319846789,8485928568,0,0.07937560230493546,0
319846789,3155760366,0,0.11891104280948639,0
319846789,3155765327,0,0.05720248818397522,0
8485928568,319846789,0,0.07937560230493546,0
8485928568,8485928561,0,0.08348825573921204,0
8485928568,8657998536,0,0.07655675709247589,0
3155760366,8556786836,0,0.14111603796482086,0
3155760366,3155765335,0,0.10419566184282303,0
3155760366,8523150160,0,0.19024808704853058,0
3155765327,319846789,0,0.05720248818397522,0
3155765327,8481822483,0,0.03591935336589813,0
3155765327,3155765335,0,0.04366016760468483,0
319846964,8485928561,0,0.10001426190137863,0
319846964,319846972,0,0.13697466254234314,0
8485928561,8485928568,0,0.08348825573921204,0
8485928561,319846964,0,0.10001426190137863,0
319846972,319846964,0,0.13697466254234314,0
319846972,11974642796,0,0.137092724442482,0
11974642796,11974642803,0,0.11682546138763428,0
11974642796,11974642819,0,0.18021537363529205,0
11974642796,11974651948,0,0.1456264853477478,0
319848625,5187423429,0,0.016558082774281502,0
319848625,319853623,0,0.01683003269135952,0
319848625,8581746094,0,0.01869826763868332,0
5187423429,8499372871,0,0.016073863953351974,0
5187423429,319848625,0,0.016558082774281502,0
5187423429,8577812212,0,0.01612122729420662,0
5187423429,8502541330,0,0.014133253134787083,0
319853623,4083611907,0,0.03624456003308296,0
319853623,319849457,0,0.030201928690075874,0
319853623,319848625,0,0.01683003269135952,0
319853623,319853609,0,0.01695210114121437,0
8581746094,5187412920,0,0.014954623766243458,0
8581746094,319848625,0,0.01869826763868332,0
8581746094,8497162498,0,0.0398186556994915,0
8581746094,8577812212,0,0.018446369096636772,0
319849457,319853623,0,0.030201928690075874,0
319851102,319851901,0,0.05835122987627983,0
319851102,8502566523,0,0.024928098544478416,0
319851102,319851054,0,0.03229701519012451,0
8586258140,319851054,0,0.07460860162973404,0
8586258140,319851068,0,0.10589537769556046,0
8586258140,8499372827,0,0.0801747664809227,0
319851068,8502231979,0,0.13588060438632965,0
319851068,8586258140,0,0.10589537769556046,0
319851068,8499372871,0,0.06479774415493011,0
319851068,8499346396,0,0.09126948565244675,0
8502231979,319851068,0,0.13588060438632965,0
8502231979,8502541326,0,0.17161370813846588,0
8502231979,317076951,0,0.12039965391159058,0
8499372871,319851068,0,0.06479774415493011,0
8499372871,5187423429,0,0.016073863953351974,0
8499372871,8499372874,0,0.02885504812002182,0
8499346396,8499372874,0,0.057179998606443405,0
8499346396,8499372827,0,0.053041011095047,0
8499346396,319851068,0,0.09126948565244675,0
8499346396,8502237948,0,0.06496678292751312,0
319851901,8634479130,0,0.0474148690700531,0
319851901,8634451373,0,0.04853254184126854,0
319851901,319851102,0,0.05835122987627983,0
8634479130,319851901,0,0.0474148690700531,0
8634479130,8634479169,0,0.016770467162132263,0
8634451373,8634451372,0,0.06833983957767487,0
8634451373,8635498314,0,0.04401189833879471,0
319851922,8634451375,0,0.06416215747594833,0
319851922,8634451374,0,0.05735276639461517,0
8634451375,8634451376,0,0.10212928801774979,0
8634451375,8600977385,0,0.1410944163799286,0
8634451374,8634451375,0,0.07269539684057236,0
8634451374,8632125397,0,0.04043635353446007,0
319852127,8628911251,0,0.11836352944374084,0
8628911251,8628911252,0,0.13992410898208618,0
8628911251,8600977400,0,0.11619805544614792,0
319853114,6028112405,0,0.15586473047733307,0
319853114,11909545311,0,0.09014349430799484,0
6028112405,316920585,0,0.15590666234493256,0
6028112405,6028112400,0,0.183425635099411,0
11909545311,11909545312,0,0.042705632746219635,0
11909545311,2290116949,0,0.04729757830500603,0
11909545311,319853114,0,0.09014349430799484,0
319853609,5596652238,0,0.02354569546878338,0
319853609,319853856,0,0.03753437474370003,0
319853609,319853623,0,0.01695210114121437,0
319853609,319854972,0,0.019956383854150772,0
319853856,319853609,0,0.03753437474370003,0
8642282785,8634479169,0,0.04061966761946678,0
8642282785,319851901,0,0.07135039567947388,0
8530429593,319884230,0,0.06979064643383026,0
8530429593,3154044489,0,0.03950973600149155,0
8530429593,8530429598,0,0.11485814303159714,0
8530450449,8530450448,0,0.15275859832763672,0
8530450449,8530450442,0,0.15402422845363617,0
8650758942,320186852,0,0.24209286272525787,0
8650758942,319884230,0,0.1367812603712082,0
319884328,8646715553,0,0.14225399494171143,0
319884328,8646715564,0,0.13673235476016998,0
8646715553,8646715552,0,0.10080800205469131,0
8646715553,8646715603,0,0.12302415072917938,0
8646715564,320177074,0,0.18134617805480957,0
8646715564,8646715553,0,0.1095227301120758,0
320167429,8600977389,0,0.09371262788772583,0
320167429,320176155,0,0.0962425172328949,0
8600977389,8600977386,0,0.05259082838892937,0
8600977389,319852127,0,0.05153554305434227,0
320176155,320176476,0,0.044328026473522186,0
320176155,320167429,0,0.0962425172328949,0
320176476,320176155,0,0.044328026473522186,0
320176476,325657945,0,0.03133324161171913,0
325657945,320177074,0,0.15028470754623413,0
325657945,320176476,0,0.03133324161171913,0
325657945,6028298660,0,0.047350212931632996,0
320177074,325657945,0,0.15028470754623413,0
320177074,8646715564,0,0.18134617805480957,0
320177074,320584136,0,0.27057817578315735,0
320584136,8610864977,0,0.38123634457588196,1
320584136,320177074,0,0.27057817578315735,0
320584136,320186847,0,0.2206767052412033,0
320186847,8650758933,0,0.18734702467918396,0
320186847,320584136,0,0.2206767052412033,0
8650758933,320186852,0,0.26588332653045654,0
8650758933,8650758942,0,0.19201526045799255,0
320186852,320186893,0,0.23095814883708954,0
320186893,320194288,0,0.1600141078233719,0
320186893,320186847,0,0.15242184698581696,0
320295303,2383631920,0,0.042840730398893356,0
320295303,8644288036,0,0.14570191502571106,0
320295303,320578741,0,0.052485883235931396,0
2383631920,320295303,0,0.042840730398893356,0
2383631920,2383631937,0,0.00682813860476017,0
2383631920,8597637178,0,0.008608720265328884,0
8644288036,6028112363,0,0.1787796914577484,0
8644288036,320295303,0,0.14570191502571106,0
8644288036,8644288040,0,0.19413542747497559,0
320578741,8586245764,0,0.036746010184288025,0
320578741,320295303,0,0.052485883235931396,0
320578741,6028109560,0,0.04635021463036537,0
320488646,8597637178,0,0.011543509550392628,0
320488646,320500025,0,0.012533069588243961,0
320488646,6895666534,0,0.011643598787486553,0
320488646,319333622,0,0.013198801316320896,0
8597637178,320488646,0,0.011543509550392628,0
8597637178,2383631920,0,0.008608720265328884,0
320500025,320488646,0,0.012533069588243961,0
320500025,320499970,0,0.008110783994197845,0
320500025,6895666534,0,0.008976137265563011,0
6895666534,320488646,0,0.011643598787486553,0
6895666534,316790716,0,0.008356688544154167,0
6895666534,320500025,0,0.008976137265563011,0
320499970,320500025,0,0.008110783994197845,0
320499970,320499985,0,0.013150036334991455,0
320499970,6178116553,0,0.007227079477161169,0
320499970,316791271,0,0.0070398044772446156,0
320499985,320499970,0,0.013150036334991455,0
6178116553,320499970,0,0.007227079477161169,0
6178116553,320502090,0,0.008583870716392994,0
6178116553,320514725,0,0.017444847151637077,0
316791271,320499970,0,0.0070398044772446156,0
316791271,316790716,0,0.008175180293619633,0
316791271,320511639,0,0.008946734480559826,0
320514725,320514762,0,0.023830480873584747,0
320514725,6178116553,0,0.017444847151637077,0
320514725,3747291579,0,0.15716658532619476,0
3747291579,320514725,0,0.15716658532619476,0
3747291579,8528025752,0,0.4407767653465271,1
3747291579,320582851,0,0.2920033633708954,0
8524316715,8524316716,0,0.1398506909608841,0
8524316715,320582851,0,0.22721847891807556,0
320542213,320542212,0,0.04063144326210022,0
320542213,316786700,0,0.04682716727256775,0
8496111788,8496111787,0,0.036176227033138275,0
8496111788,319311880,0,0.031305763870477676,0
320578024,320579307,0,0.09184083342552185,0
320578024,8585026557,0,0.029520096257328987,0
320578024,4435535438,0,0.024352705106139183,0
320579307,8646848028,0,0.19426469504833221,0
320579307,5456734461,0,0.09108699858188629,0
320579307,320578024,0,0.09184083342552185,0
8585026557,320578434,0,0.029543783515691757,0
8585026557,8585026601,0,0.03631263226270676,0
8585026557,320578024,0,0.029520096257328987,0
8585026557,8585672451,0,0.02384781837463379,0
4435535438,4428541071,0,0.01819104142487049,0
4435535438,320578024,0,0.024352705106139183,0
4435535438,8585026601,0,0.031145241111516953,0
320578434,8585026557,0,0.029543783515691757,0
320578434,8586245764,0,0.03617856279015541,0
320578434,8585026601,0,0.036258358508348465,0
8586245764,320578434,0,0.03617856279015541,0
8586245764,320578741,0,0.036746010184288025,0
8586245764,8586245772,0,0.039633482694625854,0
8585026601,8585026557,0,0.03631263226270676,0
8585026601,8597484862,0,0.03313164412975311,0
8585026601,320578434,0,0.036258358508348465,0
8585026601,4435535438,0,0.031145241111516953,0
6028109560,320578741,0,0.04635021463036537,0
6028109560,6028109557,0,0.038754407316446304,0
6028109560,6028109583,0,0.07993380725383759,0
6028109560,8644288024,0,0.05776043236255646,0
8646848028,320579307,0,0.19426469504833221,0
8646848028,8646848019,0,0.2259785383939743,0
5456734461,320579307,0,0.09108699858188629,0
5456734461,7091105484,0,0.049388859421014786,0
320580790,8643720227,0,0.20181582868099213,0
320580790,6028298629,0,0.18087886273860931,0
320580790,8646848019,0,0.19407592713832855,0
8643720227,8643075793,0,0.19068269431591034,0
8643720227,320580790,0,0.20181582868099213,0
6028298629,11255018825,0,0.255462646484375,0
6028298629,6028298618,0,0.12868143618106842,0
6028298629,320580790,0,0.18087886273860931,0
8646848019,8646848028,0,0.2259785383939743,0
8646848019,320580790,0,0.19407592713832855,0
320580801,8643711610,0,0.23762130737304688,0
8643711610,8643711611,0,0.23892968893051147,0
8643711610,8647690638,0,0.18170534074306488,0
320580921,8643720225,0,0.19570526480674744,0
320580921,8647693428,0,0.18843023478984833,0
8643720225,8646715586,0,0.2042151689529419,0
8643720225,8643001333,0,0.23013393580913544,0
8647693428,320580956,0,0.18904724717140198,0
320580956,8643720224,0,0.16812895238399506,0
320580956,8642990093,0,0.1595645397901535,0
8643720224,8647693429,0,0.1991899460554123,0
8643720224,8643001331,0,0.18388505280017853,0
8642990093,320580801,0,0.22164054214954376,0
8642990093,329150106,0,0.2692405879497528,0
320580984,8643001332,0,0.14419522881507874,0
320580984,319884328,0,0.16510671377182007,0
8643001332,8643001331,0,0.15200144052505493,0
8643001332,8647693429,0,0.16732794046401978,0
320581281,320580984,0,0.17747347056865692,0
320582851,8524316717,0,0.31509289145469666,1
320582851,3747291579,0,0.2920033633708954,0
8524316717,8523961078,0,0.2847616374492645,0
8524316717,7070788120,0,0.34646451473236084,1
320582872,320582873,0,0.32418587803840637,1
320582872,6028298646,0,0.26219767332077026,0
320582872,6028298638,0,0.3172045350074768,1
320582873,320582872,0,0.32418587803840637,1
320582873,11255018825,0,0.3360503613948822,1
6028298646,320582872,0,0.26219767332077026,0
6028298646,8523961078,0,0.2262101173400879,0
6028298646,4295824329,0,0.2534426152706146,0
6028298638,4295824329,0,0.30828627943992615,1
6028298638,8548248526,0,0.3253612220287323,1
11255018825,6028298629,0,0.255462646484375,0
11255018825,6028298618,0,0.20297428965568542,0
8610864977,320584136,0,0.38123634457588196,1
8610864977,8598586304,0,0.5271650552749634,1
320585352,8659091199,0,0.26526007056236267,0
320585352,8659091197,0,0.21111086010932922,0
8659091199,320585352,0,0.26526007056236267,0
8659091199,7070909240,0,0.36040350794792175,1
8659091199,320595448,0,0.3125433623790741,1
8659091197,320594736,0,0.18544268608093262,0
8659091197,8659091198,0,0.1608159840106964,0
8659091197,320594734,0,0.18561409413814545,0
320585460,8655188901,0,0.11130832880735397,0
8655188901,8655213141,0,0.1208723857998848,0
8655188901,320586345,0,0.06560998409986496,0
320585802,8655213212,0,0.18422003090381622,0
8655213212,317065806,0,0.18992500007152557,0
8655213212,8654611163,0,0.17798329889774323,0
320585811,8631743432,0,0.21303606033325195,0
320585811,8655188914,0,0.17705415189266205,0
320585811,320586234,0,0.14939820766448975,0
8631743432,8655188913,0,0.21529458463191986,0
8631743432,320587192,0,0.21548154950141907,0
8655188914,320585811,0,0.17705415189266205,0
8655188914,327366246,0,0.1302415281534195,0
8655188914,8655213123,0,0.1619652658700943,0
320586226,8659447211,0,0.22442597150802612,0
8659447211,6956231504,0,0.2287067472934723,0
8659447211,8659447200,0,0.1970149725675583,0
11166210157,320586234,0,0.0862559899687767,0
320586345,8633956587,0,0.09008331596851349,0
8633956587,320589429,0,0.09568890929222107,0
8633956587,8655213135,0,0.1069662943482399,0
320586567,8655213136,0,0.09783536940813065,0
320586567,8655213184,0,0.19558869302272797,0
8655213136,320586345,0,0.07293594628572464,0
8655213136,8655213141,0,0.12819834053516388,0
8655213184,8655213185,0,0.1682942509651184,0
320586568,8655213187,0,0.20424625277519226,0
8655213187,320587254,0,0.09772775322198868,0
8655213187,8654611156,0,0.13505612313747406,0
320586591,8559092425,0,0.26201507449150085,0
320586591,7070862696,0,0.2797521650791168,0
320586591,8559092432,0,0.2300039529800415,0
8559092425,320586591,0,0.26201507449150085,0
8559092425,12376112271,0,0.331346333026886,1
7070862696,7070862692,0,0.2976040840148926,0
7070862696,329106239,0,0.30126920342445374,1
8559092432,8573818039,0,0.24865226447582245,0
8559092432,320586591,0,0.2300039529800415,0
320586690,8559092456,0,0.17370659112930298,0
8559092456,8559092451,0,0.22174978256225586,0
8559092456,8560186018,0,0.2732073962688446,0
320586773,8559092423,0,0.3937339186668396,1
320586773,8559092375,0,0.3201315402984619,1
8559092423,11385811183,0,0.4566887617111206,1
8559092423,329129631,0,0.28856661915779114,0
8559092375,329118587,0,0.24300892651081085,0
8559092375,8559092352,0,0.3343297243118286,1
320587192,11463156792,0,0.22940735518932343,0
320587192,320585802,0,0.208115354180336,0
320587192,327310770,0,0.2012617290019989,0
11463156792,320587192,0,0.22940735518932343,0
11463156792,8655188911,0,0.15427657961845398,0
320587193,320587254,0,0.21447235345840454,0
320587193,320587199,0,0.2462088167667389,0
320587254,8655213205,0,0.15486906468868256,0
320587254,320587193,0,0.21447235345840454,0
320587254,8655188903,0,0.12401168793439865,0
320587199,8659447215,0,0.1733897626399994,0
320587199,320586568,0,0.21050123870372772,0
8659447215,11463156805,0,0.25017470121383667,0
8655213205,320587254,0,0.15486906468868256,0
8655213205,8654611156,0,0.17634449899196625,0
8655188903,8655213209,0,0.15809035301208496,0
320587509,8655213144,0,0.16067391633987427,0
320587509,320585460,0,0.16441962122917175,0
320587509,8610864984,0,0.1612696796655655,0
8655213144,320587509,0,0.16067391633987427,0
8655213144,8654611168,0,0.23029237985610962,0
8655213144,8655213160,0,0.26410621404647827,0
8610864984,320589332,0,0.23821300268173218,0
8610864984,320587509,0,0.1612696796655655,0
320588033,8655443926,0,0.14757461845874786,0
8655443926,3292066359,0,0.14665766060352325,0
8655443926,8659447174,0,0.19760465621948242,0
320588035,320588038,0,0.15366984903812408,0
320588035,8655508686,0,0.27915725111961365,0
320588038,320588265,0,0.1670987606048584,0
8655508686,3154099292,0,0.4356221556663513,1
8655508686,8655508687,0,0.38308098912239075,1
320588265,327397425,0,0.1849873960018158,0
320588265,320588033,0,0.15983282029628754,0
327397425,8559092526,0,0.1475825309753418,0
327397425,8659447180,0,0.2108878195285797,0
320589332,8597921441,0,0.24833740293979645,0
320589332,327017037,0,0.298370361328125,0
8597921441,8597921440,0,0.2788052260875702,0
8597921441,8597921339,0,0.2323487401008606,0
327017037,8597921444,0,0.30509063601493835,1
327017037,8601837888,0,0.49065351486206055,1
320589429,8597921423,0,0.1269826591014862,0
320589429,8597921379,0,0.13602890074253082,0
8597921423,8659447174,0,0.20885968208312988,0
8597921423,3292066359,0,0.14710769057273865,0
8597921379,8610864984,0,0.17212800681591034,0
8597921379,320589332,0,0.2421400398015976,0
320594734,320594736,0,0.13416102528572083,0
320594734,318141828,0,0.22409340739250183,0
320594736,320594734,0,0.13416102528572083,0
320594736,8659091197,0,0.18544268608093262,0
320594736,7070909270,0,0.20808474719524384,0
320594736,8643108666,0,0.20840807259082794,0
7070909270,7070909271,0,0.24702540040016174,0
7070909270,320594736,0,0.20808474719524384,0
320594936,8643108666,0,0.3128902018070221,1
320594936,2993130557,0,0.3618158996105194,1
320595359,8655213171,0,0.31751641631126404,1
320595359,12006546845,0,0.3015954792499542,1
8655213171,8659142046,0,0.3426051735877991,1
8655213171,9708542302,0,0.3913077414035797,1
12006546845,12006546846,0,0.33781954646110535,1
12006546845,12006546844,0,0.37297946214675903,1
320595448,320595359,0,0.27875545620918274,0
320596284,8860294365,0,0.3731497526168823,1
320596284,320596522,0,0.3991735875606537,1
8860294365,8451855738,0,0.34777718782424927,1
8860294365,320596522,0,0.41721975803375244,1
320596522,320596295,0,0.4481111168861389,1
320596287,320596284,0,0.39852046966552734,1
320596292,8860294356,0,0.47217848896980286,1
320596292,8658073320,0,0.4916446805000305,1
8860294356,320596797,0,0.4027581512928009,1
8860294356,8658073320,0,0.5032010674476624,1
8658073320,320596662,0,0.47943317890167236,1
320596295,320596519,0,0.47238415479660034,1
320596295,8860294360,0,0.48093369603157043,1
320596519,320596292,0,0.4762059450149536,1
8860294360,12088708715,0,0.39278244972229004,1
8860294360,320596519,0,0.5003392696380615,1
320596662,8860294353,0,0.4377169609069824,1
320596662,320596287,0,0.4390682280063629,1
8860294353,8658073327,0,0.46547454595565796,1
8860294353,320596287,0,0.4405860900878906,1
8658186511,12088708715,0,0.3938913345336914,1
8658186511,320596797,0,0.41658303141593933,1
320596875,12088708715,0,0.30301910638809204,1
320596875,8658186511,0,0.4202343225479126,1
12088708715,320596875,0,0.30301910638809204,1
12088708715,8860294360,0,0.39278244972229004,1
12088708715,12088708710,0,0.318325400352478,1
8451855744,12088708710,0,0.26348093152046204,0
8451855744,320596876,0,0.23267629742622375,0
8451855744,8659203455,0,0.25595465302467346,0
11974770466,3292066472,0,0.2276781052350998,0
11974770466,11974770468,0,0.18021799623966217,0
320597088,8860294367,0,0.46154266595840454,1
8860294367,319845075,0,0.4051016569137573,1
8860294367,8642842974,0,0.390010803937912,1
320662660,8562870364,0,0.5904192924499512,1
320662660,8562870350,0,0.5993919968605042,1
8562870364,11953258688,0,0.5062255859375,1
8562870364,11953258688,1,0.5062255859375,1
8562870350,320662660,0,0.5993919968605042,1
8562870350,8562870344,0,0.5098986625671387,1
320700141,320700459,0,0.15578587353229523,0
320700141,2502838975,0,0.20560359954833984,0
320700459,11250321679,0,0.220844104886055,0
320700459,3745233545,0,0.2127600610256195,0
2502838975,2345150724,0,0.2239786833524704,0
2502838975,320700141,0,0.20560359954833984,0
2502838975,8527228274,0,0.24280458688735962,0
11250321679,320700406,0,0.2932991087436676,0
3745233545,11250321679,0,0.27325373888015747,0
3745233545,317059878,0,0.3028683364391327,1
320701443,320701445,0,0.34165897965431213,1
320701445,320701452,0,0.37194615602493286,1
320701445,7070905119,0,0.45497748255729675,1
3663083881,320701554,0,0.3447977900505066,1
3663083881,3663083835,0,0.32738232612609863,1
8662351447,8559092508,0,0.347463458776474,1
8662351447,8560186019,0,0.39208731055259705,1
320701459,12323012847,0,0.3453630805015564,1
320701459,320701443,0,0.3467836081981659,1
12323012847,12323012846,0,0.3183748126029968,1
12323012847,8650478507,0,0.2055661827325821,0
320701554,320701459,0,0.3424079716205597,1
320702335,328989636,0,0.38833436369895935,1
320702335,7070866536,0,0.34306374192237854,1
328989636,320702341,0,0.408334344625473,1
328989636,3663083863,0,0.40978512167930603,1
7070866536,328989636,0,0.33029693365097046,1
7070866536,8559092546,0,0.26992368698120117,0
320702341,320702332,0,0.4693896174430847,1
320702341,8650508269,0,0.39798012375831604,1
320703936,320703945,0,0.28502851724624634,0
320703936,2345162716,0,0.3511006236076355,1
320703945,2345162694,0,0.3283381462097168,1
2345162716,2347009372,0,0.3249550461769104,1
2345162716,319322048,0,0.3306215703487396,1
2345162694,320703933,0,0.3750489354133606,1
2345162694,2345162705,0,0.35014256834983826,1
320705342,320705348,0,0.19655786454677582,0
320705348,13335362002,0,0.15767993032932281,0
320705348,320705352,0,0.1539224535226822,0
13335362002,3735563291,0,0.16241417825222015,0
320705352,320705355,0,0.11695278435945511,0
320705355,317097477,0,0.09052026271820068,0
320705355,320705342,0,0.15958818793296814,0
320706327,320706330,0,0.3191099464893341,1
320706327,8631923925,0,0.23190900683403015,0
320706330,11974770454,0,0.27314087748527527,0
8631923925,320707451,0,0.13317079842090607,0
11974770454,11974770465,0,0.3034578859806061,1
11974770454,11974669114,0,0.298136442899704,0
320706334,320706858,0,0.2927321791648865,0
320706334,317066703,0,0.2894260585308075,0
320706858,11974669127,0,0.2254745066165924,0
320706384,320707453,0,0.16984044015407562,0
320706384,8627861883,0,0.20820274949073792,0
320706385,8631923925,0,0.1282324343919754,0
320706385,11974770462,0,0.16334189474582672,0
11974770462,320706330,0,0.19891218841075897,0
11974770462,11974770465,0,0.20402000844478607,0
11974669127,6956130226,0,0.2412920445203781,0
11974669127,11974714992,0,0.21912485361099243,0
320707451,320707452,0,0.12715299427509308,0
320707451,6956248640,0,0.21852269768714905,0
320707452,320706384,0,0.13521787524223328,0
6956248640,6956248657,0,0.2145618051290512,0
6956248640,6956248634,0,0.2832491397857666,0
320711048,8631908311,0,0.2653800845146179,0
320711048,8631908287,0,0.16173286736011505,0
8631908311,8643108557,0,0.30870336294174194,1
8631908311,5302825208,0,0.3236663341522217,1
8631908287,320772162,0,0.10472316294908524,0
8631908287,8631908316,0,0.15144675970077515,0
320711050,320711048,0,0.22493915259838104,0
320711050,8556786809,0,0.1521083414554596,0
8556786809,8642922589,0,0.15859219431877136,0
320711668,8642922586,0,0.22593367099761963,0
8642922586,320772237,0,0.17935161292552948,0
8642922586,8642922596,0,0.2690843939781189,0
320711856,8642922614,0,0.1524432897567749,0
320711856,8860136862,0,0.13158085942268372,0
8642922614,8642922615,0,0.1997162401676178,0
8642922614,8860161034,0,0.21267472207546234,0
8860136862,8860136848,0,0.1395442634820938,0
8610259772,319840925,0,0.13120734691619873,0
4477965877,320718778,0,0.05546377971768379,0
4477965877,7182462990,0,0.05161266401410103,0
7182277454,3155733705,0,0.1354149580001831,0
7182277454,320718778,0,0.05760815367102623,0
320771983,5302825179,0,0.12798972427845,0
320771983,319846972,0,0.15032601356506348,0
5302825179,320771983,0,0.12798972427845,0
5302825179,320772009,0,0.11108774691820145,0
5302825179,5302825174,0,0.12707653641700745,0
320771985,8860136866,0,0.21236461400985718,0
320771985,320772009,0,0.12317503243684769,0
320771985,8860136849,0,0.1603812873363495,0
8860136866,320771985,0,0.21236461400985718,0
8860136866,6956191299,0,0.2056758850812912,0
320772009,320771985,0,0.12317503243684769,0
320772009,5302825179,0,0.11108774691820145,0
320772009,5302825174,0,0.11620233207941055,0
320772009,8631908302,0,0.1058763787150383,0
8860136849,8860136863,0,0.15530067682266235,0
8860136849,8642922580,0,0.16558222472667694,0
5302825174,320772009,0,0.11620233207941055,0
5302825174,6956130185,0,0.16222622990608215,0
8631908302,8631908303,0,0.1166473850607872,0
8631908302,6956130196,0,0.07369518280029297,0
320772162,8631908302,0,0.10754699259996414,0
320772162,320772009,0,0.10331690311431885,0
320772237,8642922571,0,0.10238943248987198,0
320772237,320772256,0,0.15001937747001648,0
8642922571,8642922572,0,0.14358438551425934,0
8659203471,320772256,0,0.2705974578857422,0
8659203471,8642953431,0,0.3059196174144745,1
320775738,329526003,0,0.2021169662475586,0
320775738,320775818,0,0.17865653336048126,0
320775738,8649530181,0,0.16519160568714142,0
329526003,320775738,0,0.2021169662475586,0
329526003,3736983986,0,0.18467293679714203,0
329526003,329588098,0,0.2169352024793625,0
320775818,8662159346,0,0.18006016314029694,0
320775818,320775738,0,0.17865653336048126,0
320775818,8649530190,0,0.1720903068780899,0
8649530181,8649530180,0,0.15123070776462555,0
8649530181,8662159325,0,0.11555199325084686,0
8662159346,320775818,0,0.18006016314029694,0
8662159346,320775742,0,0.1543518751859665,0
8662159346,8662159321,0,0.17174439132213593,0
3736984135,320776068,0,0.17279531061649323,0
3736984135,320775742,0,0.10244931280612946,0
8649530190,8649530188,0,0.17567798495292664,0
320775821,10273179495,0,0.30358225107192993,1
320775821,8662083043,0,0.3276691436767578,1
10273179495,10273179496,0,0.2566421627998352,0
10273179495,329397451,0,0.29011085629463196,0
8662083043,8662075274,0,0.36842435598373413,1
8662083043,8662075245,0,0.26240822672843933,0
320775912,8662075270,0,0.2578900158405304,0
320775912,322494565,0,0.26295962929725647,0
320775912,329448074,0,0.22089830040931702,0
8662075270,320775912,0,0.2578900158405304,0
8662075270,329450931,0,0.2716508209705353,0
8662075270,8662075273,0,0.22345900535583496,0
322494565,322494046,0,0.2358464151620865,0
322494565,322494512,0,0.2472994178533554,0
322494565,320775912,0,0.26295962929725647,0
329448074,8662075260,0,0.2061500996351242,0
329448074,11152330370,0,0.22130654752254486,0
320775999,8560627733,0,0.14190874993801117,0
320775999,8560627732,0,0.13302402198314667,0
320775999,320776013,0,0.1496557891368866,0
8560627733,320775999,0,0.14190874993801117,0
8560627733,8649467741,0,0.1638297736644745,0
8560627732,5906640473,0,0.09678933024406433,0
320776013,329588098,0,0.2164420485496521,0
320776013,8560627732,0,0.18803276121616364,0
329588098,320776013,0,0.2164420485496521,0
329588098,320775738,0,0.2137271761894226,0
320776068,12088889293,0,0.28470277786254883,0
320776068,8649530189,0,0.2886502742767334,0
12088889293,12088889296,0,0.25137507915496826,0
8649530189,8649530197,0,0.25539088249206543,0
320776072,8662075245,0,0.19551119208335876,0
320776072,8662075274,0,0.30235740542411804,1
8662075245,8662075246,0,0.13860848546028137,0
8662075245,8649530195,0,0.17244143784046173,0
8662075274,10273179499,0,0.2981114983558655,0
320776190,3737148951,0,0.15544193983078003,0
320776190,3153979241,0,0.18141593039035797,0
3737148951,8451839482,0,0.11927589774131775,0
3737148951,2372986963,0,0.15369071066379547,0
3153979241,6956292961,0,0.15663328766822815,0
3153979241,6956292960,0,0.1565563827753067,0
320776200,9768752254,0,0.1853734850883484,0
320776200,317076165,0,0.1491812914609909,0
9768752254,9768752253,0,0.2339373677968979,0
320776215,8556786650,0,0.1514146476984024,0
320776215,6956287036,0,0.2058819681406021,0
320776215,8556786721,0,0.1929752230644226,0
8556786650,320776215,0,0.1514146476984024,0
8556786650,3153979281,0,0.1429254561662674,0
8556786650,8556786653,0,0.16110147535800934,0
6956287036,6956287039,0,0.22287382185459137,0
8556786721,8556786675,0,0.2139400988817215,0
8556786721,320776215,0,0.1929752230644226,0
320776237,329535474,0,0.13199472427368164,0
320776237,6956248654,0,0.13852067291736603,0
329535474,8662159324,0,0.12347954511642456,0
6956248654,6956248657,0,0.16697999835014343,0
6956248654,6956248642,0,0.20143118500709534,0
320776413,8662075285,0,0.09149768948554993,0
320776413,329568047,0,0.13234843313694,0
320776413,8662075247,0,0.16650259494781494,0
8662075285,320776413,0,0.09149768948554993,0
8662075285,8560307713,0,0.10996506363153458,0
8662075285,8662083030,0,0.06165742129087448,0
329568047,329475736,0,0.085335373878479,0
329568047,10719550041,0,0.1110277846455574,0
329568047,320776413,0,0.13234843313694,0
8662075247,320776072,0,0.21052192151546478,0
8662075247,8662075258,0,0.1614583283662796,0
320776596,8649543968,0,0.24231278896331787,0
320776596,322494512,0,0.22202478349208832,0
320776596,320776598,0,0.20608823001384735,0
320776596,8598592923,0,0.2506883144378662,0
8649543968,10273179489,0,0.23988595604896545,0
8649543968,320776596,0,0.24231278896331787,0
322494512,322494565,0,0.2472994178533554,0
322494512,320776596,0,0.22202478349208832,0
322494512,8610981270,0,0.27384093403816223,0
320776598,320776596,0,0.20608823001384735,0
320776598,8601859380,0,0.26834070682525635,0
320776598,8649543970,0,0.19517403841018677,0
8598592923,8601859382,0,0.2774433493614197,0
8598592923,8598592919,0,0.28361764550209045,0
8598592923,320776596,0,0.2506883144378662,0
8601859380,8598592969,0,0.3019629120826721,1
8601859380,320776598,0,0.26834070682525635,0
8601859380,8601859382,0,0.3036612570285797,1
8649543970,3736984575,0,0.17721925675868988,0
8649543970,320776598,0,0.19517403841018677,0
8649543970,8649543974,0,0.21897263824939728,0
322494046,8662075273,0,0.19954149425029755,0
322494046,322494565,0,0.2358464151620865,0
322494046,320775912,0,0.23385527729988098,0
8662075273,322494046,0,0.19954149425029755,0
8662075273,8598592938,0,0.2516234815120697,0
8662075273,8662159364,0,0.2264229953289032,0
8610981270,3155775134,0,0.3305780291557312,1
8610981270,322494512,0,0.27384093403816223,0
6028298660,325657945,0,0.047350212931632996,0
6028298660,8629185982,0,0.07487223297357559,0
325662658,3155775131,0,0.22306466102600098,0
325662658,8610864981,0,0.2675824463367462,0
325662658,8601859387,0,0.23823831975460052,0
3155775131,325662658,0,0.22306466102600098,0
3155775131,8662159361,0,0.2902349531650543,0
3155775131,8598592941,0,0.26175639033317566,0
8610864981,325662658,0,0.2675824463367462,0
8610864981,8530429582,0,0.29089418053627014,0
8601859387,325662859,0,0.2966170012950897,0
8601859387,325662658,0,0.23823831975460052,0
8601859387,8601859395,0,0.30557548999786377,1
325662859,8601859387,0,0.2966170012950897,0
325662859,318141386,0,0.3322673738002777,1
325665778,8556786830,0,0.09528972953557968,0
325665778,319845930,0,0.15276269614696503,0
325665778,3155759987,0,0.09867656975984573,0
8556786830,325665778,0,0.09528972953557968,0
8556786830,3155752780,0,0.0690419003367424,0
8556786830,8556786828,0,0.04011281579732895,0
3155759987,325665778,0,0.09867656975984573,0
3155759987,8523150164,0,0.08022323995828629,0
8556786713,325666175,0,0.16165952384471893,0
8556786713,3155759992,0,0.09613879770040512,0
8556786713,8556786834,0,0.09723992645740509,0
325773804,6956248658,0,0.23837102949619293,0
325773804,12088896771,0,0.23158983886241913,0
6956248658,6956248653,0,0.2311081886291504,0
6956248658,8451839505,0,0.27830687165260315,0
12088896771,8556786666,0,0.21234703063964844,0
327016312,8597921399,0,0.4580288231372833,1
327016312,8597921392,0,0.38944458961486816,1
8597921399,8597921400,0,0.48471665382385254,1
8597921392,8597921311,0,0.3712064027786255,1
8597921392,327017737,0,0.3198348879814148,1
8597921444,327017037,0,0.30509063601493835,1
8597921444,8659447133,0,0.3276298940181732,1
8597921444,8597921441,0,0.2550576627254486,0
8601837888,8594974756,0,0.7611537575721741,1
8601837888,329682332,0,0.5133440494537354,1
327017737,8597921307,0,0.32198062539100647,1
8597921307,8597921292,0,0.3125869929790497,1
8597921307,8597921319,0,0.3500124216079712,1
327366246,8655188914,0,0.1302415281534195,0
327366246,8659447518,0,0.1486169993877411,0
8659447518,8659447185,0,0.20463359355926514,0
8659447518,327366246,0,0.1486169993877411,0
327397157,8659447180,0,0.24395468831062317,0
327397157,8559092408,0,0.26346564292907715,0
327397157,320586226,0,0.25303342938423157,0
8659447180,327397157,0,0.24395468831062317,0
8659447180,327397425,0,0.2108878195285797,0
8659447180,8655410063,0,0.23046566545963287,0
8559092408,329105755,0,0.2585604786872864,0
8559092408,327397157,0,0.26346564292907715,0
8559092408,8560173552,0,0.22162263095378876,0
8559092526,8655213186,0,0.17866136133670807,0
328979598,8559092546,0,0.23328882455825806,0
328979598,8560173602,0,0.23244895040988922,0
328979598,8646363228,0,0.3611302673816681,1
8559092546,328979598,0,0.23328882455825806,0
8559092546,7070866536,0,0.26992368698120117,0
8560173602,8560173600,0,0.23989947140216827,0
8560173602,8560173603,0,0.29149681329727173,0
8646363228,8646363227,0,0.4774722754955292,1
8646363228,329037413,0,0.5471237897872925,1
3663083863,8654619484,0,0.4566341042518616,1
329037413,8646363227,0,0.5144545435905457,1
329037413,8559092555,0,0.511092483997345,1
8646363227,8646363228,0,0.4774722754955292,1
8646363227,8559092546,0,0.34963083267211914,1
8559092555,8643038664,0,0.5382676720619202,1
8559092555,329037413,0,0.511092483997345,1
329105755,8559092408,0,0.2585604786872864,0
329105755,12925446725,0,0.3151329457759857,1
329105755,8559092389,0,0.2930128872394562,0
12925446725,6956231494,0,0.31238123774528503,1
8559092389,8559092391,0,0.34217584133148193,1
8559092389,329105755,0,0.2930128872394562,0
8559092389,8559092348,0,0.3464648425579071,1
329106239,8559092391,0,0.2780264616012573,0
329106239,11991411601,0,0.20124223828315735,0
8559092391,329106239,0,0.2780264616012573,0
8559092391,8559092389,0,0.34217584133148193,1
11991411601,7070862692,0,0.19595584273338318,0
11991411601,11991411605,0,0.2081754505634308,0
329118587,8560173552,0,0.20716463029384613,0
329118587,329105755,0,0.233585923910141,0
8560173552,8560173551,0,0.21568188071250916,0
329129631,8655410063,0,0.20182806253433228,0
329129631,327397157,0,0.20653864741325378,0
8655410063,11205349824,0,0.26308369636535645,0
8655410063,11205349835,0,0.28643691539764404,0
329150106,8655508687,0,0.34973570704460144,1
329150106,11205349835,0,0.3438203036785126,1
8655508687,8655508686,0,0.38308098912239075,1
8655508687,320588038,0,0.23956558108329773,0
11205349835,11205349824,0,0.29780465364456177,0
11205349835,329150106,0,0.3438203036785126,1
329201342,320586773,0,0.4717595875263214,1
329399183,329397451,0,0.25819432735443115,0
329399183,329397099,0,0.2026219367980957,0
329399183,10273179496,0,0.22454704344272614,0
329397451,329399183,0,0.25819432735443115,0
329397451,329397476,0,0.25282180309295654,0
329397476,8662159360,0,0.26048052310943604,0
329397476,8645667374,0,0.2625313103199005,0
329397476,329397451,0,0.25282180309295654,0
8662159360,329397476,0,0.26048052310943604,0
8662159360,12088841831,0,0.36441299319267273,1
8645667374,8649543974,0,0.26828134059906006,0
8645667374,3736984575,0,0.22618639469146729,0
10273179496,329505678,0,0.19712874293327332,0
10273179496,10273179497,0,0.18773433566093445,0
329431862,8662075258,0,0.1447005569934845,0
329431862,320776072,0,0.18905271589756012,0
8662075258,10719550039,0,0.18018896877765656,0
8662075258,10719550041,0,0.11401259899139404,0
8662075258,329431862,0,0.1447005569934845,0
329431936,10719550039,0,0.2352587729692459,0
329431936,10719550041,0,0.1639091819524765,0
10719550039,11152330370,0,0.2414693683385849,0
10719550039,8662075260,0,0.22631290555000305,0
10719550041,329431936,0,0.1639091819524765,0
10719550041,329568047,0,0.1110277846455574,0
10719550041,10719550031,0,0.09432727098464966,0
8662075260,329448074,0,0.2061500996351242,0
8662075260,329448952,0,0.15239238739013672,0
8662075260,8662075270,0,0.23271414637565613,0
11152330370,329431862,0,0.20389576256275177,0
329448091,329448095,0,0.2797364890575409,0
329448091,329450931,0,0.27710795402526855,0
329448091,329475623,0,0.2557089328765869,0
329448095,8484662949,0,0.3188382685184479,1
329448095,8598592939,0,0.26288965344429016,0
329448095,329448091,0,0.2797364890575409,0
329450931,8662075270,0,0.2716508209705353,0
329450931,329448091,0,0.27710795402526855,0
329450931,329448952,0,0.18140073120594025,0
329475623,329475736,0,0.14474694430828094,0
329475623,329448091,0,0.2557089328765869,0
329475623,8560642761,0,0.24367697536945343,0
8484662949,3154035849,0,0.33925557136535645,1
8484662949,329448095,0,0.3188382685184479,1
8484662949,8485265966,0,0.23590631783008575,0
8598592939,8598592938,0,0.271352618932724,0
8598592939,8662159363,0,0.2621215581893921,0
8598592939,329448095,0,0.26288965344429016,0
329448952,8662075260,0,0.15239238739013672,0
329448952,329450931,0,0.18140073120594025,0
329448952,329449309,0,0.11825332045555115,0
329449309,329431936,0,0.1976901888847351,0
329449309,329448952,0,0.11825332045555115,0
329475736,10719550031,0,0.06898556649684906,0
329475736,329475623,0,0.14474694430828094,0
329475736,329568047,0,0.085335373878479,0
8560642761,329475623,0,0.24367697536945343,0
8560642761,8560642764,0,0.20726780593395233,0
10719550031,329475736,0,0.06898556649684906,0
10719550031,329449309,0,0.1217799037694931,0
329494158,8560307685,0,0.13055320084095,0
329494158,3745228254,0,0.0960511714220047,0
8560307685,329494158,0,0.13055320084095,0
8560307685,3155775125,0,0.19873568415641785,0
8560307685,3155775124,0,0.20831692218780518,0
3745228254,8662083056,0,0.10796515643596649,0
3745228254,8662083052,0,0.09517364203929901,0
12088889297,320776068,0,0.23856592178344727,0
12088889297,3736984135,0,0.1711808145046234,0
3736983986,329526003,0,0.18467293679714203,0
3736983986,9768752254,0,0.19743862748146057,0
8662159324,8662159325,0,0.10373219847679138,0
8662159324,8649530180,0,0.1394377499818802,0
329682332,10091848412,0,0.3349200487136841,1
329682332,8601837888,0,0.5133440494537354,1
329682332,8662159376,0,0.34719955921173096,1
10091848412,329682332,0,0.3349200487136841,1
10091848412,8601859375,0,0.33409079909324646,1
8662159376,8649543977,0,0.37992510199546814,1
8662159376,8659091194,0,0.3778454661369324,1
1316029793,1316029427,0,0.012425952591001987,0
6349915817,1316029427,0,0.025090476498007774,0
6349915817,5327477993,0,0.1293661743402481,0
1906053705,1906053715,0,0.07862665504217148,0
1906053705,1906053726,0,0.09722879528999329,0
1906053732,8524377328,0,0.11279291659593582,0
1906053715,1906053718,0,0.0691189244389534,0
1906053715,1906053726,0,0.08825615793466568,0
1906053726,1906053732,0,0.11990809440612793,0
1906053711,1906053715,0,0.071872778236866,0
1906053711,318001670,0,0.05043473839759827,0
1906053718,1906053713,0,0.11759497970342636,0
1906053718,1906053731,0,0.1000162661075592,0
1906053731,316786708,0,0.11618786305189133,0
1906053775,6028109556,0,0.07721445709466934,0
1906053775,8644288025,0,0.07607612013816833,0
6028109556,8600977386,0,0.05950785428285599,0
6028109556,6028109557,0,0.04531368240714073,0
8644288025,8644288026,0,0.06825949251651764,0
8644288025,6028109562,0,0.13671287894248962,0
2022807262,8642953432,0,0.25257137417793274,0
8642953432,8642953451,0,0.25175949931144714,0
2426398323,8650441351,0,0.20329934358596802,0
2426398323,2022807326,0,0.1859378218650818,0
2426398323,2426398335,0,0.19045184552669525,0
8527351554,2022807326,0,0.216645747423172,0
8527351554,8527351550,0,0.23795711994171143,0
2022818578,8556786753,0,0.3580999970436096,1
2022818578,8643108606,0,0.39306774735450745,1
8556786753,8556786759,0,0.3138717710971832,1
8643108606,8643108604,0,0.3554624021053314,1
8643108606,2022818578,0,0.39306774735450745,1
2290116881,8644288024,0,0.08235768228769302,0
2290116881,6028112296,0,0.08690612763166428,0
8644288024,6028112296,0,0.05600596219301224,0
8644288024,6028109560,0,0.05776043236255646,0
8644288024,2290116881,0,0.08235768228769302,0
6028112296,8644288024,0,0.05600596219301224,0
6028112296,6028109583,0,0.07817932963371277,0
2290116883,6028112313,0,0.20255447924137115,0
2290116883,6028112314,0,0.19455236196517944,0
6028112313,6028112314,0,0.2138160765171051,0
6028112313,8644213105,0,0.20685896277427673,0
6028112314,6028112313,0,0.2138160765171051,0
6028112314,8644213106,0,0.10485917329788208,0
2290116949,11909545311,0,0.04729757830500603,0
2290116949,8502566523,0,0.050428103655576706,0
2290116949,11909545312,0,0.05673890560865402,0
11909545312,11909545311,0,0.042705632746219635,0
11909545312,8644225923,0,0.06642544269561768,0
11909545312,2290116949,0,0.05673890560865402,0
2291112085,8649916721,0,0.09114887565374374,0
8649916721,3744928807,0,0.09106293320655823,0
2291112086,2291112105,0,0.11377737671136856,0
2291112086,12642541089,0,0.05202368274331093,0
2291112105,316786730,0,0.10753761976957321,0
12642541089,2291112097,0,0.06477073580026627,0
12642541089,12642541094,0,0.07200728356838226,0
2291112175,2291112177,0,0.17311467230319977,0
2291112175,6028299619,0,0.1524450033903122,0
2291112177,8600982434,0,0.1527063399553299,0
6028299619,2291112177,0,0.16897159814834595,0
6028299619,8628911248,0,0.16938918828964233,0
8600982434,319852127,0,0.0866442397236824,0
8600982434,8600977386,0,0.08304371684789658,0
2345133351,10547863127,0,0.13560234010219574,0
2345133351,8527120662,0,0.1769820749759674,0
10547863127,317097555,0,0.11776894330978394,0
10547863127,10547863125,0,0.09195137023925781,0
8527120662,2345133351,0,0.1769820749759674,0
8527120662,8527351572,0,0.21357208490371704,0
2345150715,2345390435,0,0.1738710105419159,0
2345150715,2345150724,0,0.18804028630256653,0
2345150724,2345150726,0,0.2437283843755722,0
2345150724,2502838975,0,0.2239786833524704,0
2345150726,2345150716,0,0.2468363493680954,0
2345150726,320703945,0,0.2682346701622009,0
2345262928,4520449128,0,0.012997496873140335,0
2345262928,8559046184,0,0.014405382797122002,0
2345262928,8559046187,0,0.013593330048024654,0
4520449128,4520449142,0,0.05169026926159859,0
4520449128,12017223295,0,0.041413355618715286,0
4520449128,2345262928,0,0.012997496873140335,0
8559046184,2345262928,0,0.014405382797122002,0
8559046184,8560134148,0,0.014386876486241817,0
8559046184,5906620544,0,0.011645839549601078,0
8559046184,8559046187,0,0.012834704481065273,0
8528782167,8528782166,0,0.2195178121328354,0
8528782167,2345390435,0,0.2120257169008255,0
2372986954,8524377286,0,0.06772464513778687,0
2372986954,317214363,0,0.17237700521945953,0
2372986963,8451839484,0,0.13707385957241058,0
2372986963,3153979257,0,0.13886819779872894,0
2372986963,3737148092,0,0.17664365470409393,0
8451839484,2372986963,0,0.13707385957241058,0
8451839484,8451839482,0,0.10227445513010025,0
8451839484,3153979281,0,0.13814538717269897,0
3737148092,3737148091,0,0.12477234750986099,0
3737148092,320776200,0,0.16867229342460632,0
2383631937,6028112316,0,0.010619623586535454,0
2383631937,316790748,0,0.006572057027369738,0
2383631937,2383631920,0,0.00682813860476017,0
8650441351,2426398323,0,0.20329934358596802,0
8650441351,3155747875,0,0.22375230491161346,0
2426398335,2426398323,0,0.19045184552669525,0
2426398335,8527228298,0,0.19010940194129944,0
2426398335,3154084045,0,0.19749778509140015,0
3154084045,8527228285,0,0.31245458126068115,1
3154084045,8650441362,0,0.18544630706310272,0
3154084045,2426398335,0,0.19749778509140015,0
2627197706,8527351558,0,0.11285294592380524,0
2627197706,2627197714,0,0.1487770527601242,0
8527049091,8527049052,0,0.19234071671962738,0
8527049091,317065455,0,0.2579842209815979,0
8527351558,2627197706,0,0.11285294592380524,0
8527351558,8527049091,0,0.21671463549137115,0
2627197714,8527351558,0,0.17221267521381378,0
2627197714,2627197727,0,0.14365282654762268,0
2993323872,12183578597,0,0.47356295585632324,1
2993323872,320703046,0,0.46818241477012634,1
12183578597,317198182,0,0.41711828112602234,1
12183578597,320702341,0,0.4576735496520996,1
320703046,320703047,0,0.48739537596702576,1
3153881541,8657998535,0,0.09388501197099686,0
3153881541,3153881542,0,0.14293870329856873,0
8657998535,8657998563,0,0.0596940778195858,0
8657998535,8481822515,0,0.0636068806052208,0
3153881542,8657998536,0,0.11807212233543396,0
3153881542,319846789,0,0.12089096754789352,0
3153881542,8485928597,0,0.12147364020347595,0
8657998536,3153881542,0,0.11807212233543396,0
8657998536,8481822515,0,0.07959145307540894,0
8657998536,8657998535,0,0.06542698293924332,0
8485928597,3153881542,0,0.12147364020347595,0
8485928597,8485928608,0,0.05507460609078407,0
3153945718,6956130189,0,0.2465645968914032,0
6956130189,8485885272,0,0.21771714091300964,0
3153945723,8485898851,0,0.16952799260616302,0
3153945723,6956191289,0,0.18526078760623932,0
8485898851,3153945718,0,0.18571311235427856,0
8485898851,8485898848,0,0.21493595838546753,0
6956191289,6956191292,0,0.2032027691602707,0
3153947845,8481828828,0,0.07523553818464279,0
8481828828,3153947845,0,0.07523553818464279,0
8481828828,8481822515,0,0.10246388614177704,0
8481828828,8657998563,0,0.09042911231517792,0
8578006960,3153970157,0,0.024271352216601372,0
8578006960,8598631257,0,0.05293996259570122,0
3153979196,3742280614,0,0.10971789062023163,0
3153979196,8598631256,0,0.05925590544939041,0
3742280614,3153979196,0,0.10971789062023163,0
3742280614,4309653503,0,0.09235011041164398,0
3742280614,3742280538,0,0.123161181807518,0
3742280614,6956191409,0,0.14883947372436523,0
8598631256,8598631257,0,0.06270143389701843,0
8598631256,8578006960,0,0.04145127907395363,0
6956292961,3153979241,0,0.15663328766822815,0
6956292961,3153979257,0,0.11590821295976639,0
6956292961,3737148951,0,0.13145968317985535,0
6956292960,3155752794,0,0.2382505089044571,0
6956292960,8582920261,0,0.07743407785892487,0
6956292960,6357753396,0,0.20429234206676483,0
3153979273,6956292963,0,0.06909254938364029,0
3153979273,3153979281,0,0.13728509843349457,0
3153979273,6956287045,0,0.12825030088424683,0
6956292963,3153979273,0,0.06909254938364029,0
6956292963,8451839481,0,0.10287768393754959,0
3153979281,3153979273,0,0.13728509843349457,0
3153979281,8556786650,0,0.1429254561662674,0
3153979281,8451839484,0,0.13814538717269897,0
6956287045,8556786649,0,0.1256832778453827,0
3153994043,8560112916,0,0.14166320860385895,0
3153994043,3153994048,0,0.17335806787014008,0
3153994043,3154010233,0,0.20689931511878967,0
8560112916,3153994043,0,0.14166320860385895,0
8560112916,8560112878,0,0.1380724012851715,0
3153994048,6357753396,0,0.2524436414241791,0
3153994048,3155752794,0,0.3014233410358429,1
3154010233,3153994043,0,0.20689931511878967,0
3154010233,3153994043,1,0.20689931511878967,0
6357753396,8560112919,0,0.2778182029724121,0
6357753396,3748759147,0,0.2647053897380829,0
3155752794,6956292960,0,0.2382505089044571,0
3155752794,6956292961,0,0.2535726726055145,0
3154010290,8559883728,0,0.09264329820871353,0
3154010290,11101726093,0,0.12936370074748993,0
8559883728,8560236625,0,0.07479232549667358,0
11101726093,8560105793,0,0.15816724300384521,0
11101726093,11101726094,0,0.1483960747718811,0
3154010314,8560219376,0,0.10409124195575714,0
3154010314,8485265955,0,0.12569822371006012,0
8560219376,3154010410,0,0.10471151769161224,0
8560219376,8560236690,0,0.16341657936573029,0
8485265955,8485265948,0,0.0932634100317955,0
8485265955,8485265966,0,0.1377953141927719,0
8485265955,3154010314,0,0.12569822371006012,0
3154010328,8560236662,0,0.0644519180059433,0
3154010328,3154010344,0,0.09846244752407074,0
8560236662,8560236661,0,0.04832598939538002,0
8560236662,3154010290,0,0.04633890092372894,0
3154010344,8560236700,0,0.09977373480796814,0
3154010344,8560236676,0,0.10411426424980164,0
8560236700,3154044024,0,0.12036298960447311,0
8560236700,8560236691,0,0.08244336396455765,0
8560236676,8560112817,0,0.14325742423534393,0
8560236676,3154010344,0,0.10411426424980164,0
8560236676,8560236662,0,0.06839091330766678,0
3154010353,8560236684,0,0.1380205899477005,0
3154010353,3154010354,0,0.15309110283851624,0
3154010353,8560627768,0,0.1311488151550293,0
8560236684,3154010353,0,0.1380205899477005,0
8560236684,3745228427,0,0.15993958711624146,0
8560236684,8560236688,0,0.137999027967453,0
3154010354,8560627752,0,0.15308308601379395,0
3154010354,8560236685,0,0.21372735500335693,0
8560627768,8560627767,0,0.1457042545080185,0
8560627768,3154010353,0,0.1311488151550293,0
8560627752,3154035821,0,0.15932688117027283,0
8560627752,8560627768,0,0.134538933634758,0
8560627752,3154010354,0,0.15308308601379395,0
8560236685,8560236684,0,0.19854065775871277,0
8560236685,3154010354,0,0.21372735500335693,0
8560236685,3155775106,0,0.20258206129074097,0
3154010357,3155775141,0,0.09795259684324265,0
3154010357,3155775157,0,0.0836106613278389,0
3155775141,8560112819,0,0.1325380951166153,0
3155775141,3155775139,0,0.0990820899605751,0
3155775157,3155775139,0,0.08486690372228622,0
3155775157,3154010357,0,0.0836106613278389,0
3155775157,8560112861,0,0.12379179894924164,0
3154010373,8559883771,0,0.10320289433002472,0
3154010373,8560112877,0,0.0699026808142662,0
8559883771,8560105792,0,0.1550895720720291,0
8560112877,6956248666,0,0.11922912299633026,0
8560112877,11811545046,0,0.09733892977237701,0
3154010410,8560236639,0,0.1511000394821167,0
3154010410,3154010328,0,0.11914176493883133,0
8560236639,8560236638,0,0.17164073884487152,0
3154035821,8560627752,0,0.15932688117027283,0
3154035821,8560627760,0,0.19067047536373138,0
3154035821,3154044043,0,0.20487913489341736,0
8560627760,8560627763,0,0.19131861627101898,0
8560627760,8560627752,0,0.17005005478858948,0
3154044043,8560112860,0,0.28062233328819275,0
3154044043,8560112857,0,0.264347642660141,0
3154044043,3154035821,0,0.20487913489341736,0
3154035849,8560112857,0,0.3144088089466095,1
3154035849,8484662949,0,0.33925557136535645,1
3154035849,10168825690,0,0.28169772028923035,0
8560112857,3154035849,0,0.3144088089466095,1
8560112857,8560112860,0,0.31514737010002136,1
8560112857,3154044043,0,0.264347642660141,0
10168825690,3154037509,0,0.24116037786006927,0
10168825690,3154035849,0,0.28169772028923035,0
10168825690,8560627763,0,0.20389966666698456,0
3154036443,8560173616,0,0.2569431960582733,0
3154036443,8559092455,0,0.2901325225830078,0
8560173616,8560173615,0,0.21200530230998993,0
8560173616,8655213124,0,0.1758706420660019,0
8559092455,8559092453,0,0.2484539896249771,0
3154037313,8487770552,0,0.1116136908531189,0
3154037313,8488091377,0,0.0884009450674057,0
3154037313,8488091374,0,0.1060270443558693,0
8487770552,8485265948,0,0.07896600663661957,0
8487770552,3154037313,0,0.1116136908531189,0
8487770552,8499372827,0,0.07370001822710037,0
8488091377,3154037313,0,0.0884009450674057,0
8488091377,8485265966,0,0.11364343017339706,0
8488091377,8488091374,0,0.08485336601734161,0
8488091374,7857530320,0,0.08193477988243103,0
8488091374,3154037313,0,0.1060270443558693,0
8488091374,8488091377,0,0.08485336601734161,0
3154037333,3154037347,0,0.08269454538822174,0
3154037333,6956325876,0,0.1263158768415451,0
3154037347,3154037333,0,0.08269454538822174,0
3154037347,8556006712,0,0.10725239664316177,0
6956325876,6956325843,0,0.2527496814727783,0
6956325876,3154037333,0,0.1263158768415451,0
8556006712,3154037354,0,0.06945601850748062,0
8556006712,9816859439,0,0.08775065839290619,0
8556006712,8559883773,0,0.10855871438980103,0
3154037480,8560112861,0,0.14897720515727997,0
3154037480,3155775106,0,0.15789484977722168,0
3154037480,3155769923,0,0.11121028661727905,0
8560112861,3154037480,0,0.14897720515727997,0
8560112861,3155775157,0,0.12379179894924164,0
8560112861,8560112870,0,0.16007156670093536,0
8560112861,3745228427,0,0.15516561269760132,0
3155775106,3745228427,0,0.16398099064826965,0
3155775106,8560236685,0,0.20258206129074097,0
3155775106,3154037480,0,0.15789484977722168,0
3155775106,3155769931,0,0.11451653391122818,0
3155769923,8560315326,0,0.06706004589796066,0
3155769923,3154037480,0,0.11121028661727905,0
3155769923,3155769924,0,0.05948004871606827,0
3154037509,10168825690,0,0.24116037786006927,0
3154037509,8560642764,0,0.2129027247428894,0
3154037509,3155775127,0,0.22675924003124237,0
8560642764,3154037509,0,0.2129027247428894,0
8560642764,8560642761,0,0.20726780593395233,0
3155775127,3154037509,0,0.22675924003124237,0
3155775127,3155775125,0,0.24154621362686157,0
3155775127,3155775124,0,0.2511274516582489,0
3154044024,8560236688,0,0.13393095135688782,0
3154044024,3154010353,0,0.13360801339149475,0
8560236688,8560236701,0,0.11573710292577744,0
3154044034,8560236691,0,0.10565169900655746,0
3154044034,3154044024,0,0.13935035467147827,0
8560236691,8560236690,0,0.15738752484321594,0
8560236691,3154010410,0,0.09222722053527832,0
3154044040,3154044034,0,0.2470998764038086,0
3154044040,8560112860,0,0.3373083174228668,1
8560112860,3154044043,0,0.28062233328819275,0
8560112860,8560627767,0,0.2462354153394699,0
8560112860,8560112857,0,0.31514737010002136,1
8560112860,3154044040,0,0.3373083174228668,1
3154044057,8662159364,0,0.2763379216194153,0
3154044057,322494046,0,0.24945643544197083,0
8662159364,8662159363,0,0.2764354348182678,0
8662159364,8598592938,0,0.28565406799316406,0
3154044489,8530429593,0,0.03950973600149155,0
3154044489,8530429605,0,0.03845618665218353,0
3154044489,8520442263,0,0.08145730942487717,0
8520442263,3154044489,0,0.08145730942487717,0
8520442263,8530450441,0,0.16769841313362122,0
3154078662,5335976457,0,0.1362421065568924,0
3154078662,8500166003,0,0.13974951207637787,0
5335976457,8500165947,0,0.10622676461935043,0
5335976457,3748699034,0,0.15693961083889008,0
8500166003,5335976470,0,0.13228248059749603,0
8500166003,8500166001,0,0.11865697056055069,0
3154078696,8669055711,0,0.24528402090072632,0
3154078696,8669055712,0,0.32817623019218445,1
8669055711,3154078696,0,0.24528402090072632,0
8669055711,8500165927,0,0.24591770768165588,0
8669055711,8500165910,0,0.21882106363773346,0
8527055518,8528833459,0,0.21118956804275513,0
8527055518,3154079300,0,0.22537922859191895,0
3154079304,8528833461,0,0.21581025421619415,0
3154079304,8527351584,0,0.26091256737709045,0
8528833461,8527055518,0,0.19447742402553558,0
8528833461,3154079304,0,0.21581025421619415,0
8527351584,8527351585,0,0.2881194055080414,0
3154084037,8650441362,0,0.17692075669765472,0
3154084037,8650508235,0,0.2753641903400421,0
8650441362,3154084037,0,0.17692075669765472,0
8650441362,3154084045,0,0.18544630706310272,0
8650441362,8650441351,0,0.1639067828655243,0
8650508235,8650508236,0,0.24946409463882446,0
8527228285,3154084045,0,0.31245458126068115,1
8527228285,8527228282,0,0.3438511788845062,1
3154094154,8659447519,0,0.2884482443332672,0
3154094154,3154094156,0,0.2696312665939331,0
8659447519,11205349823,0,0.2978224456310272,0
8659447519,3154094154,0,0.2884482443332672,0
3154094156,7070827624,0,0.27489516139030457,0
7070827624,8647850192,0,0.30851346254348755,1
7070827624,8647850199,0,0.2843073904514313,0
3154099292,8597921244,0,0.4480907917022705,1
3154099292,8597921351,0,0.41314682364463806,1
8597921244,320580801,0,0.36003392934799194,1
8597921351,327016312,0,0.4309195280075073,1
8597921351,8597921362,0,0.35790935158729553,1
3154099302,7070862613,0,0.45654916763305664,1
3154099302,11205349808,0,0.44732752442359924,1
3154099302,8559092366,0,0.49632933735847473,1
7070862613,3154099302,0,0.45654916763305664,1
7070862613,7070862593,0,0.40052303671836853,1
11205349808,3154099302,0,0.44732752442359924,1
11205349808,7070862666,0,0.4865047335624695,1
8559092366,329201342,0,0.5667940974235535,1
8559092366,8559092374,0,0.5039881467819214,1
3155744121,8496444846,0,0.2586159408092499,0
3155744121,319324109,0,0.2571335732936859,0
3155747858,3738636970,0,0.19003552198410034,0
3155747858,8650862402,0,0.2041531205177307,0
3738636970,3738636982,0,0.22392794489860535,0
3738636970,8650549906,0,0.244989812374115,0
3738636970,3155747858,0,0.19003552198410034,0
3738636970,8650549907,0,0.21381014585494995,0
8650862402,319283619,0,0.20488406717777252,0
8650862402,8650862404,0,0.2778047025203705,0
3155747863,319272156,0,0.2640555500984192,0
3155747863,8650549906,0,0.2821866571903229,0
8650549906,3155747863,0,0.2821866571903229,0
8650549906,8650549907,0,0.2290002852678299,0
8650549906,3738636970,0,0.244989812374115,0
8650549907,3155747870,0,0.20057520270347595,0
8650549907,3738636970,0,0.21381014585494995,0
8650549907,8650556721,0,0.1881340742111206,0
3155747875,3154084037,0,0.2314610779285431,0
3155747875,3155747871,0,0.21958176791667938,0
3155752780,8556786830,0,0.0690419003367424,0
3155752780,6956287073,0,0.17454342544078827,0
3155752780,3155752818,0,0.10784463584423065,0
3155752780,3155752814,0,0.11399487406015396,0
6956287073,3155752782,0,0.209435373544693,0
6956287073,3155752780,0,0.17454342544078827,0
6956287073,6956287051,0,0.1839686930179596,0
3155752818,6956287071,0,0.17461176216602325,0
3155752818,8556786828,0,0.07916180789470673,0
3155752818,3155752780,0,0.10784463584423065,0
3155752814,8556786708,0,0.14837248623371124,0
3155752814,8556786832,0,0.1286485344171524,0
3155752814,3155752780,0,0.11399487406015396,0
3155752782,6956287073,0,0.209435373544693,0
3155752782,3155752819,0,0.2055806666612625,0
3155752819,6956287071,0,0.23751485347747803,0
3155752819,6956287076,0,0.2803243398666382,0
8556786708,6956287053,0,0.10029248893260956,0
8556786708,3155752814,0,0.14837248623371124,0
8556786832,319845930,0,0.14141035079956055,0
8556786832,8556786830,0,0.08398377150297165,0
6956287071,3155752819,0,0.23751485347747803,0
6956287071,3155752818,0,0.17461176216602325,0
6956287071,6956287073,0,0.24129551649093628,0
8556786828,3155752818,0,0.07916180789470673,0
8556786828,8634814152,0,0.1390174776315689,0
6956287076,8634814136,0,0.3286152780056,1
8523150164,8556741781,0,0.18558767437934875,0
3155759988,3155759992,0,0.08988294005393982,0
3155759988,8523150183,0,0.09942898899316788,0
3155759988,8556786876,0,0.0872187465429306,0
3155759992,8556786713,0,0.09613879770040512,0
3155759992,3155759988,0,0.08988294005393982,0
3155759992,8582920261,0,0.06450542062520981,0
8523150183,3155759988,0,0.09942898899316788,0
8523150183,8499640770,0,0.09595146775245667,0
8523150183,8577336903,0,0.117348812520504,0
8556786876,3155760025,0,0.16262902319431305,0
8582920261,8659081777,0,0.08953279256820679,0
8582920261,3155759992,0,0.06450542062520981,0
8582920261,6956292960,0,0.07743407785892487,0
3155760025,8523150169,0,0.23553813993930817,0
3155760025,8634814173,0,0.1839500069618225,0
8523150169,8556786875,0,0.1923234462738037,0
8523150169,3155760042,0,0.13930600881576538,0
8634814173,8634814174,0,0.1911117136478424,0
8634814173,319846782,0,0.10943040996789932,0
3155760042,8634814177,0,0.061220474541187286,0
3155760042,8556786845,0,0.0470234639942646,0
3155760042,3155765335,0,0.05603611096739769,0
8634814177,3155760042,0,0.061220474541187286,0
8634814177,8556786875,0,0.1148969829082489,0
8556786845,8481822483,0,0.03964760899543762,0
8556786845,8634814177,0,0.05256325379014015,0
3155765335,3155760366,0,0.10419566184282303,0
3155765335,3155760042,0,0.05603611096739769,0
3155765335,3155765327,0,0.04366016760468483,0
8556786836,3155760366,0,0.14111603796482086,0
8556786836,8485928568,0,0.10151785612106323,0
8523150160,8523150134,0,0.2252558022737503,0
8481822483,3155765327,0,0.03591935336589813,0
8481822483,8485928608,0,0.033904433250427246,0
8481822483,8556786845,0,0.03964760899543762,0
3155768691,8560307713,0,0.1724492460489273,0
3155768691,8662083057,0,0.09592024981975555,0
3155768691,3745228149,0,0.13876357674598694,0
8560307713,3155768691,0,0.1724492460489273,0
8560307713,8662075285,0,0.10996506363153458,0
8560307713,8560307711,0,0.15307147800922394,0
8662083057,8560315333,0,0.09970644861459732,0
8662083057,8560315326,0,0.051802750676870346,0
3745228149,8560642751,0,0.09811444580554962,0
3745228149,3155768691,0,0.13876357674598694,0
3745228149,8560315326,0,0.09401044994592667,0
3745228149,11811545047,0,0.1279456615447998,0
8560315326,3155769923,0,0.06706004589796066,0
8560315326,8560315325,0,0.09197016060352325,0
8560315326,3745228149,0,0.09401044994592667,0
3155769924,3155769931,0,0.07260452210903168,0
3155769924,8560315333,0,0.11918076872825623,0
3155769931,3155769924,0,0.07260452210903168,0
3155769931,3155775367,0,0.14831961691379547,0
3155769931,3155775106,0,0.11451653391122818,0
8560315333,3745228254,0,0.1088307797908783,0
8560315333,8560307685,0,0.14037252962589264,0
3155775367,3155775125,0,0.25057458877563477,0
3155775367,3155769931,0,0.14831961691379547,0
3155775367,8560627763,0,0.19888751208782196,0
3745228427,3155775106,0,0.16398099064826965,0
3745228427,8560112861,0,0.15516561269760132,0
3745228427,8560236684,0,0.15993958711624146,0
3155775124,329494158,0,0.2248236984014511,0
3155775124,3155775127,0,0.2511274516582489,0
3155775125,8560307685,0,0.19873568415641785,0
3155775125,3155775367,0,0.25057458877563477,0
3155775125,3155775127,0,0.24154621362686157,0
8662159361,8598592940,0,0.32282912731170654,1
8662159361,3155775131,0,0.2902349531650543,0
8598592941,3155775134,0,0.307120680809021,1
8598592941,3155775131,0,0.26175639033317566,0
8598592941,8598592950,0,0.29153603315353394,0
3155775134,8598592941,0,0.307120680809021,1
3155775134,8606512320,0,0.2837848365306854,0
8606512320,8606512319,0,0.2366103082895279,0
8606512320,3154044057,0,0.2581563889980316,0
3155775139,8560112829,0,0.07045046240091324,0
3155775139,3155775157,0,0.08486690372228622,0
8560112829,8560112819,0,0.10388454049825668,0
8560112829,8585246358,0,0.08271314948797226,0
8560112819,8560112818,0,0.07382316887378693,0
8560112819,3154010373,0,0.10772253572940826,0
8560627763,8560627760,0,0.19131861627101898,0
8560627763,3155775367,0,0.19888751208782196,0
8560627763,10168825690,0,0.20389966666698456,0
3292066359,320588035,0,0.1454869508743286,0
3292066467,11974770468,0,0.2156633585691452,0
3292066467,3292066477,0,0.2166595757007599,0
11974770468,11974669114,0,0.2167932540178299,0
3292066477,11974774269,0,0.23550298810005188,0
3292066469,3292066472,0,0.2669803500175476,0
3292066469,8451855744,0,0.22626152634620667,0
3292066472,3292066467,0,0.263123482465744,0
11974774269,11974774331,0,0.2519316077232361,0
11974774269,11974774270,0,0.19187667965888977,0
3663083835,320702335,0,0.3418683707714081,1
3663083835,3663083863,0,0.3635347783565521,1
8654619484,320703046,0,0.4662454426288605,1
8654619484,8654619488,0,0.5241879820823669,1
8650549883,320701554,0,0.39800721406936646,1
8650549883,8650549904,0,0.3378298580646515,1
3735563291,8527055519,0,0.14673054218292236,0
3735563291,8527351567,0,0.15436871349811554,0
8527055519,13335362004,0,0.1382337361574173,0
8527055519,319842086,0,0.10420843213796616,0
8527351567,319840898,0,0.15519540011882782,0
8527351567,8527351561,0,0.19919531047344208,0
3736984575,8649543970,0,0.17721925675868988,0
3736984575,10273179488,0,0.1553395390510559,0
10273179488,10273179499,0,0.18158294260501862,0
10273179488,10273179495,0,0.22742299735546112,0
8556786653,3737148075,0,0.1676957607269287,0
8556786653,3737148091,0,0.1315433382987976,0
8556786653,8556786664,0,0.2392125129699707,0
3737148091,3737148092,0,0.12477234750986099,0
3737148091,8556786653,0,0.1315433382987976,0
3737148091,8451839484,0,0.0851406678557396,0
8642953540,8642953541,0,0.2121608853340149,0
8642953540,8642842978,0,0.3234556317329407,1
8451839482,8451839481,0,0.13581490516662598,0
8451839482,3153979273,0,0.1019374430179596,0
3737149230,11974774360,0,0.2061387598514557,0
3737149230,11974714982,0,0.273639440536499,0
11974774360,11974774341,0,0.3568638861179352,1
11974714982,6956130226,0,0.34755635261535645,1
3738636982,3738636970,0,0.22392794489860535,0
3738636982,8650726159,0,0.2360919862985611,0
8650726159,319270941,0,0.18874870240688324,0
8650726159,8650726155,0,0.21754728257656097,0
8527351551,8527351550,0,0.17967593669891357,0
8527351551,8527351554,0,0.21541354060173035,0
8604987224,8604987223,0,0.39446476101875305,1
8604987224,318127110,0,0.34453800320625305,1
8573574809,3742227757,0,0.22194859385490417,0
8573574809,317214461,0,0.12257159501314163,0
8573574810,8573574811,0,0.13638679683208466,0
8573574810,317063525,0,0.1693122684955597,0
3743696552,3743899456,0,0.201556995511055,0
3743696552,3745261307,0,0.2101304829120636,0
3743696552,3742227757,0,0.23476921021938324,0
3742280538,8499009019,0,0.07740021497011185,0
3742280538,3742280614,0,0.123161181807518,0
3742280538,11152298275,0,0.0659613236784935,0
8499009019,3742280538,0,0.07740021497011185,0
8499009019,12088821689,0,0.09021227061748505,0
8499009019,8499640797,0,0.05497674643993378,0
11152298275,3742280538,0,0.0659613236784935,0
4309653503,3742280614,0,0.09235011041164398,0
6956191409,6956191404,0,0.08854608237743378,0
6956191409,3742280614,0,0.14883947372436523,0
3742280621,6956191344,0,0.11073222011327744,0
3742280621,6956191445,0,0.08939804881811142,0
6956191344,6956191345,0,0.09255465120077133,0
6956191445,3742280621,0,0.08939804881811142,0
6956191445,12517162220,0,0.07162196934223175,0
3743899456,3743696552,0,0.201556995511055,0
3743899456,8647352308,0,0.1570211946964264,0
3745261307,8500166628,0,0.17517775297164917,0
3745261307,3743696552,0,0.2101304829120636,0
3745261307,318135967,0,0.1427306979894638,0
3743737594,8601859376,0,0.3249526619911194,1
3743737594,8601859375,0,0.29746538400650024,0
3743737594,8649543974,0,0.26008284091949463,0
8601859376,3743737625,0,0.381803959608078,1
8601859376,3743737594,0,0.3249526619911194,1
8601859376,8606512318,0,0.3373885154724121,1
8601859375,8601859376,0,0.3460557162761688,1
8601859375,3743737594,0,0.29746538400650024,0
8649543974,8645667374,0,0.26828134059906006,0
8649543974,8662159360,0,0.2662305533885956,0
8649543974,3743737594,0,0.26008284091949463,0
8601411816,8598592954,0,0.49532896280288696,1
8601411816,8594974756,0,0.6694464087486267,1
8601411816,3743737625,0,0.45664775371551514,1
3743737870,8598592965,0,0.30360254645347595,1
3743737870,317205412,0,0.30578064918518066,1
8598592965,8606512329,0,0.3507520854473114,1
8598592965,8606512324,0,0.30617162585258484,1
3743738474,8597921395,0,0.29178136587142944,0
8597921395,8597921343,0,0.3036592900753021,1
8597921395,8597921391,0,0.3206970691680908,1
8649916215,8649916721,0,0.11505325883626938,0
8649916215,2291112086,0,0.10095041990280151,0
8649916717,3743898729,0,0.12547901272773743,0
8649916717,8649916215,0,0.11871328949928284,0
3743898729,3743898734,0,0.09585916250944138,0
3743898729,8649916717,0,0.12547901272773743,0
3743898729,3743898732,0,0.12318900972604752,0
3743898734,3743898729,0,0.09585916250944138,0
3743898734,3743898732,0,0.07049577683210373,0
3743898734,11647451003,0,0.041161611676216125,0
3743898732,3743898734,0,0.07049577683210373,0
3743898732,3743898729,0,0.12318900972604752,0
3743898732,3743899202,0,0.14009793102741241,0
3743899202,8524377302,0,0.23184943199157715,0
3743899202,8647352298,0,0.15332439541816711,0
3743899202,3743898732,0,0.14009793102741241,0
11647451003,11647451008,0,0.08937368541955948,0
11647451003,3743898734,0,0.041161611676216125,0
3743899231,8647352308,0,0.19639930129051208,0
3743899231,3743899456,0,0.21136614680290222,0
3743899231,3743899170,0,0.19070371985435486,0
8524377302,3743899202,0,0.23184943199157715,0
8524377302,8524377301,0,0.22643926739692688,0
8647352298,8647352299,0,0.12495970726013184,0
8647352298,8531787368,0,0.15784285962581635,0
8647352308,3743899231,0,0.19639930129051208,0
8647352308,11647451009,0,0.10307694971561432,0
3744928807,3743898508,0,0.11729887872934341,0
3744928807,316787291,0,0.13604280352592468,0
3745224470,8524377430,0,0.05015937238931656,0
3745224470,8594171400,0,0.03794769570231438,0
3745224470,12183419667,0,0.031571757048368454,0
8524377430,3745224470,0,0.05015937238931656,0
8524377430,10222714301,0,0.054850928485393524,0
12183419667,8594190034,0,0.04953742027282715,0
12183419667,3745224470,0,0.031571757048368454,0
8560642751,3745228149,0,0.09811444580554962,0
8560642751,11811545046,0,0.10107892751693726,0
8560642751,8560315325,0,0.08869441598653793,0
11811545047,11811545046,0,0.13092325627803802,0
11811545047,3745228149,0,0.1279456615447998,0
11811545047,6956248666,0,0.1528024524450302,0
8662083056,8662083057,0,0.09542786329984665,0
8662083056,8560307713,0,0.1720496118068695,0
8662083052,8662083030,0,0.11124531179666519,0
8662083052,320776413,0,0.14108556509017944,0
317059878,8497045515,0,0.2513498365879059,0
317059878,3745233545,0,0.3028683364391327,1
317059878,8577559413,0,0.3496236801147461,1
8500166628,3745261307,0,0.17517775297164917,0
8500166628,318135957,0,0.1853795200586319,0
318135967,3745261307,0,0.1427306979894638,0
318135967,12642541095,0,0.09615800529718399,0
3746784301,329201342,0,0.5256407856941223,1
3746784301,8559092374,0,0.4433683156967163,1
8559092374,8559092362,0,0.4073241353034973,1
3748699034,8500165931,0,0.20872947573661804,0
3748699034,8500165930,0,0.18383802473545074,0
8500165931,8500165932,0,0.1549282670021057,0
8500165931,8500165924,0,0.21972011029720306,0
8500165930,3748699034,0,0.18383802473545074,0
8500165930,8500165947,0,0.1331251859664917,0
3748758984,8530816767,0,0.14799529314041138,0
3748758984,6956293003,0,0.1561267226934433,0
3748758984,8530816761,0,0.1790199875831604,0
8530816767,6956293008,0,0.12024200707674026,0
8530816767,3748758984,0,0.14799529314041138,0
8530816767,8530816761,0,0.10582295060157776,0
6956293003,6956292997,0,0.10186237096786499,0
6956293003,3748758984,0,0.1561267226934433,0
8530816761,3748758984,0,0.1790199875831604,0
8530816761,6956293018,0,0.1392400562763214,0
8530816761,8530816767,0,0.10582295060157776,0
3748759032,6956336109,0,0.1319505274295807,0
3748759032,8577400240,0,0.10171523690223694,0
6956336109,8577400333,0,0.07005347311496735,0
8577400240,3748759147,0,0.1352110207080841,0
8577400240,8560112919,0,0.14821121096611023,0
3748759147,8523150154,0,0.19889535009860992,0
3748759147,8595015363,0,0.2040887326002121,0
8523150154,8577400239,0,0.11645171046257019,0
8595015363,8577336903,0,0.15133632719516754,0
8595015363,3155759988,0,0.13263282179832458,0
3748759301,8527105004,0,0.21279269456863403,0
3748759301,319846596,0,0.1438409984111786,0
8527105004,8527105003,0,0.2223520129919052,0
8527105004,6956293018,0,0.19599546492099762,0
3748851260,8499641155,0,0.08445747941732407,0
3748851260,6956336167,0,0.09330122917890549,0
8499641155,8499641156,0,0.0848979651927948,0
8499641155,8499641180,0,0.118722103536129,0
6956336167,6956336065,0,0.1443846970796585,0
6956336167,3748851260,0,0.09330122917890549,0
6956336167,12088821689,0,0.10029378533363342,0
3748851362,8499640787,0,0.07204761356115341,0
3748851362,11955542916,0,0.12316068261861801,0
8499640787,11955542908,0,0.06933209300041199,0
8499640787,8499640788,0,0.10692139714956284,0
11955542916,8499269593,0,0.11725754290819168,0
3748851806,8527105001,0,0.041970688849687576,0
8527105001,3748851806,0,0.041970688849687576,0
8527105001,8527105014,0,0.10930266976356506,0
3750044494,9816859439,0,0.060707516968250275,0
9816859439,3154037354,0,0.03307460620999336,0
9816859439,3750044494,0,0.060707516968250275,0
4083611916,4083611913,0,0.1428360491991043,0
4083611916,4083611918,0,0.14539355039596558,0
4083611913,4083611916,0,0.1428360491991043,0
4083611913,12017183245,0,0.07427584379911423,0
4083611913,317068225,0,0.06074624881148338,0
12017183245,4083611913,0,0.07427584379911423,0
12017183245,12017183251,0,0.10150354355573654,0
4083611918,4083611917,0,0.14846265316009521,0
4083611918,4083611921,0,0.11710499227046967,0
4083611917,4083611918,0,0.14846265316009521,0
4083611917,4083611913,0,0.14590515196323395,0
4083611921,4083611919,0,0.11111477762460709,0
4083611921,5596781707,0,0.1527986228466034,0
4083611919,4083611921,0,0.11111477762460709,0
4083611919,4083611917,0,0.14247244596481323,0
5596781707,8496017664,0,0.13554081320762634,0
5596781707,8496017702,0,0.1670999675989151,0
4295822972,4295822978,0,0.4027605354785919,1
4295822972,316782510,0,0.43276554346084595,1
4295822978,7070827574,0,0.36120980978012085,1
4295822978,7070827584,0,0.3553858697414398,1
7070827574,7070827577,0,0.4242772161960602,1
7070827574,7070788180,0,0.3719603717327118,1
7070827584,11953193363,0,0.3662222623825073,1
4295822979,4295822978,0,0.3099317252635956,1
4295822979,11953193364,0,0.31319329142570496,1
11953193364,7070827584,0,0.3586474359035492,1
4295824329,11953193343,0,0.2500460743904114,0
11953193343,4295822979,0,0.24253475666046143,0
11953193343,11953193358,0,0.274865061044693,0
4309653507,8485898874,0,0.1273263394832611,0
4309653507,6956191363,0,0.09709585458040237,0
8485898874,8481822487,0,0.2251422107219696,0
8485898874,8481828828,0,0.15116623044013977,0
6956191363,6956191361,0,0.13988260924816132,0
4398501872,318136122,0,0.2142268866300583,0
4398501872,8548625605,0,0.15457312762737274,0
4398501869,4398501863,0,0.28185802698135376,0
4398501869,8658864219,0,0.226664736866951,0
4428541071,4435535438,0,0.01819104142487049,0
4428541071,8597484862,0,0.020177442580461502,0
8597484862,8597637178,0,0.014559713192284107,0
8597484862,8585026601,0,0.03313164412975311,0
7182462990,3155736753,0,0.05428758263587952,0
7182462990,4477965873,0,0.05020580068230629,0
4520449142,4520449128,0,0.05169026926159859,0
12017223295,4520449128,0,0.041413355618715286,0
12017223295,12017223300,0,0.1033983901143074,0
5187412920,6956336161,0,0.058891162276268005,0
5187412920,8581746094,0,0.014954623766243458,0
5187412920,8496131466,0,0.03471199423074722,0
5187412920,8577812212,0,0.016481619328260422,0
6956336161,8536091434,0,0.15555216372013092,0
6956336161,6956336160,0,0.12174613028764725,0
6956336161,5187412920,0,0.058891162276268005,0
8496131466,5187420925,0,0.06060849875211716,0
8496131466,5187412920,0,0.03471199423074722,0
8496131466,8577939458,0,0.07691344618797302,0
8577812212,5187412920,0,0.016481619328260422,0
8577812212,5187423429,0,0.01612122729420662,0
8577812212,8499372874,0,0.028595156967639923,0
8577812212,8581746094,0,0.018446369096636772,0
5187420925,8496131466,0,0.06060849875211716,0
5187420925,317067627,0,0.10136527568101883,0
8502541330,8502541327,0,0.06310293078422546,0
8502541330,5187423429,0,0.014133253134787083,0
6956130185,3153945723,0,0.1901671588420868,0
5302825189,8631908279,0,0.06036887690424919,0
8631908279,6956130196,0,0.05380183830857277,0
8631908279,8631908303,0,0.0950048640370369,0
5302825208,11974651946,0,0.32691216468811035,1
11974651946,8634814125,0,0.3244430720806122,1
5327477993,6349915817,0,0.1293661743402481,0
8500165947,8500165949,0,0.1464570015668869,0
8500165947,5335982525,0,0.10424134135246277,0
5456734435,5456734477,0,0.14030218124389648,0
5456734477,11959729540,0,0.08878850191831589,0
5456734477,6028298660,0,0.07043025642633438,0
5456734437,5456734487,0,0.10218581557273865,0
5456734437,316784297,0,0.12712906301021576,0
5456734487,7091105452,0,0.04896688461303711,0
5456734487,317039442,0,0.055256593972444534,0
5456734440,5456734435,0,0.17525260150432587,0
5456734440,7091105452,0,0.0978870540857315,0
7091105452,5456734435,0,0.11520057916641235,0
7091105452,7091105484,0,0.03668148070573807,0
7091105484,5456734437,0,0.0895855724811554,0
11959729540,5456734477,0,0.08878850191831589,0
11959729540,8629185983,0,0.05530253052711487,0
5456734489,317039442,0,0.11173675954341888,0
5456734489,5456734487,0,0.12943406403064728,0
5456734498,11959729540,0,0.14397954940795898,0
5456734498,5456734489,0,0.1791595071554184,0
8524377401,8524377352,0,0.1936352252960205,0
8524377401,8524377397,0,0.1890079528093338,0
5596676513,5596676501,0,0.10647085309028625,0
8496017664,5596781707,0,0.13554081320762634,0
8496017664,4083611919,0,0.08385024964809418,0
8496017702,8496017664,0,0.11908373981714249,0
8496017702,8497162498,0,0.1051364317536354,0
5906640463,8560307673,0,0.06835558265447617,0
5906640463,11072911116,0,0.06463608890771866,0
5906640463,8560307677,0,0.0434560552239418,0
8560307673,5906640473,0,0.05320724844932556,0
8560307673,8560627733,0,0.13615088164806366,0
11072911116,5906640463,0,0.06463608890771866,0
11072911116,11072911113,0,0.08082116395235062,0
8560307677,5906640463,0,0.0434560552239418,0
8560307677,8559883748,0,0.101438507437706,0
5906640473,8560307645,0,0.128078892827034,0
5906640473,8559883765,0,0.09543988108634949,0
8560307645,8560307647,0,0.15455134212970734,0
8559883765,3736983986,0,0.1664644181728363,0
8559883765,8559883764,0,0.20987877249717712,0
6028109503,1906053775,0,0.10625433176755905,0
8629185985,6028299628,0,0.06433768570423126,0
8629185985,8535649142,0,0.06996139138936996,0
8600977386,8600977389,0,0.05259082838892937,0
8600977386,320167429,0,0.09444781392812729,0
8600977386,6028109556,0,0.05950785428285599,0
6028109557,6028109560,0,0.038754407316446304,0
6028109557,8644288026,0,0.03940267115831375,0
8644288026,8644288025,0,0.06825949251651764,0
8644288026,6028109562,0,0.1300608068704605,0
6028109583,316921715,0,0.13757681846618652,0
6028109583,6028109560,0,0.07993380725383759,0
6028109562,2290116883,0,0.1909024715423584,0
6028112305,2290116881,0,0.13110046088695526,0
6028112311,6028112312,0,0.1387234628200531,0
6028112311,6028112305,0,0.11467035859823227,0
6028112312,6028112311,0,0.1387234628200531,0
6028112312,6028112363,0,0.16038605570793152,0
6028112363,8644288036,0,0.1787796914577484,0
6028112363,8644288040,0,0.14210450649261475,0
8644213105,8644213106,0,0.09790205955505371,0
8644213105,6028112317,0,0.13828065991401672,0
8644213106,8644213105,0,0.09790205955505371,0
8644213106,6028112315,0,0.017147669568657875,0
6028112315,6028112316,0,0.02112589217722416,0
6028112315,8632125397,0,0.020739128813147545,0
6028112315,6028112317,0,0.05517059564590454,0
6028112316,6028112315,0,0.02112589217722416,0
6028112316,2383631937,0,0.010619623586535454,0
6028112316,6028112383,0,0.028561273589730263,0
8632125397,8634451374,0,0.04043635353446007,0
8632125397,6028112315,0,0.020739128813147545,0
8632125397,11909545307,0,0.04835262522101402,0
6028112317,11909545307,0,0.08273855596780777,0
6028112383,6028112382,0,0.059505388140678406,0
6028112383,6028112376,0,0.08904320001602173,0
11909545307,319853114,0,0.09347057342529297,0
11909545307,8632125397,0,0.04835262522101402,0
8644288040,6028112305,0,0.1523587554693222,0
6028112376,6028112312,0,0.15801553428173065,0
6028112377,6028112376,0,0.1264757215976715,0
6028112377,6028112311,0,0.10101776570081711,0
6028112382,6028112377,0,0.09647008776664734,0
6028112397,6028112316,0,0.04359370842576027,0
6028112397,6028112382,0,0.06921934336423874,0
6028112406,6028112397,0,0.074052594602108,0
6028112407,6028112406,0,0.10880298167467117,0
6028112407,8644225923,0,0.10445704311132431,0
8644225923,11909545312,0,0.06642544269561768,0
8644225923,6028112407,0,0.10445704311132431,0
8644225923,11909545316,0,0.11465568840503693,0
6028112410,6028112406,0,0.12175925821065903,0
6028112410,6028112407,0,0.14172594249248505,0
6028298618,5456734498,0,0.13644084334373474,0
8573548351,6028298637,0,0.41618937253952026,1
8573548351,8643283705,0,0.4675021171569824,1
8573548351,7070788181,0,0.4416697323322296,1
8548248526,11953258690,0,0.3979424238204956,1
8523961078,8524316717,0,0.2847616374492645,0
8523961078,6028298646,0,0.2262101173400879,0
8523961078,8524316716,0,0.17876601219177246,0
8629185982,2291112175,0,0.1299329698085785,0
6028298663,11959729541,0,0.037683386355638504,0
6028298663,5456734461,0,0.03728153929114342,0
11959729541,6028298663,0,0.037683386355638504,0
11959729541,316784297,0,0.10440921038389206,0
6028299617,6028299619,0,0.1423465460538864,0
6028299617,8535649142,0,0.08169455081224442,0
8535649142,8629185986,0,0.04380020871758461,0
8535649142,8629185985,0,0.06996139138936996,0
8535649142,8605238189,0,0.021636217832565308,0
8628911248,6028299624,0,0.19176432490348816,0
8628911248,8628911246,0,0.18598808348178864,0
6028299624,8629185980,0,0.13602998852729797,0
8629185980,6028109503,0,0.11050477623939514,0
6028299628,8629185986,0,0.041416045278310776,0
6028299628,11959729541,0,0.03993486240506172,0
8629185986,6028298663,0,0.039598751813173294,0
8560112919,8560112918,0,0.24226580560207367,0
8560112919,6956292941,0,0.23775987327098846,0
316790716,6895666534,0,0.008356688544154167,0
316790716,316791365,0,0.012960609048604965,0
316790716,316791271,0,0.008175180293619633,0
8485885272,320771983,0,0.14666792750358582,0
8485885272,6956130185,0,0.17671765387058258,0
6956130196,5302825179,0,0.07957656681537628,0
6956130201,6956130204,0,0.19618837535381317,0
6956130204,11974642792,0,0.242439866065979,0
6956130204,11974651955,0,0.2614904046058655,0
11974642792,11974642824,0,0.24497918784618378,0
11974642792,11974651946,0,0.29200491309165955,0
11974651955,8634814125,0,0.3113468289375305,1
6956130226,320706327,0,0.3619365096092224,1
6956166541,6956166552,0,0.17531484365463257,0
6956166541,317212665,0,0.14628466963768005,0
6956166552,6956189768,0,0.11847275495529175,0
6956166547,6956166552,0,0.13087791204452515,0
6956166547,6956191362,0,0.18518929183483124,0
6956191362,6956191363,0,0.2015400230884552,0
6956191362,6956189768,0,0.17266637086868286,0
6956189768,6956191395,0,0.053903885185718536,0
6956191395,6956191350,0,0.10282094031572342,0
6956191395,6956191391,0,0.09202004969120026,0
6956191292,6956191299,0,0.1666068136692047,0
6956191292,320771985,0,0.1824118196964264,0
6956191290,8485898848,0,0.21816833317279816,0
6956191290,6956191289,0,0.17516210675239563,0
8485898848,8485898857,0,0.2526015639305115,0
8485898848,8485898851,0,0.21493595838546753,0
6956191299,6956191290,0,0.13856615126132965,0
6956191299,8604986509,0,0.23872721195220947,0
8604986509,318009256,0,0.4114430844783783,1
8604986509,8527049052,0,0.24417729675769806,0
6956191329,8485898874,0,0.15653027594089508,0
6956191329,6956166541,0,0.15099675953388214,0
6956191342,6956191344,0,0.07958462834358215,0
6956191342,3742280621,0,0.0531206876039505,0
6956191345,6956191346,0,0.09386351704597473,0
6956191345,317212674,0,0.06519030779600143,0
6956191346,6956191350,0,0.1442151516675949,0
6956191346,6956191391,0,0.1296667605638504,0
6956191350,6956191351,0,0.11621897667646408,0
6956191391,6956191404,0,0.08062038570642471,0
6956191391,6956191409,0,0.13483788073062897,0
6956191351,6956166547,0,0.08224980533123016,0
6956191351,6956191339,0,0.11786867678165436,0
6956191360,6956191362,0,0.21670447289943695,0
6956191360,317212665,0,0.1335260570049286,0
6956191361,6956191360,0,0.15504707396030426,0
6956191361,3153945718,0,0.1908598691225052,0
6956191404,6956191405,0,0.07770650833845139,0
6956191405,4309653507,0,0.0989108756184578,0
6956191405,6956191395,0,0.08910617232322693,0
12517162220,8597595614,0,0.11152602732181549,0
6956231494,6956231497,0,0.2200513333082199,0
6956231494,8573818040,0,0.26040834188461304,0
6956231497,6956231498,0,0.21519823372364044,0
8573818040,8573818039,0,0.24129094183444977,0
8573818040,8559092432,0,0.24882446229457855,0
6956231498,6956231541,0,0.291959285736084,0
6956231498,6956231500,0,0.29413533210754395,0
6956231541,6956231500,0,0.31577882170677185,1
6956231541,6956231536,0,0.3065117597579956,1
6956231500,6956231504,0,0.2836972177028656,0
6956231500,8659447200,0,0.24895131587982178,0
6956231504,6956231506,0,0.2682467997074127,0
8659447200,8659447184,0,0.2415197491645813,0
6956231506,12925446725,0,0.30706852674484253,1
6956231506,8559092408,0,0.27252382040023804,0
6956231536,6956231541,0,0.3065117597579956,1
6956231536,8559092466,0,0.34554386138916016,1
8559092466,8559092465,0,0.2868063449859619,0
6956248634,8559883764,0,0.2851075530052185,0
6956248634,6956248642,0,0.2851041853427887,0
8559883764,6956248634,0,0.2851075530052185,0
8559883764,8559883762,0,0.20412421226501465,0
6956248642,320707452,0,0.15770010650157928,0
6956248657,6956248658,0,0.20588727295398712,0
6956248657,12088896771,0,0.1994447112083435,0
6956248653,6956248654,0,0.19188082218170166,0
6956248653,329535474,0,0.18526840209960938,0
8451839505,320776200,0,0.22215446829795837,0
8451839505,3737148091,0,0.19319888949394226,0
6956248666,8559883748,0,0.17024730145931244,0
6956248666,5906640463,0,0.11180305480957031,0
6956248666,11811545047,0,0.1528024524450302,0
8559883748,8560112878,0,0.15696077048778534,0
8559883748,3154010233,0,0.2333725094795227,0
6956287075,8634814153,0,0.19886602461338043,0
6956287075,8634814135,0,0.24528315663337708,0
6956287039,3155752782,0,0.1912216693162918,0
6956287039,6956287051,0,0.1607079654932022,0
6956287038,3155752814,0,0.1449858695268631,0
6956287038,6956287053,0,0.09770341217517853,0
6956287053,6956287054,0,0.08637966215610504,0
6956287051,6956287038,0,0.13240644335746765,0
8556786649,6956287036,0,0.15429651737213135,0
8556786649,8556786650,0,0.11078973859548569,0
6956287054,6956287045,0,0.13912157714366913,0
6956287054,6956292963,0,0.08071418851613998,0
8634814153,8634814152,0,0.22606077790260315,0
8634814153,325665778,0,0.1763194054365158,0
8634814135,8556786811,0,0.2816605269908905,0
8634814136,8634814123,0,0.3630428910255432,1
8634814136,6956287028,0,0.34181272983551025,1
6956292919,3748759301,0,0.17485591769218445,0
6956292919,8577400329,0,0.23647472262382507,0
8577400329,6956292957,0,0.28038105368614197,0
6956292941,8577400328,0,0.2153581827878952,0
6956292941,3748759032,0,0.19116288423538208,0
8577400328,8577400329,0,0.25887662172317505,0
8577400328,3748759301,0,0.196702778339386,0
6956292957,6956292941,0,0.23686262965202332,0
6956292957,8560112918,0,0.24129486083984375,0
8560112918,3153994048,0,0.21686983108520508,0
8560112918,8560112916,0,0.18361985683441162,0
8451839481,320776190,0,0.17198094725608826,0
8451839481,8659081777,0,0.16028839349746704,0
6956292977,8559883773,0,0.1238783448934555,0
6956292977,6956292997,0,0.12021952122449875,0
8559883773,6956292991,0,0.10458918660879135,0
8559883773,6956325870,0,0.24496868252754211,0
8559883773,8556006712,0,0.10855871438980103,0
6956292997,6956292977,0,0.12021952122449875,0
6956292997,6956293003,0,0.10186237096786499,0
6956292991,8559883773,0,0.10458918660879135,0
6956292991,6956292977,0,0.10776794701814651,0
6956292991,6956325837,0,0.15541408956050873,0
6956292991,8559883727,0,0.08099114149808884,0
8559883727,8560236624,0,0.06913992762565613,0
8559883727,6956292991,0,0.08099114149808884,0
6956293008,8530816767,0,0.12024200707674026,0
6956293008,8585246360,0,0.13157755136489868,0
8585246360,8585246361,0,0.07246221601963043,0
8585246360,8523150149,0,0.0646522268652916,0
6956293014,8523150149,0,0.08512917906045914,0
6956293014,8585246361,0,0.09108147770166397,0
8523150149,6956336075,0,0.11804242432117462,0
8585246361,8585246360,0,0.07246221601963043,0
8585246361,6956293008,0,0.10689548403024673,0
6956293018,8527105003,0,0.1678197681903839,0
6956293018,8530816761,0,0.1392400562763214,0
8527105003,6956292919,0,0.18441523611545563,0
6956325843,6956335996,0,0.25725257396698,0
6956325843,6956325876,0,0.2527496814727783,0
6956335996,6956325843,0,0.25725257396698,0
6956335996,8557570451,0,0.23345345258712769,0
6956335996,8485265948,0,0.12618350982666016,0
6956325869,6956325870,0,0.3281586766242981,1
6956325869,6956325837,0,0.25468841195106506,0
6956325870,6956325869,0,0.3281586766242981,1
6956325870,8557570450,0,0.32571613788604736,1
8557570450,8557570451,0,0.26866036653518677,0
8557570450,6956325843,0,0.2925069332122803,0
8557570451,8557570450,0,0.26866036653518677,0
8557570451,6956325869,0,0.2711462080478668,0
8485265948,8487770552,0,0.07896600663661957,0
8485265948,6956335996,0,0.12618350982666016,0
8485265948,8485265955,0,0.0932634100317955,0
6956336031,8499641181,0,0.19713732600212097,0
6956336031,6956336074,0,0.14893396198749542,0
8499641181,8499641180,0,0.17695794999599457,0
8499641181,8499641156,0,0.1411619782447815,0
6956336074,6956336139,0,0.08563083410263062,0
6956336074,6956336086,0,0.10422739386558533,0
6956336065,6956336167,0,0.1443846970796585,0
6956336065,6956336164,0,0.1401062160730362,0
6956336139,6956336086,0,0.09905485063791275,0
6956336139,6956336140,0,0.08441589027643204,0
6956336086,6956293014,0,0.12781308591365814,0
6956336075,8527105013,0,0.20622940361499786,0
6956336075,6956336080,0,0.22216397523880005,0
8527105013,319846596,0,0.1634388118982315,0
8527105013,8527105004,0,0.23159955441951752,0
6956336080,8523150150,0,0.16160759329795837,0
8523150150,6956336031,0,0.15265464782714844,0
8577400333,8577400332,0,0.059241749346256256,0
8577400333,6956336112,0,0.09107749909162521,0
8527105014,8527105013,0,0.19038502871990204,0
8527105014,6956336080,0,0.2039889395236969,0
6956336140,6956336139,0,0.08441589027643204,0
6956336140,6956336144,0,0.08662956207990646,0
6956336144,6956336140,0,0.08662956207990646,0
6956336144,6956336160,0,0.10996260493993759,0
6956336160,6956336144,0,0.10996260493993759,0
6956336160,8536091434,0,0.17025241255760193,0
8536091434,6956336161,0,0.15555216372013092,0
8536091434,8536091417,0,0.14212101697921753,0
12088821689,8577939423,0,0.10938200354576111,0
12088821689,6956336167,0,0.10029378533363342,0
12088821689,8499009019,0,0.09021227061748505,0
7070788120,11953193363,0,0.36274978518486023,1
7070788120,7070827585,0,0.3530937433242798,1
11953193363,7070788120,0,0.36274978518486023,1
11953193363,8523961091,0,0.43682289123535156,1
7070827585,7070827570,0,0.3636488616466522,1
7070827585,8563406970,0,0.3952147364616394,1
7070788155,7070788156,0,0.40371909737586975,1
7070788155,8532025890,0,0.36161258816719055,1
7070788156,7070827619,0,0.36802035570144653,1
7070788156,7070827616,0,0.4142412841320038,1
8532025890,8532025889,0,0.19121505320072174,0
8532025890,7070788163,0,0.19827482104301453,0
7070827619,8563500121,0,0.4287400245666504,1
7070827616,7070827632,0,0.45231059193611145,1
7070827616,7070827619,0,0.4368118345737457,1
7070788163,7070827499,0,0.1839367151260376,0
7070788163,8532025889,0,0.18006786704063416,0
7070827499,7070788163,0,0.1839367151260376,0
7070827499,8532025863,0,0.24822093546390533,0
8532025889,8532025890,0,0.19121505320072174,0
8532025889,7070788156,0,0.2589874267578125,0
7070788180,4295822972,0,0.4135110676288605,1
7070788180,11936958214,0,0.3742598593235016,1
11936958214,7070788181,0,0.389145165681839,1
11936958214,7070827534,0,0.47946104407310486,1
7070788181,4295822972,0,0.42839640378952026,1
7070788181,11936958214,0,0.389145165681839,1
7070788181,8573548351,0,0.4416697323322296,1
8532025863,8532025864,0,0.3375230133533478,1
8532025863,7070827533,0,0.4058234393596649,1
7070827533,7070827534,0,0.5338521599769592,1
7070827533,7070827613,0,0.5047217607498169,1
7070827533,7070788181,0,0.4425252079963684,1
7070827534,7070827533,0,0.5338521599769592,1
7070827534,8532025864,0,0.4700964391231537,1
7070827613,7070827533,0,0.5047217607498169,1
7070827613,7070788155,0,0.5089081525802612,1
8532025864,8532025861,0,0.41460496187210083,1
8532025864,8532025880,0,0.34471842646598816,1
7070827570,7070827574,0,0.3790597915649414,1
7070827570,7070827577,0,0.4255359470844269,1
7070827577,8563406970,0,0.45710182189941406,1
8563406970,8548248526,0,0.3839338421821594,1
8563406970,7070827585,0,0.3952147364616394,1
7070827632,7070827616,0,0.45231059193611145,1
7070827632,8647850191,0,0.34633705019950867,1
8563500121,7070788155,0,0.48994532227516174,1
8563500121,7070827613,0,0.485293984413147,1
8647850192,8647850191,0,0.2870921492576599,0
8647850192,7070827632,0,0.36483654379844666,1
8647850199,8647850192,0,0.2813855707645416,0
8647850199,7070827640,0,0.24327915906906128,0
8647850191,3154094156,0,0.25345009565353394,0
8647850191,3154094154,0,0.2847799062728882,0
7070827640,8643283699,0,0.2690536379814148,0
7070827640,8647850199,0,0.24327915906906128,0
8643283699,8643283705,0,0.37814173102378845,1
8643283699,7070827640,0,0.2690536379814148,0
7070862593,8532029546,0,0.3206632733345032,1
7070862593,8560173592,0,0.3249303102493286,1
8532029546,7070862597,0,0.3379935324192047,1
8560173592,8560173593,0,0.37069934606552124,1
8560173592,8532029547,0,0.3147760331630707,1
7070862597,7070862600,0,0.3577790856361389,1
7070862597,8560173601,0,0.37167415022850037,1
7070862600,7070862604,0,0.353235125541687,1
7070862600,7070862693,0,0.34117788076400757,1
8560173601,8560173603,0,0.35744890570640564,1
8560173601,8560173600,0,0.2708171010017395,0
7070862604,7070862593,0,0.3280518651008606,1
7070862604,7070862611,0,0.3855622708797455,1
7070862693,8560173604,0,0.32517045736312866,1
7070862611,8559092388,0,0.4153837263584137,1
7070862611,8559092347,0,0.463854044675827,1
8559092388,7070862613,0,0.44360077381134033,1
8559092347,8559092353,0,0.5031425952911377,1
7070862666,11205349808,0,0.4865047335624695,1
7070862666,8532025859,0,0.4453602731227875,1
8532025859,8532025863,0,0.3639151155948639,1
8532025859,7070827499,0,0.29665178060531616,0
7070862692,11991411605,0,0.25279852747917175,0
7070862692,7070862693,0,0.27838626503944397,0
11991411605,7070862604,0,0.30405178666114807,1
8560173604,7070862696,0,0.34140437841415405,1
8560173604,8559092425,0,0.341933935880661,1
7070905121,7070909205,0,0.4657701849937439,1
7070905121,7070905137,0,0.3833320140838623,1
7070909205,319283920,0,0.40616539120674133,1
7070909205,7070909215,0,0.40211716294288635,1
7070905137,9708542301,0,0.3409748673439026,1
9708542301,8659142046,0,0.39550521969795227,1
9708542301,7070909240,0,0.4157155156135559,1
7070905170,319285400,0,0.5086429715156555,1
7070909191,7070909324,0,0.2593672573566437,0
7070909191,8309152606,0,0.24594227969646454,0
7070909324,7070909325,0,0.27727195620536804,0
7070909324,7070909212,0,0.38504698872566223,1
8309152606,7070909308,0,0.26116281747817993,0
7070909215,319283930,0,0.40025582909584045,1
7070909215,319283920,0,0.42079123854637146,1
7070909209,7070909191,0,0.25726309418678284,0
7070909209,8309152609,0,0.3253355920314789,1
8309152609,7070905137,0,0.29102054238319397,0
7070909216,7070909215,0,0.46073460578918457,1
7070909216,7070905170,0,0.49112018942832947,1
8309152618,7070909325,0,0.2531864643096924,0
8309152618,8309152623,0,0.25475436449050903,0
7070909240,8659091199,0,0.36040350794792175,1
7070909240,7070909243,0,0.391836017370224,1
7070909243,11974774305,0,0.42190805077552795,1
7070909243,11974774361,0,0.3222079873085022,1
11974774305,317207379,0,0.3471517860889435,1
11974774361,11974714983,0,0.20582154393196106,0
11974774361,11974774366,0,0.1609289050102234,0
7070909262,7070909263,0,0.2634425461292267,0
7070909263,7070909268,0,0.24568107724189758,0
7070909263,7070909338,0,0.24780437350273132,0
7070909268,7070909270,0,0.24883826076984406,0
7070909338,7070909288,0,0.2126649022102356,0
7070909338,7070909333,0,0.24132809042930603,0
7070909271,7070909262,0,0.2288230061531067,0
7070909271,8309152615,0,0.23642002046108246,0
8309152615,7070909209,0,0.278406023979187,0
8309152615,8309152609,0,0.3126041293144226,1
7070909278,7070909280,0,0.26994144916534424,0
7070909278,8650441338,0,0.18898172676563263,0
7070909330,320594936,0,0.3425144851207733,1
7070909330,7070909282,0,0.3191731572151184,1
7070909282,7070909283,0,0.2533615231513977,0
7070909283,7070909288,0,0.20980951189994812,0
7070909283,7070909268,0,0.21296711266040802,0
7070909288,8658073315,0,0.27195870876312256,0
8658073315,7070909333,0,0.3402197062969208,1
8658073315,7070909275,0,0.32017987966537476,1
7070909308,7070909339,0,0.21848584711551666,0
7070909308,8654611168,0,0.2745445668697357,0
7070909339,7070909308,0,0.21848584711551666,0
7070909339,7070909324,0,0.23751555383205414,0
7070909325,7070909209,0,0.2751677930355072,0
7070909325,8309152623,0,0.2607659697532654,0
8309152623,7070909262,0,0.25449949502944946,0
7070909333,8658073298,0,0.3263882100582123,1
8658073298,7070909221,0,0.35418638586997986,1
8658073298,319283930,0,0.3864598274230957,1
7070919879,10547863121,0,0.15975914895534515,0
7070919879,7070927013,0,0.14942395687103271,0
10547863121,7070927026,0,0.20581503212451935,0
7070927013,10547863124,0,0.15759210288524628,0
7070927013,317097555,0,0.1423167735338211,0
10547863124,8527120662,0,0.17442402243614197,0
7070927018,7070927023,0,0.2050265669822693,0
7070927018,7070927025,0,0.14486098289489746,0
7070927023,8528782153,0,0.20506072044372559,0
7070927025,11953938203,0,0.11946463584899902,0
8528782153,8528782150,0,0.17209963500499725,0
8528782153,8528833429,0,0.1919281780719757,0
11953938203,7070927026,0,0.20675189793109894,0
11953938203,10547863122,0,0.16035430133342743,0
7070927026,7070927018,0,0.23214824497699738,0
7070927026,7070927034,0,0.2226008176803589,0
7070927034,8643108620,0,0.21890555322170258,0
7070927034,8643108609,0,0.2891285717487335,0
7070927028,7070927018,0,0.20714516937732697,0
7070927028,7070927023,0,0.17951741814613342,0
7070927033,7070927034,0,0.22631558775901794,0
7070927033,7070927028,0,0.19957534968852997,0
8643108620,8643108621,0,0.2642248272895813,0
8643108620,8659203445,0,0.219817653298378,0
8643108609,8643108604,0,0.3267256021499634,1
8643108609,8643108620,0,0.28020837903022766,0
3155733730,7182277474,0,0.0419759675860405,0
3155733730,7182277455,0,0.052286386489868164,0
7428881356,8543786048,0,0.3628518581390381,1
8543786048,318141828,0,0.2793005108833313,0
8543786048,8659091198,0,0.1686950922012329,0
7492213136,7492213135,0,0.3799495995044708,1
7492213136,8601859343,0,0.33598533272743225,1
7492213137,7492213138,0,0.35530245304107666,1
7492213137,11876622918,0,0.3482847213745117,1
7492213138,7492213137,0,0.35530245304107666,1
7492213138,7492213136,0,0.3754861056804657,1
11876622918,11974774294,0,0.39608436822891235,1
8309152608,7070909191,0,0.24535389244556427,0
8309152608,8309152606,0,0.26790744066238403,0
8659081777,320776190,0,0.15408240258693695,0
8659081777,8582920261,0,0.08953279256820679,0
8451855738,8860294365,0,0.34777718782424927,1
8451855738,8658073338,0,0.2919277846813202,0
8658073338,8451855768,0,0.28358620405197144,0
8658073338,8658073327,0,0.38560569286346436,1
12088708710,8451855744,0,0.26348093152046204,0
12088708710,320596875,0,0.3447192311286926,1
8451855768,8543786083,0,0.3177870512008667,1
8543786083,7428881356,0,0.4150240421295166,1
8478213692,8478197407,0,0.020519517362117767,0
8478213692,5327432252,0,0.011661900207400322,0
8478213692,8478686410,0,0.012289479374885559,0
8478213952,8478686410,0,0.01107715629041195,0
8478213952,3748698043,0,0.010674318298697472,0
8478213952,8478213910,0,0.011553472839295864,0
8485928608,8481822483,0,0.033904433250427246,0
8485928608,8485928597,0,0.05507460609078407,0
8481822487,6956130189,0,0.2721278667449951,0
8481822489,3153881541,0,0.11115455627441406,0
8481822489,8499640788,0,0.12104837596416473,0
8499640788,8481822511,0,0.11240506917238235,0
8499640788,8499640797,0,0.09826457500457764,0
8481822511,3748851362,0,0.07728832960128784,0
8481822515,8481828828,0,0.10246388614177704,0
8481822515,8657998536,0,0.07959145307540894,0
8481822515,8481822487,0,0.1755203902721405,0
8657998563,8481822489,0,0.07696361839771271,0
8485265966,8488091377,0,0.11364343017339706,0
8485265966,8484662949,0,0.23590631783008575,0
8485265966,8485265955,0,0.1377953141927719,0
8485265966,8610981251,0,0.2646503746509552,0
8610981251,8485265966,0,0.2646503746509552,0
8610981251,8594974522,0,0.3051280081272125,1
8485898857,6956191329,0,0.1800013929605484,0
8485898857,6956191360,0,0.18682044744491577,0
8499372827,8487770552,0,0.07370001822710037,0
8499372827,8499346396,0,0.053041011095047,0
8499372827,8586258140,0,0.0801747664809227,0
319323724,8496444836,0,0.3314913809299469,1
319323724,8496444820,0,0.26696667075157166,0
8496444886,8496444880,0,0.19720567762851715,0
8496444886,8503709307,0,0.23552991449832916,0
8496444880,8496444886,0,0.19720567762851715,0
8496444880,3155744121,0,0.23537470400333405,0
8503709307,8503709306,0,0.2677275538444519,0
8503709307,8496444921,0,0.2221953570842743,0
8496444911,8496444910,0,0.43424224853515625,1
8496444910,319597700,0,0.42150160670280457,1
8496444910,8860380809,0,0.3890819251537323,1
8496444912,8496444911,0,0.3681964874267578,1
8496444912,3154118856,0,0.33877241611480713,1
3154118856,8485885547,0,0.31742462515830994,1
3154118856,8657744332,0,0.33087947964668274,1
8496444920,12966051640,0,0.23438510298728943,0
8496444920,8496444995,0,0.2176583707332611,0
12966051640,12966051641,0,0.2837841808795929,0
12966051640,8496444912,0,0.33853086829185486,1
8496444995,319597466,0,0.24051515758037567,0
8496444995,8496445005,0,0.2681238055229187,0
8496444921,8496444920,0,0.16371479630470276,0
8496444921,319323720,0,0.24666514992713928,0
319323720,8496444836,0,0.350739985704422,1
319323720,319323724,0,0.2747717797756195,0
8499640797,11955542909,0,0.06047118827700615,0
8499640797,8499009019,0,0.05497674643993378,0
8499269593,8499640770,0,0.08356208354234695,0
8499269593,10246237977,0,0.08265183120965958,0
8499640770,8499269593,0,0.08356208354234695,0
8499640770,11955542907,0,0.12701305747032166,0
8499640770,8523150183,0,0.09595146775245667,0
10246237977,8499640760,0,0.09829217195510864,0
10246237977,8523150179,0,0.12170521914958954,0
8499372874,8499346396,0,0.057179998606443405,0
8499372874,8577812212,0,0.028595156967639923,0
8499372874,8499372871,0,0.02885504812002182,0
8499640760,10246237977,0,0.09829217195510864,0
8499640760,8499640770,0,0.0988864153623581,0
11955542907,8499640787,0,0.11430402845144272,0
11955542907,11955542908,0,0.12392605096101761,0
11955542908,3153881541,0,0.10537712275981903,0
11955542909,8481822511,0,0.07472822070121765,0
11955542909,11955542912,0,0.11350284516811371,0
8499641156,8523150150,0,0.0971641018986702,0
8499641180,3748851260,0,0.1404164731502533,0
8499641180,8536083416,0,0.11135690659284592,0
8536083416,319309062,0,0.051131442189216614,0
8536083416,8536083411,0,0.05987774208188057,0
8536091417,8536083416,0,0.07757509499788284,0
8536091417,8499641181,0,0.12808559834957123,0
8500165907,8500165910,0,0.21894045174121857,0
8500165907,3154078696,0,0.24540342390537262,0
8500165910,8500165907,0,0.21894045174121857,0
8500165910,8500165927,0,0.23701612651348114,0
8500165927,8500165925,0,0.2389966994524002,0
8500165927,8669055711,0,0.24591770768165588,0
8500165924,8500165925,0,0.22336825728416443,0
8500165924,8500165907,0,0.2304086685180664,0
8500165925,8500165924,0,0.22336825728416443,0
8500165925,8500165932,0,0.15857641398906708,0
8500165932,8500165931,0,0.1549282670021057,0
8500165932,8500165930,0,0.1300368309020996,0
8500165949,3154078662,0,0.17688792943954468,0
5335982525,12925326288,0,0.08745712786912918,0
8500166083,8500166579,0,0.18272268772125244,0
8500166579,5335976470,0,0.15917286276817322,0
8500166579,8500166001,0,0.145583376288414,0
8500166577,8500166578,0,0.15974175930023193,0
8500166577,8500166083,0,0.18627747893333435,0
8573574807,317214372,0,0.06750134378671646,0
8502541327,5187423434,0,0.08225569128990173,0
8502541327,317076955,0,0.09911396354436874,0
8503709306,8503709307,0,0.2677275538444519,0
8503709306,8496444880,0,0.22902880609035492,0
8530450441,8530450442,0,0.201814204454422,0
8530450441,8530450448,0,0.20054855942726135,0
8523150134,8634814174,0,0.23914019763469696,0
8523150134,319846782,0,0.15725694596767426,0
8634814174,8634814173,0,0.1911117136478424,0
8634814174,8523150169,0,0.24081434309482574,0
8577400239,8577400240,0,0.05230149254202843,0
8577400239,6956336109,0,0.08239928632974625,0
8523150161,8556741783,0,0.1254928708076477,0
8556741783,8556786836,0,0.09209174662828445,0
8556741783,8523150160,0,0.14146824181079865,0
8556741781,6956130201,0,0.2142343372106552,0
8556741781,8523150161,0,0.23197905719280243,0
8556786875,8556786876,0,0.11756597459316254,0
8556786875,8523150183,0,0.1335536241531372,0
8523150179,8523150154,0,0.15848511457443237,0
8577336903,8523150179,0,0.14330771565437317,0
8577336903,8499640760,0,0.11989467591047287,0
8524316716,8524316715,0,0.1398506909608841,0
8524316716,4428541071,0,0.07042096555233002,0
8523961091,8523961078,0,0.37157851457595825,1
8523961091,11953193358,0,0.423630028963089,1
11953193358,8523961091,0,0.423630028963089,1
11953193358,11953193364,0,0.3455235958099365,1
8524377253,318009165,0,0.11374897509813309,0
8524377253,8524377392,0,0.14926834404468536,0
8524377257,8524377239,0,0.17081968486309052,0
8524377239,318009340,0,0.1684565246105194,0
8524377239,8524377242,0,0.13278280198574066,0
8524377242,8524377241,0,0.14298364520072937,0
8524377241,8524377237,0,0.168929323554039,0
8524377241,8604452553,0,0.15968605875968933,0
8524377392,8524377390,0,0.2283652275800705,0
8524377392,8524377396,0,0.19740281999111176,0
8524377285,8524377268,0,0.10874372720718384,0
8524377285,8524377424,0,0.0925440713763237,0
8573574811,8573574810,0,0.13638679683208466,0
8573574811,8573574809,0,0.1673116236925125,0
8524377301,8536049104,0,0.1415923535823822,0
8524377301,8524377296,0,0.1366448700428009,0
8531787369,8531787368,0,0.18651646375656128,0
8531787369,8647352299,0,0.15305517613887787,0
8531787367,8531787374,0,0.11729233711957932,0
8531787367,8531787376,0,0.08432114869356155,0
8524377397,318009165,0,0.19101406633853912,0
8524377390,8524377396,0,0.1978757530450821,0
8524377390,8524377391,0,0.18623127043247223,0
8597726382,8597595588,0,0.1421801894903183,0
8597726382,8597726385,0,0.2136707603931427,0
8524377385,318007584,0,0.07306782901287079,0
8524377385,8524377364,0,0.11596336960792542,0
8524377396,318127908,0,0.15728724002838135,0
8524377423,8524377385,0,0.10870204865932465,0
8524377423,8524377430,0,0.07854505628347397,0
10222714301,10222714300,0,0.03701630234718323,0
10222714301,6956191346,0,0.09846501052379608,0
8527049052,8527049053,0,0.12296662479639053,0
8527049053,2627197694,0,0.14781013131141663,0
8527049053,8529139975,0,0.13103435933589935,0
8527049066,8527049063,0,0.15048067271709442,0
8527049066,8527049064,0,0.16988155245780945,0
8527049067,8642953430,0,0.27381765842437744,0
8642953430,8659203485,0,0.2487267553806305,0
8642953430,8642953432,0,0.27587729692459106,0
8527049101,317097477,0,0.11807969957590103,0
8527049101,320705342,0,0.15755681693553925,0
8527351568,8527351567,0,0.17123697698116302,0
8527351568,8527049108,0,0.20632703602313995,0
8528833459,8527049113,0,0.1964307725429535,0
8528833459,8528833460,0,0.2527775168418884,0
8527120661,8527351576,0,0.2605280876159668,0
8527120661,319840897,0,0.22517235577106476,0
8527351576,319840897,0,0.25646793842315674,0
8527351576,8658990852,0,0.28933918476104736,0
8527351572,8527120661,0,0.2361442893743515,0
8527351572,8658992021,0,0.22571970522403717,0
8528782166,317059120,0,0.19661743938922882,0
8528782166,8527228280,0,0.19107498228549957,0
8527351547,8527228280,0,0.25171390175819397,0
8527351547,319323775,0,0.2558864951133728,0
8527228282,8650531683,0,0.3019236922264099,1
8527228282,9873800373,0,0.31212228536605835,1
9873800373,319271048,0,0.2538245916366577,0
8527351550,319323775,0,0.20838169753551483,0
8527351550,8527351547,0,0.24972669780254364,0
8527351585,8658990852,0,0.2951604127883911,0
8527351585,8658990853,0,0.25960424542427063,0
8658990853,319324247,0,0.28094321489334106,0
8658990853,319324242,0,0.3426817059516907,1
8528777792,8528777791,0,0.25156086683273315,0
8528777792,319320773,0,0.22136174142360687,0
8658990896,12338742993,0,0.28401893377304077,0
8658990896,12338742995,0,0.28950026631355286,0
8528777791,319322149,0,0.255547434091568,0
12338742994,12338742995,0,0.2593404948711395,0
12338742994,12338742993,0,0.25331857800483704,0
8528777814,319322163,0,0.23647233843803406,0
8528777814,319322162,0,0.1672907918691635,0
8528777815,8528777814,0,0.1765732765197754,0
8528777815,8528782127,0,0.22715090215206146,0
8528782127,8659203445,0,0.26428747177124023,0
8528782127,8643108621,0,0.31827983260154724,1
8659203445,8659203447,0,0.2737981379032135,0
8659203445,11936982415,0,0.3013235628604889,1
8643108621,7070927033,0,0.2760602831840515,0
11953878650,11955000970,0,0.29647964239120483,0
11953878650,319323579,0,0.19731836020946503,0
8528833428,319322025,0,0.18598046898841858,0
8528833428,8528782158,0,0.2022852748632431,0
8529139976,8527049101,0,0.11744071543216705,0
8529139976,8527049066,0,0.12333391606807709,0
8530429582,8610981251,0,0.3059249520301819,1
8530429582,8530450424,0,0.2564987242221832,0
8530450424,11959902657,0,0.3050684630870819,1
8530429586,8594974524,0,0.23434919118881226,0
8530429586,8520442263,0,0.18174511194229126,0
8594974524,8530429586,0,0.23434919118881226,0
8594974524,8594974523,0,0.24516282975673676,0
8530450454,8530450453,0,0.10746647417545319,0
8530450454,8530429605,0,0.07609854638576508,0
8642817627,8642817626,0,0.08852158486843109,0
8642817627,8642817417,0,0.10911858826875687,0
8642793416,8642817417,0,0.12666191160678864,0
8642793416,8642817626,0,0.10665309429168701,0
11959902657,8610864978,0,0.4520878791809082,1
11959902657,11959902655,0,0.3382456600666046,1
8530450442,8530450441,0,0.201814204454422,0
8530450442,8594974524,0,0.20485861599445343,0
8530450448,8530450449,0,0.15275859832763672,0
8530450448,8530429593,0,0.10904132574796677,0
8531787374,8531787367,0,0.11729233711957932,0
8531787374,8531787369,0,0.1648484319448471,0
8531787376,8531787374,0,0.11627321690320969,0
8531787376,8560134167,0,0.08185616135597229,0
8531787368,319311067,0,0.150093212723732,0
8647352299,8647352298,0,0.12495970726013184,0
8647352299,8524377302,0,0.20276808738708496,0
8560134167,8531787376,0,0.08185616135597229,0
8560134167,8560134145,0,0.07121693342924118,0
8532025856,8532025881,0,0.356924444437027,1
8532025856,8562870344,0,0.37161579728126526,1
8532025881,8532025880,0,0.38344863057136536,1
8532025881,8532025861,0,0.45318353176116943,1
8562870344,8562870350,0,0.5098986625671387,1
8562870344,8532025856,0,0.37161579728126526,1
8532025861,8532025859,0,0.44099706411361694,1
8532025861,7070862666,0,0.4739100933074951,1
8532025880,8532025881,0,0.38344863057136536,1
8532025880,8532025856,0,0.30339908599853516,1
8532029547,8532029548,0,0.3114113211631775,1
8532029547,319326803,0,0.3711753785610199,1
8532029548,8532029547,0,0.3114113211631775,1
8532029548,8560173593,0,0.367263525724411,1
8560173593,8560173592,0,0.37069934606552124,1
8560173593,8532029546,0,0.3663136661052704,1
8605238189,8585672451,0,0.016820121556520462,0
8605238189,8535649142,0,0.021636217832565308,0
8605238189,8586245772,0,0.031697824597358704,0
8536083412,8536083411,0,0.12086255848407745,0
8536083412,319309062,0,0.11269737035036087,0
8536083411,8536083412,0,0.12086255848407745,0
8536083411,8536083382,0,0.05635324865579605,0
8543786039,8643071400,0,0.39564207196235657,1
8543786039,8543786042,0,0.4690502882003784,1
8643071400,8543786042,0,0.4873018264770508,1
8643071400,11938702145,0,0.4058093726634979,1
8543786042,11941642519,0,0.5492238998413086,1
11941642519,11941642520,0,0.4764110743999481,1
11941642519,320597088,0,0.5243892669677734,1
8659091198,8659091197,0,0.1608159840106964,0
8659091198,8659091199,0,0.22232548892498016,0
8543786077,7428881356,0,0.38720089197158813,1
8543786077,8543786083,0,0.32055601477622986,1
11938742556,320597088,0,0.48496702313423157,1
11938742556,11941642520,0,0.4369238615036011,1
11953258690,8562870361,0,0.4264526963233948,1
11953258690,8562870361,1,0.4264526963233948,1
5335976470,8500166003,0,0.13228248059749603,0
5335976470,8548625605,0,0.15411615371704102,0
5335976470,5335976457,0,0.12538611888885498,0
8556786702,8556786701,0,0.15569502115249634,0
8556786702,8556786665,0,0.21317055821418762,0
8556786665,8556786666,0,0.2494879812002182,0
8556786665,325773804,0,0.268633633852005,0
8556786666,8556786665,0,0.2494879812002182,0
8556786666,8556786701,0,0.191915825009346,0
8556786701,319845832,0,0.17138297855854034,0
8556786701,8556786722,0,0.24766242504119873,0
8556786675,8556786722,0,0.27683910727500916,0
8556786675,319845832,0,0.20052428543567657,0
8556786722,11974714970,0,0.2799244821071625,0
11974714970,11974714973,0,0.22775283455848694,0
11974714970,11974714982,0,0.2994246184825897,0
8556786759,8642853423,0,0.2938940227031708,0
8642853423,8642842978,0,0.3348914384841919,1
8642853423,8642953541,0,0.22316792607307434,0
8556786785,2022818578,0,0.3767906427383423,1
8556786785,8543786039,0,0.37389153242111206,1
8642922589,8642922587,0,0.22122244536876678,0
8642922589,8642922563,0,0.28788554668426514,0
8556786811,8659081779,0,0.3024423122406006,1
8556786811,6956287076,0,0.32212120294570923,1
8659081779,6956287071,0,0.24893876910209656,0
8659081779,8659081784,0,0.2862439751625061,0
8634814152,8634814153,0,0.22606077790260315,0
8634814152,8659081784,0,0.2720473110675812,0
8556786833,8556786832,0,0.12319435179233551,0
8556786833,8556786708,0,0.1426745355129242,0
8560134148,8560134146,0,0.031817562878131866,0
8560134148,8559046184,0,0.014386876486241817,0
8559092353,8559092348,0,0.41964954137802124,1
8559092353,8559092391,0,0.4233356714248657,1
8559092348,8559092349,0,0.37538331747055054,1
8559092349,329118587,0,0.3064105808734894,1
8559092349,8559092352,0,0.39734596014022827,1
8559092352,3746784301,0,0.4381292760372162,1
8559092362,8559092347,0,0.43390733003616333,1
8559092362,8559092388,0,0.383461058139801,1
11385811183,11385811184,0,0.4285021424293518,1
12376112271,12376112272,0,0.23997853696346283,0
12376112271,320586690,0,0.24639073014259338,0
8573818039,8573818040,0,0.24129094183444977,0
8573818039,6956231497,0,0.20203116536140442,0
8559092451,3154036443,0,0.2875909209251404,0
8559092453,8559092466,0,0.29028093814849854,0
8559092453,6956231536,0,0.275120347738266,0
8560186018,8560186017,0,0.34541863203048706,1
8560186018,8560186020,0,0.4126085638999939,1
8559092465,12376112272,0,0.17772886157035828,0
8559092465,320586690,0,0.1839984804391861,0
12376112272,12376112271,0,0.23997853696346283,0
12376112272,320586591,0,0.18544992804527283,0
8559092508,8662351447,0,0.347463458776474,1
8559092508,3663083881,0,0.3577282428741455,1
8655213123,8655213124,0,0.17683829367160797,0
8655213123,8560173615,0,0.21306845545768738,0
8655213186,320586568,0,0.2767249345779419,0
8655213186,8659447215,0,0.22036947309970856,0
8560236624,3154010290,0,0.06829627603292465,0
8560236624,8560236661,0,0.0701797604560852,0
8560236625,8560236624,0,0.050445307046175,0
8560236625,8559883727,0,0.05456104874610901,0
8560112878,8560112877,0,0.10594259202480316,0
8560112878,8559883771,0,0.10785916447639465,0
8560105792,8560105793,0,0.16330301761627197,0
8560105792,11101726094,0,0.15353184938430786,0
8560105793,3154010373,0,0.11141634732484818,0
8560105793,8560112818,0,0.07731118053197861,0
11101726094,11101726093,0,0.1483960747718811,0
11101726094,8559883728,0,0.11002510786056519,0
8560112818,8560112832,0,0.05536910891532898,0
8560112817,8560236676,0,0.14325742423534393,0
8560112817,3154010357,0,0.11032506823539734,0
8560112832,3155775141,0,0.11408404260873795,0
8560112832,8560112817,0,0.12647704780101776,0
8585246358,8560112870,0,0.1313427984714508,0
8585246358,8560112829,0,0.08271314948797226,0
8560627767,3154035821,0,0.17049220204353333,0
8560627767,8560627768,0,0.1457042545080185,0
8560627767,8560112860,0,0.2462354153394699,0
8560112870,3155769923,0,0.12233427911996841,0
8560112870,8560315325,0,0.1357816755771637,0
8560112870,8560112861,0,0.16007156670093536,0
8560315325,8585246358,0,0.09150049835443497,0
8560315325,8560112870,0,0.1357816755771637,0
8560315325,8560642751,0,0.08869441598653793,0
11811545046,11811545047,0,0.13092325627803802,0
11811545046,8560112877,0,0.09733892977237701,0
11811545046,8560642751,0,0.10107892751693726,0
8560134145,8560134146,0,0.061805590987205505,0
8560134145,8560134148,0,0.03580738231539726,0
8560134146,8560134145,0,0.061805590987205505,0
8560134146,8560134167,0,0.06722657382488251,0
8560173551,8559092375,0,0.2514423131942749,0
8560173551,8559092423,0,0.3249397277832031,1
8560173600,8560173601,0,0.2708171010017395,0
8560173600,7070862600,0,0.2920767366886139,0
8560173603,8560173602,0,0.29149681329727173,0
8560173603,328979598,0,0.26455530524253845,0
8560173615,8560173616,0,0.21200530230998993,0
8560173615,8559092455,0,0.246003657579422,0
8655213124,319283186,0,0.13266900181770325,0
8560186017,8560186018,0,0.34541863203048706,1
8560186017,8559092451,0,0.29469987750053406,0
8560186020,8560186019,0,0.43870705366134644,1
8560186020,8559092508,0,0.3940832316875458,1
8560186019,8560186020,0,0.43870705366134644,1
8560186019,8560186017,0,0.3716084957122803,1
8560236690,8560236689,0,0.22053977847099304,0
8560236661,8560236660,0,0.08499806374311447,0
8560236638,8560219376,0,0.12525220215320587,0
8560236638,3154010314,0,0.1503695249557495,0
8560236660,3154010328,0,0.10114260762929916,0
8560236660,8560236639,0,0.13266007602214813,0
8560236701,8560236700,0,0.10216914862394333,0
8560236701,8560236676,0,0.10650967806577682,0
8560236689,3154044034,0,0.16880394518375397,0
8560236689,3154044040,0,0.264837384223938,0
8560307647,8560307677,0,0.05379251018166542,0
8560307647,8560307673,0,0.08051478862762451,0
8560307672,8649530195,0,0.19032789766788483,0
8560307672,8662075246,0,0.1580025851726532,0
8649530195,8649530192,0,0.20712874829769135,0
8662075246,8662075247,0,0.1487298309803009,0
8662075246,8662075285,0,0.0748371109366417,0
8560307711,11072911113,0,0.1089172288775444,0
8560307711,3155768691,0,0.14758063852787018,0
11072911113,8560307711,0,0.1089172288775444,0
11072911113,11072911116,0,0.08082116395235062,0
8649467741,8649467742,0,0.14419429004192352,0
8649467741,8649530191,0,0.16080208122730255,0
8562870361,11936944577,0,0.4309496581554413,1
11936944577,11936944581,0,0.4681500792503357,1
11936944577,11936944571,0,0.48629066348075867,1
11953258688,11953258687,0,0.48010513186454773,1
8643283705,6028298629,0,0.3138405680656433,1
8643283705,8643283699,0,0.37814173102378845,1
8577939420,319309030,0,0.09118855744600296,0
8577939420,8577939423,0,0.07281140983104706,0
8577939423,12088821689,0,0.10938200354576111,0
8577939423,8578006974,0,0.10596135258674622,0
8578006974,319309030,0,0.12435083091259003,0
8578006974,8578006978,0,0.1468648761510849,0
8577939460,8577939420,0,0.07852337509393692,0
8598631257,8598631256,0,0.06270143389701843,0
8598631257,3153979196,0,0.07073863595724106,0
8585672451,8585026557,0,0.02384781837463379,0
8585672451,8605238189,0,0.016820121556520462,0
8585672451,8586245772,0,0.034010954201221466,0
8586245772,8585672451,0,0.034010954201221466,0
8586245772,8586245764,0,0.039633482694625854,0
8586245772,8605238189,0,0.031697824597358704,0
8594905535,8594905536,0,0.07070416212081909,0
8594905535,8594190017,0,0.06323160976171494,0
8594171416,3745225540,0,0.10235077142715454,0
8594171416,8594171400,0,0.033177126199007034,0
8594190033,8524377385,0,0.08138768374919891,0
8594190022,8597726396,0,0.23101624846458435,0
8597726396,13300912752,0,0.24400745332241058,0
8597726396,8597595614,0,0.22046178579330444,0
8594190034,8594190033,0,0.0666934996843338,0
8594190034,8594171416,0,0.058964427560567856,0
8594905543,8597726371,0,0.17827510833740234,0
8597726371,8597595607,0,0.1259731948375702,0
8597726371,318008994,0,0.08298949897289276,0
8594974522,8594974523,0,0.2539968192577362,0
8594974522,8530429586,0,0.2431831955909729,0
8594974523,8594974522,0,0.2539968192577362,0
8594974523,8530450424,0,0.26868370175361633,0
8594974756,8601411816,0,0.6694464087486267,1
8594974756,8598586303,0,0.6163051724433899,1
8598586303,8610864976,0,0.4720548987388611,1
8598586303,8606512346,0,0.3989861011505127,1
8597726400,8597595607,0,0.11553911864757538,0
8597726400,318008994,0,0.07242108881473541,0
8597726369,8597726382,0,0.17356780171394348,0
8597726369,318011629,0,0.1827424317598343,0
8597595607,8597726366,0,0.20271161198616028,0
8597726366,8597595610,0,0.1684926450252533,0
8597726366,8597595587,0,0.18890133500099182,0
8597732630,8597732629,0,0.32836636900901794,1
8597833400,8597833401,0,0.26832374930381775,0
8597595614,8597726401,0,0.20419137179851532,0
8597726401,8597595615,0,0.21772286295890808,0
8597726401,8597595586,0,0.1890377551317215,0
8597595616,8597850734,0,0.20151248574256897,0
8597850734,8597732619,0,0.26120641827583313,0
8597850734,8597732614,0,0.1639469861984253,0
8597732620,8597850730,0,0.27213525772094727,0
13300912752,318072316,0,0.1358543336391449,0
13300912752,6956191445,0,0.15607601404190063,0
8597732619,8597850729,0,0.3136484920978546,1
8597850729,8597732620,0,0.27094578742980957,0
8597850729,8597625529,0,0.3242141604423523,1
8597850730,8597833403,0,0.2711656391620636,0
8597850730,318008993,0,0.24425870180130005,0
8597732629,318011627,0,0.34476134181022644,1
8597732629,8597732627,0,0.34089070558547974,1
8597833401,318008993,0,0.2256387621164322,0
8597833401,8597833403,0,0.2538691461086273,0
8597833403,8597833404,0,0.2975941598415375,0
8597833404,8597732630,0,0.2974236011505127,0
8597833404,8597833400,0,0.3120487630367279,1
8597921292,8597921300,0,0.2701405882835388,0
8597921300,8659447133,0,0.26010796427726746,0
8597921300,8597921304,0,0.2486228197813034,0
8597921294,3743738474,0,0.2791345715522766,0
8597921294,8597921298,0,0.27375614643096924,0
8597921298,8597921296,0,0.2726415693759918,0
8597921296,327017737,0,0.29407837986946106,0
8597921296,8597921311,0,0.34544989466667175,1
8597921311,8597921391,0,0.40328851342201233,1
8597921311,8597921343,0,0.38625070452690125,1
8659447133,8597921304,0,0.2887219786643982,0
8659447133,8597921444,0,0.3276298940181732,1
8597921304,8597921294,0,0.2642815411090851,0
8597921319,8597921318,0,0.36433401703834534,1
8597921391,8597921393,0,0.3502345681190491,1
8597921343,3743738474,0,0.3188208043575287,1
8597921343,8597921298,0,0.3134423792362213,1
8597921318,327016312,0,0.40591195225715637,1
8597921318,8597921362,0,0.33290180563926697,1
8597921362,8597921321,0,0.41554316878318787,1
8597921321,8597921339,0,0.40469563007354736,1
8597921321,8597921440,0,0.448331356048584,1
8597921339,8597921340,0,0.3445744216442108,1
8597921440,8597921379,0,0.286945104598999,0
8597921440,8597921423,0,0.2778988778591156,0
8597921340,8597921292,0,0.3654707670211792,1
8597921340,8597921319,0,0.40085241198539734,1
8597921393,8597921392,0,0.31815245747566223,1
8597921393,8597921399,0,0.3867366909980774,1
8597921400,8597921351,0,0.45760732889175415,1
8597921400,8597921244,0,0.4925512969493866,1
8659447174,8659447173,0,0.21170558035373688,0
8610864976,8610864978,0,0.5449788570404053,1
8610864976,11959902655,0,0.4311366081237793,1
8606512346,8606512345,0,0.4339994788169861,1
8606512346,8598592954,0,0.422594279050827,1
8598586304,8598586303,0,0.4964510500431061,1
8598586304,8597921444,0,0.4646875560283661,1
8598592919,8598592951,0,0.31369084119796753,1
8598592919,8598592923,0,0.28361764550209045,0
8598592951,8598592950,0,0.33055946230888367,1
8598592951,8610981270,0,0.3330029249191284,1
8598592938,8598592939,0,0.271352618932724,0
8598592938,8662075273,0,0.2516234815120697,0
8662159363,8598592940,0,0.30519381165504456,1
8662159363,8662159361,0,0.3100525736808777,1
8598592940,8606512319,0,0.2835502326488495,0
8598592940,3154044057,0,0.3050963282585144,1
8606512319,8598592941,0,0.25980088114738464,0
8606512319,8606512320,0,0.2366103082895279,0
8598592950,8598592951,0,0.33055946230888367,1
8598592950,8598592919,0,0.29568129777908325,0
8598592954,8606512330,0,0.4299233853816986,1
8598592954,8601411816,0,0.49532896280288696,1
8606512330,3743737870,0,0.3529115319252014,1
8606512329,8606512330,0,0.42321208119392395,1
8606512329,8606512345,0,0.4586384892463684,1
10222714300,10222714301,0,0.03701630234718323,0
10222714300,12183419667,0,0.018982093781232834,0
8600977385,8600977400,0,0.1267252415418625,0
8600977385,8628911252,0,0.15146400034427643,0
8600977400,8600977385,0,0.1267252415418625,0
8600977400,8634451376,0,0.0867873802781105,0
8628911252,8600982434,0,0.10820482671260834,0
8628911252,8628911245,0,0.15110428631305695,0
8634451376,8600982433,0,0.11097544431686401,0
8634451376,8635498313,0,0.10590334236621857,0
8600982433,319851922,0,0.07188737392425537,0
8601859395,8610864981,0,0.33695343136787415,1
8604987222,317065461,0,0.3790213465690613,1
8604987222,8604987219,0,0.46848830580711365,1
10115690587,8604986509,0,0.3760545253753662,1
10115690587,6956191290,0,0.256234347820282,0
8606512345,8606512346,0,0.4339994788169861,1
8606512345,8610864976,0,0.5070682764053345,1
8610259755,12183448426,0,0.261677622795105,0
8610259755,318134755,0,0.30517640709877014,1
8610259771,8610259772,0,0.13776753842830658,0
8610259771,320717827,0,0.18125270307064056,0
8610864978,8598586304,0,0.5693749785423279,1
8610864978,8610864977,0,0.5222175717353821,1
11959902655,11959902640,0,0.32206663489341736,1
8662159321,8662106916,0,0.09390648454427719,0
8662159321,8627861883,0,0.1725199669599533,0
8662159321,320776237,0,0.13039162755012512,0
8627861888,8649582725,0,0.18833674490451813,0
8627861888,318141242,0,0.30755120515823364,1
8649582725,8649582726,0,0.12114525586366653,0
8649582725,8627861894,0,0.1564798802137375,0
11974770436,11974770437,0,0.208580881357193,0
11974770436,11974774354,0,0.2681604027748108,0
11974774332,11974774333,0,0.19075903296470642,0
11974774332,11974770436,0,0.19401822984218597,0
8627861908,318141150,0,0.2337556928396225,0
8627861908,11974774332,0,0.21252058446407318,0
8628911245,8628911248,0,0.19750262796878815,0
8628911245,6028299624,0,0.19880154728889465,0
8628911246,6028299617,0,0.15894544124603271,0
8629185979,8629185980,0,0.12148235738277435,0
8629185979,6028109503,0,0.1462455540895462,0
8629185983,8629185982,0,0.0651821717619896,0
8629185983,8629185979,0,0.08915014564990997,0
8655188913,8655188914,0,0.17882689833641052,0
8655188913,327366246,0,0.17020471394062042,0
8631908303,8631908287,0,0.1138235554099083,0
8631908303,8631908311,0,0.21747078001499176,0
8631908316,8642922574,0,0.19919897615909576,0
8643108557,8643108558,0,0.34567832946777344,1
8642922574,8642922571,0,0.16324713826179504,0
8642922574,8642922596,0,0.22882452607154846,0
8631923920,320711856,0,0.1501867175102234,0
8655213135,8655213136,0,0.08981892466545105,0
8655213135,8655213184,0,0.18711251020431519,0
8634451372,8634451373,0,0.06833983957767487,0
8634451372,8634479130,0,0.06820780783891678,0
8635498314,8635498313,0,0.08255428075790405,0
8635498314,8600982433,0,0.08292464166879654,0
8635498313,8635498314,0,0.08255428075790405,0
8635498313,8634451372,0,0.10682830214500427,0
8634479169,8642282785,0,0.04061966761946678,0
8634479169,319884004,0,0.06185242533683777,0
8634804315,8643108557,0,0.31820666790008545,1
8634804315,5302825208,0,0.33323022723197937,1
11974669096,11974669143,0,0.2695390582084656,0
11974669096,11974669151,0,0.22054053843021393,0
8634814125,319846083,0,0.3073025047779083,1
8659081784,8634814135,0,0.30071642994880676,1
8659081784,8659081779,0,0.2862439751625061,0
8642817417,8642793416,0,0.12666191160678864,0
8642817417,317207592,0,0.08824055641889572,0
8642817626,8642817627,0,0.08852158486843109,0
8642817626,317207597,0,0.07002697885036469,0
8642842974,8642862020,0,0.2880235016345978,0
8642862020,8556786785,0,0.30304497480392456,1
8642862020,8556786759,0,0.26879242062568665,0
8642842978,8642853421,0,0.3288966119289398,1
8642853421,320706858,0,0.29051971435546875,0
8642853421,317066703,0,0.28772130608558655,0
8642953541,319844922,0,0.1946844905614853,0
8642953541,8642953522,0,0.2899303138256073,0
8642922570,320772162,0,0.12132369726896286,0
8642922570,8631908316,0,0.16804729402065277,0
8642922572,8860161033,0,0.18164557218551636,0
8642922572,8642922578,0,0.16265307366847992,0
8860161033,8860161034,0,0.22013689577579498,0
8860161033,8642922615,0,0.20754601061344147,0
8642922578,8642922579,0,0.18675068020820618,0
8642922596,320711050,0,0.24431371688842773,0
8642922579,8860136863,0,0.17240077257156372,0
8642922579,8642922580,0,0.18280190229415894,0
8860136863,8860136862,0,0.14193317294120789,0
8860136863,8642922614,0,0.16190434992313385,0
8642922580,8642922570,0,0.14721646904945374,0
8642922588,8659203471,0,0.29241660237312317,0
8642922588,320711668,0,0.21859125792980194,0
8642922615,8631923920,0,0.19969980418682098,0
8642922615,8642953454,0,0.2273082733154297,0
8860161034,8860161033,0,0.22013689577579498,0
8860161034,8642922578,0,0.20114441215991974,0
8642953454,317066955,0,0.2704116404056549,0
8659203485,8527049069,0,0.26116466522216797,0
8642953434,8527049067,0,0.2707477807998657,0
8642953434,317066959,0,0.32233917713165283,1
8642953451,8631923920,0,0.19743435084819794,0
8642953451,8642953454,0,0.22599315643310547,0
8642953510,8642953518,0,0.393070250749588,1
8642953510,8642953519,0,0.3851783871650696,1
8642953518,8643071400,0,0.40509748458862305,1
8642953518,8556786753,0,0.3674370348453522,1
8642953519,317066964,0,0.3839815557003021,1
8642953522,8642953510,0,0.40541887283325195,1
8643001331,320581281,0,0.18529094755649567,0
8643001331,8647690637,0,0.14217445254325867,0
8647690637,8647690638,0,0.13183262944221497,0
8647690637,8643711611,0,0.18905697762966156,0
8647693429,8647693428,0,0.22011969983577728,0
8647693429,8643720225,0,0.22738324105739594,0
8643001333,319884328,0,0.19100116193294525,0
8643001333,8643001332,0,0.1701030135154724,0
11938702145,11938742557,0,0.4532836377620697,1
8643075793,320580921,0,0.16313518583774567,0
8643108558,320711048,0,0.3023550808429718,1
8643108558,8556786809,0,0.22946034371852875,0
8643108604,8643108606,0,0.3554624021053314,1
8643108604,8643108609,0,0.3267256021499634,1
8643419520,8643038644,0,0.4364979565143585,1
8643419520,8643419524,0,0.5076771378517151,1
8643419520,8643419523,0,0.4424339532852173,1
8643711611,8642990093,0,0.22294892370700836,0
8643711611,8643720224,0,0.22983919084072113,0
8647690638,8647690637,0,0.13183262944221497,0
8647690638,320581281,0,0.17416153848171234,0
8646715586,8643075793,0,0.17164508998394012,0
8646715586,8643720227,0,0.1796790063381195,0
11909545316,8644225923,0,0.11465568840503693,0
8646715552,8643001333,0,0.1497667282819748,0
8646715552,8646715586,0,0.12384796142578125,0
8646715603,5456734440,0,0.14447151124477386,0
8646715603,8647690707,0,0.15010428428649902,0
8647690707,8646715603,0,0.15010428428649902,0
8647690707,8646715552,0,0.12767191231250763,0
11647451009,11647451010,0,0.10118803381919861,0
11647451009,11647451007,0,0.10026396065950394,0
8649467742,8649467741,0,0.14419429004192352,0
8649467742,320775999,0,0.13051964342594147,0
8649530191,8560307672,0,0.20382359623908997,0
8649530180,8649530181,0,0.15123070776462555,0
8649530180,329526003,0,0.18807587027549744,0
8662159325,320776237,0,0.11229006201028824,0
8662159325,8662106916,0,0.07716262340545654,0
8649530188,8649467742,0,0.1676003783941269,0
8649530188,8649530191,0,0.18097533285617828,0
8649530197,8649530190,0,0.18879404664039612,0
8649530197,8662159346,0,0.20199160277843475,0
8649530192,12088889293,0,0.2875283658504486,0
8649530192,8649530189,0,0.28912076354026794,0
10273179489,10273179488,0,0.17920668423175812,0
10273179489,8649543970,0,0.2000960409641266,0
8649543977,8662159376,0,0.37992510199546814,1
8649543977,10091848412,0,0.36547011137008667,1
8649543977,12088841831,0,0.41293779015541077,1
12088841831,8649543977,0,0.41293779015541077,1
12088841831,329397476,0,0.3384966254234314,1
8649566309,8627861888,0,0.27591219544410706,0
8649566309,318141156,0,0.2906419038772583,0
8649582740,318141456,0,0.36363521218299866,1
8659091193,8659091194,0,0.43277081847190857,1
8659091193,8649543977,0,0.43485045433044434,1
8650478505,12323012846,0,0.22722625732421875,0
8650478505,8650478507,0,0.1280917078256607,0
12323012846,12323012847,0,0.3183748126029968,1
12323012846,320701443,0,0.31979531049728394,1
8650478507,8650478516,0,0.14613337814807892,0
8650726155,3155747858,0,0.16556142270565033,0
8650508222,8650478505,0,0.14343243837356567,0
8650478516,319270941,0,0.15700624883174896,0
8650478516,8650549904,0,0.19665904343128204,0
8650549904,8650508226,0,0.19961045682430267,0
8650549904,8650549905,0,0.17753936350345612,0
8650508234,8650508237,0,0.18609540164470673,0
8650508237,319271240,0,0.2803325951099396,0
8650508237,8650508241,0,0.23958736658096313,0
8650508236,319272141,0,0.1898116171360016,0
8650508236,8650508234,0,0.15625108778476715,0
8650508241,8650508246,0,0.2162732630968094,0
8650508246,319271048,0,0.17966328561306,0
8650508246,8650531684,0,0.1994396299123764,0
8650531684,319260963,0,0.1955413818359375,0
8650531684,8650531692,0,0.2748583257198334,0
320702834,2993323872,0,0.4647411108016968,1
8650531706,319260869,0,0.19501334428787231,0
8650531706,8650531704,0,0.22725434601306915,0
8650862404,319283619,0,0.22463782131671906,0
8650862404,8650556721,0,0.23801103234291077,0
8654425258,11974606125,0,0.23266945779323578,0
8654425258,8654619501,0,0.25082775950431824,0
8654619501,8496444985,0,0.21538396179676056,0
8654619501,8654619519,0,0.2943679988384247,0
8654611156,320586567,0,0.13804738223552704,0
8654611163,8655213211,0,0.1937442123889923,0
8655213211,8655213142,0,0.15150079131126404,0
8655213211,8655213208,0,0.1888875514268875,0
8654619488,8643062392,0,0.5333226323127747,1
8643062392,8643062393,0,0.5180087685585022,1
8643062392,8643038673,0,0.513190507888794,1
8655213141,8655213142,0,0.1474834382534027,0
8655213141,8655213208,0,0.18487021327018738,0
8655213209,11463156793,0,0.17600244283676147,0
8655213209,320585802,0,0.173598974943161,0
8655188911,8655188913,0,0.1443021595478058,0
8655213142,320585460,0,0.13713867962360382,0
8655213142,8655213144,0,0.13332997262477875,0
8655213208,8655213210,0,0.18321308493614197,0
8655213160,12006546844,0,0.39317604899406433,1
8655213160,12006546846,0,0.35801616311073303,1
12006546844,8655213160,0,0.39317604899406433,1
12006546844,320587509,0,0.28828367590904236,0
12006546846,12006546845,0,0.33781954646110535,1
12006546846,8655213171,0,0.3534870147705078,1
8659142046,320595448,0,0.3038441836833954,1
8659142046,320585352,0,0.2565404176712036,0
9708542302,12183621536,0,0.3641383945941925,1
8655213185,320588033,0,0.1138775572180748,0
8655213185,8559092526,0,0.08713200688362122,0
8655213210,8655213205,0,0.20965521037578583,0
8655213210,8655188903,0,0.17879784107208252,0
11463156793,11463156792,0,0.22030629217624664,0
11463156793,320587193,0,0.27396634221076965,0
11205349824,8659447519,0,0.27573761343955994,0
11205349824,11205349823,0,0.29653626680374146,0
8658073327,8451855768,0,0.38969480991363525,1
8658073327,8860294353,0,0.46547454595565796,1
12338742993,8658990896,0,0.28401893377304077,0
12338742993,8528777792,0,0.24160422384738922,0
12338742995,12338742994,0,0.2593404948711395,0
12338742995,319322157,0,0.23758988082408905,0
8659081770,8556786675,0,0.21277578175067902,0
8659081770,8556786721,0,0.1925017088651657,0
8659081812,8523150161,0,0.20300620794296265,0
8659081812,6956130201,0,0.19186852872371674,0
8659091194,8659091193,0,0.43277081847190857,1
8659091194,8649582740,0,0.3694014549255371,1
8659203451,8528782127,0,0.3269001245498657,1
8659203451,8528777814,0,0.2775208055973053,0
8860294366,8451855738,0,0.39204540848731995,1
8860294366,8860294367,0,0.4463188350200653,1
8659447173,8655213135,0,0.15099097788333893,0
8659447173,320589429,0,0.13906541466712952,0
8659447184,8659447518,0,0.2378089427947998,0
8659447184,8659447185,0,0.2658911943435669,0
8659447185,8659447517,0,0.23117513954639435,0
8659447517,11463156804,0,0.2363099604845047,0
8659447517,8659447216,0,0.22188562154769897,0
8659447208,8659447180,0,0.295899361371994,0
8659447208,320586226,0,0.3010977506637573,1
11463156805,8659447216,0,0.2638828158378601,0
11463156805,11463156804,0,0.28083157539367676,0
8659447216,8659447208,0,0.278414785861969,0
11463156804,320587199,0,0.1945628821849823,0
11463156804,8655188911,0,0.15093544125556946,0
11205349823,329129631,0,0.24407970905303955,0
11205349823,11385811183,0,0.4104936718940735,1
10273179499,10273179500,0,0.19937360286712646,0
8662083030,8662083052,0,0.11124531179666519,0
8662083030,8662083056,0,0.12370463460683823,0
8662106916,8662159321,0,0.09390648454427719,0
8662106916,320775818,0,0.10698273032903671,0
8860136848,8860136849,0,0.15358465909957886,0
8860136848,8860136866,0,0.21525748074054718,0
12183621536,8309152608,0,0.28362905979156494,0
12183621536,7070905170,0,0.38863593339920044,1
9768752253,8451839505,0,0.2838074266910553,0
9768752253,6956248653,0,0.23507237434387207,0
10273179500,10273179489,0,0.19703955948352814,0
10273179500,8649543968,0,0.22805114090442657,0
10547863118,10547863121,0,0.15256191790103912,0
10547863122,7070927013,0,0.1490822434425354,0
10547863122,10547863124,0,0.14735683798789978,0
11237550048,12017183246,0,0.13921885192394257,0
11385811184,320586773,0,0.3655472695827484,1
11385811184,11205349808,0,0.441052109003067,1
11647451008,11647451007,0,0.1297786384820938,0
11647451008,11647451010,0,0.13070270419120789,0
11647451007,11647451008,0,0.1297786384820938,0
11647451007,11647451003,0,0.07639950513839722,0
11647451010,11647451009,0,0.10118803381919861,0
11647451010,3743899231,0,0.1748221069574356,0
11974774294,11974774305,0,0.41439947485923767,1
11974774294,11974774341,0,0.4423365294933319,1
11938742557,8642953518,0,0.4525717496871948,1
11938742557,8642953519,0,0.44200000166893005,1
11941642520,11941642519,0,0.4764110743999481,1
11941642520,11938702145,0,0.40625324845314026,1
11953258687,316782510,0,0.44650137424468994,1
11953258687,7070788180,0,0.42724692821502686,1
11955000970,11955000971,0,0.29771390557289124,0
11955000970,11953878650,0,0.29647964239120483,0
11955000970,319323605,0,0.27608734369277954,0
11955542913,11955542916,0,0.09696801751852036,0
11959902640,325662859,0,0.31140726804733276,1
11959902640,8601859395,0,0.3210587501525879,1
11974642824,11974642811,0,0.2182256281375885,0
11974642824,5302825189,0,0.13973407447338104,0
11974642803,11974642819,0,0.1914168894290924,0
11974642819,8659081812,0,0.2332586795091629,0
11974651948,11974669145,0,0.22052998840808868,0
11974651948,11974651955,0,0.2405361533164978,0
11974642811,11974642803,0,0.16264064610004425,0
11974642811,5302825189,0,0.12576605379581451,0
11974669145,3737149230,0,0.22335109114646912,0
11974669143,8634804315,0,0.30403268337249756,1
11974669151,11974714972,0,0.20760390162467957,0
11974669151,11974669145,0,0.2185845971107483,0
11974669114,320706334,0,0.26588162779808044,0
11974714992,11974714973,0,0.25367847084999084,0
11974714992,11974714983,0,0.2361670732498169,0
11974714972,11974714970,0,0.23812536895275116,0
11974714972,8659081770,0,0.2136070728302002,0
11974669152,11974669143,0,0.25712794065475464,0
11974669159,5302825189,0,0.14946943521499634,0
11974669159,11974669152,0,0.24548807740211487,0
11974714973,11974714971,0,0.2058033049106598,0
11974714973,319845456,0,0.23501943051815033,0
11974714983,11974669159,0,0.21703100204467773,0
11974770437,11974770436,0,0.208580881357193,0
11974770437,11974774333,0,0.2052433043718338,0
11974774354,11974774313,0,0.31154289841651917,1
11974774354,11974774300,0,0.3284838795661926,1
11974774333,11974774366,0,0.15520961582660675,0
11974774310,11974774300,0,0.35460299253463745,1
11974774310,11974774313,0,0.3376620411872864,1
11974770465,3292066477,0,0.2231905311346054,0
11974774331,3292066469,0,0.23695474863052368,0
11974774270,8627861908,0,0.18002811074256897,0
11974774270,11974774360,0,0.15995003283023834,0
11974774341,9708542302,0,0.45829352736473083,1
11974774300,11974774307,0,0.3143008351325989,1
11974774307,7492213138,0,0.3479282557964325,1
11974774307,11876622918,0,0.34091052412986755,1
11974774313,11974774354,0,0.31154289841651917,1
11974774313,11974770437,0,0.2490852028131485,0
11974774366,11974774331,0,0.155792698264122,0
12017183251,11237550048,0,0.1255459040403366,0
12017183251,12017223273,0,0.16260547935962677,0
12017183265,317070861,0,0.06443721801042557,0
12017183265,12017183247,0,0.14323242008686066,0
12017223273,12017223272,0,0.18821163475513458,0
12017223273,12017223290,0,0.16971363127231598,0
12017223272,12017223273,0,0.18821163475513458,0
12017223272,11237550048,0,0.12925183773040771,0
12017223290,12017223289,0,0.1216672733426094,0
12017223290,12017223293,0,0.13245441019535065,0
12017223289,12017223290,0,0.1216672733426094,0
12017223289,12017223272,0,0.13971009850502014,0
12017223293,12017223292,0,0.10107842832803726,0
12017223293,12017223304,0,0.12665016949176788,0
12017223292,12017223293,0,0.10107842832803726,0
12017223292,12017223289,0,0.08931669592857361,0
12017223304,12017223295,0,0.1003681942820549,0
12017223300,12017223292,0,0.10371068120002747,0
12017223300,12017223304,0,0.1298261135816574,0
12088889296,12088889297,0,0.2052382230758667,0
12088889296,320775821,0,0.2364690750837326,0
12966051641,12966051640,0,0.2837841808795929,0
12966051641,8496444995,0,0.26644402742385864,0
316791365,316790748,0,0.013031444512307644,0
316791365,316790716,0,0.012960609048604965,0
316791365,11974609763,0,0.07455509155988693,0
316791365,2330271259,0,0.0574021115899086,0
316790748,2383631937,0,0.006572057027369738,0
316790748,5964620748,0,0.02906937524676323,0
316790748,316791365,0,0.013031444512307644,0
316790748,5965879369,0,0.03003021515905857,0
5964620748,5965879508,0,0.04537256062030792,0
5964620748,316790748,0,0.02906937524676323,0
5964620748,5965879485,0,0.03688430413603783,0
5965879369,5965879486,0,0.06291546672582626,0
5965879369,2330271259,0,0.07526915520429611,0
5965879369,316790748,0,0.03003021515905857,0
2330271302,5965879508,0,0.056911446154117584,0
2330271302,5965879508,1,0.056911446154117584,0
2330271302,5965879350,0,0.08848501741886139,0
5965879508,2330271302,0,0.056911446154117584,0
5965879508,2330271302,1,0.056911446154117584,0
5965879508,5964620748,0,0.04537256062030792,0
5965879350,6100384326,0,0.06982635706663132,0
5965879350,2330271302,0,0.08848501741886139,0
5965879350,5965879499,0,0.1542380005121231,0
320511639,320512430,0,0.007993374019861221,0
320511639,316791271,0,0.008946734480559826,0
320511639,320514240,0,0.026968104764819145,0
11974609763,316791365,0,0.07455509155988693,0
11974609763,11974609767,0,0.10046996921300888,0
2330271259,5965879369,0,0.07526915520429611,0
2330271259,11974666471,0,0.11982809007167816,0
2330271259,316791365,0,0.0574021115899086,0
320500238,5582424401,0,0.010607506148517132,0
320500238,1538853863,0,0.01370612345635891,0
320500238,320502090,0,0.010673708282411098,0
5582424401,320514240,0,0.026367703452706337,0
5582424401,320500238,0,0.010607506148517132,0
5582424401,5454078771,0,0.006690401583909988,0
1538853863,320500238,0,0.01370612345635891,0
1538853863,317052746,0,0.01654544286429882,0
1538853863,320514240,0,0.029449306428432465,0
320502090,320500238,0,0.010673708282411098,0
320502090,320501303,0,0.013942603021860123,0
320502090,6178116553,0,0.008583870716392994,0
320512430,320511922,0,0.008509530685842037,0
320512430,5454078771,0,0.005155492108315229,0
320512430,320511639,0,0.007993374019861221,0
320514240,320511639,0,0.026968104764819145,0
320514240,5582424401,0,0.026367703452706337,0
320514240,1538853863,0,0.029449306428432465,0
320511922,320512430,0,0.008509530685842037,0
320511922,11959920251,0,0.07509683817625046,0
320511922,5929267406,0,0.011983390897512436,0
11959920251,2330271299,0,0.15736082196235657,0
11959920251,320511922,0,0.07509683817625046,0
11959920251,11959920248,0,0.10760870575904846,0
5929267406,5904216912,0,0.016199130564928055,0
5929267406,320511922,0,0.011983390897512436,0
5929267406,6320601382,0,0.010371357202529907,0
5454078771,320512430,0,0.005155492108315229,0
5454078771,2330271074,0,0.006055416539311409,0
5454078771,5454078751,0,0.007329536601901054,0
5454078771,5582424401,0,0.006690401583909988,0
1315969825,6010666896,0,0.0058313580229878426,0
6010666896,1315969825,0,0.0058313580229878426,0
6010666896,5931654270,0,0.007665683049708605,0
6010666896,6010666895,0,0.005746113136410713,0
317052746,2349346381,0,0.16776640713214874,0
317052746,1538853863,0,0.01654544286429882,0
317052746,1538853114,0,0.06005069613456726,0
2322780518,5904217512,0,0.03794527053833008,0
2322780518,6046855035,0,0.032501220703125,0
2322780518,5931646874,0,0.05492924898862839,0
5904217512,5904217513,0,0.023892218247056007,0
5904217512,2322780518,0,0.03794527053833008,0
5904217512,5904217524,0,0.02848205901682377,0
6046855035,2322780518,0,0.032501220703125,0
6046855035,5931646885,0,0.020204268395900726,0
6046855035,6046843641,0,0.01579771749675274,0
5931646874,6009609198,0,0.05128474906086922,0
5931646874,5931646870,0,0.040526848286390305,0
5931646874,2322780518,0,0.05492924898862839,0
2330271074,5454078771,0,0.006055416539311409,0
2330271074,8521043639,0,0.013112968765199184,0
2330271074,4856053187,0,0.00996676180511713,0
8521043639,2330271074,0,0.013112968765199184,0
8521043639,4309673200,0,0.017198044806718826,0
8521043639,8521043620,0,0.0675390437245369,0
4856053187,4309673200,0,0.014722180552780628,0
4856053187,2349346449,0,0.05635078251361847,0
4856053187,2330271074,0,0.00996676180511713,0
2330271258,11974666471,0,0.13856680691242218,0
2330271258,11974666469,0,0.12285396456718445,0
11974666471,2330271258,0,0.13856680691242218,0
11974666471,2330271259,0,0.11982809007167816,0
11974666471,11974664631,0,0.13763687014579773,0
11974666469,11974666470,0,0.1291751265525818,0
11974666469,11974609768,0,0.09763388335704803,0
2330271263,11974664628,0,0.1498747617006302,0
2330271263,11974664630,0,0.1743297427892685,0
11974664628,11974664629,0,0.15474361181259155,0
11974664628,11974664627,0,0.1850147545337677,0
11974664630,2330271263,0,0.1743297427892685,0
11974664630,11974664632,0,0.2087053656578064,0
2330271270,11974664622,0,0.12999360263347626,0
2330271270,5965879339,0,0.11457958072423935,0
2330271270,11974664614,0,0.15582852065563202,0
11974664622,2330271270,0,0.12999360263347626,0
11974664622,11974664626,0,0.23433226346969604,0
5965879339,5965879364,0,0.12307745218276978,0
5965879339,2330271270,0,0.11457958072423935,0
5965879339,5965879370,0,0.15264765918254852,0
11974664614,11959920248,0,0.15642660856246948,0
11974664614,11974664622,0,0.20275156199932098,0
2330271299,11959920251,0,0.15736082196235657,0
2330271299,11959920248,0,0.12589095532894135,0
2330271299,11959920255,0,0.14189378917217255,0
11959920248,2330271299,0,0.12589095532894135,0
11959920248,11974664614,0,0.15642660856246948,0
11959920255,2330271299,0,0.14189378917217255,0
11959920255,5904216912,0,0.06402134895324707,0
11959920255,11959920251,0,0.12361153960227966,0
4309673200,8521043639,0,0.017198044806718826,0
4309673200,8506063319,0,0.038277238607406616,0
4309673200,4856053187,0,0.014722180552780628,0
8506063319,4309673200,0,0.038277238607406616,0
2349346449,2349346443,0,0.08858315646648407,0
2349346449,2349346473,0,0.07569579035043716,0
2349346449,4856053187,0,0.05635078251361847,0
5454078721,6320601382,0,0.008156130090355873,0
5454078721,5905172132,0,0.012905621901154518,0
5454078721,5454078751,0,0.009201450273394585,0
6320601382,5454078721,0,0.008156130090355873,0
6320601382,5929267406,0,0.010371357202529907,0
6320601382,6320601342,0,0.00959025975316763,0
5905172132,5454078721,0,0.012905621901154518,0
5905172132,5904216964,0,0.016517996788024902,0
5454078751,8521043620,0,0.06444079428911209,0
5454078751,5454078771,0,0.007329536601901054,0
5454078751,5454078721,0,0.009201450273394585,0
8521043620,5454078751,0,0.06444079428911209,0
8521043620,8521043639,0,0.0675390437245369,0
5904216912,5929267406,0,0.016199130564928055,0
5904216912,11959920255,0,0.06402134895324707,0
5904216912,6320601342,0,0.015511974692344666,0
6320601342,6009966008,0,0.016677943989634514,0
6320601342,5904216912,0,0.015511974692344666,0
6320601342,6320601382,0,0.00959025975316763,0
5904216964,6010487267,0,0.023089732974767685,0
5904216964,6009965993,0,0.022878238931298256,0
5904216964,5905172132,0,0.016517996788024902,0
6010487267,5904216979,0,0.055782150477170944,0
6010487267,5904216964,0,0.023089732974767685,0
6009965993,5904216964,0,0.022878238931298256,0
6009965993,6009966008,0,0.02343585714697838,0
6009965993,6009966009,0,0.03568941354751587,0
5904216979,6100383812,0,0.04491185396909714,0
5904216979,6010487267,0,0.055782150477170944,0
5904216979,6100308943,0,0.054327599704265594,0
6100383812,5904216979,0,0.04491185396909714,0
6100383812,5904217410,0,0.016849838197231293,0
6100383812,6100384326,0,0.014408287592232227,0
6100308943,5904216979,0,0.054327599704265594,0
5904217410,5904217432,0,0.020503999665379524,0
5904217410,6100383812,0,0.016849838197231293,0
5904217410,6046843650,0,0.02196364291012287,0
5904217432,5904217410,0,0.020503999665379524,0
5904217432,5904217436,0,0.024820048362016678,0
6046843650,6149858849,0,0.021361026912927628,0
6046843650,5904217410,0,0.02196364291012287,0
6046843650,6046844006,0,0.03781707584857941,0
5904217436,6010487497,0,0.022162647917866707,0
5904217436,6100484325,0,0.02100439742207527,0
5904217436,5904217432,0,0.024820048362016678,0
6010487497,6149960908,0,0.02675400860607624,0
6010487497,6010487512,0,0.017758335918188095,0
6010487497,5904217436,0,0.022162647917866707,0
6100484325,6149858787,0,0.016873763874173164,0
6100484325,5904217436,0,0.02100439742207527,0
6100484325,6149960908,0,0.025684859603643417,0
5904217485,5904217524,0,0.02253226935863495,0
5904217485,6149858787,0,0.01624801754951477,0
5904217485,6149695193,0,0.023164283484220505,0
5904217524,5904217485,0,0.02253226935863495,0
5904217524,5904217513,0,0.02300417795777321,0
5904217524,5904217512,0,0.02848205901682377,0
6149858787,5904217485,0,0.01624801754951477,0
6149858787,6100484325,0,0.016873763874173164,0
6149858787,6149858849,0,0.013972247950732708,0
6149695193,5904217485,0,0.023164283484220505,0
5904217513,5931646284,0,0.02298901043832302,0
5904217513,5904217512,0,0.023892218247056007,0
5904217513,5904217524,0,0.02300417795777321,0
5931646284,5904217513,0,0.02298901043832302,0
5931646284,6100489986,0,0.02781197428703308,0
5931646284,5931646830,0,0.020439639687538147,0
6100489986,5931654270,0,0.019925013184547424,0
6100489986,5931646284,0,0.02781197428703308,0
6100489986,6100489989,0,0.028488989919424057,0
5931646830,5931654194,0,0.011806420050561428,0
5931646830,5931646284,0,0.020439639687538147,0
5931646830,5931646860,0,0.01458024699240923,0
5931646825,6149608775,0,0.017738576978445053,0
5931646825,5931654194,0,0.014562832191586494,0
5931646825,6136135582,0,0.0272805355489254,0
6149608775,6136135582,0,0.026255343109369278,0
6149608775,5931646825,0,0.017738576978445053,0
6149608775,6149608696,0,0.01589125208556652,0
5931654194,5931646825,0,0.014562832191586494,0
5931654194,5931646830,0,0.011806420050561428,0
5931654194,8495918104,0,0.010514462366700172,0
6136135582,6149608775,0,0.026255343109369278,0
6136135582,5931646825,0,0.0272805355489254,0
5931646860,5931646870,0,0.01639007218182087,0
5931646860,5931646830,0,0.01458024699240923,0
5931646860,6149608696,0,0.015315849334001541,0
5931646870,5931646860,0,0.01639007218182087,0
5931646870,5931646874,0,0.040526848286390305,0
5931646870,6149563380,0,0.023650050163269043,0
6149608696,5931646860,0,0.015315849334001541,0
6149608696,6149563380,0,0.021837713196873665,0
6149608696,6149608775,0,0.01589125208556652,0
6149563380,6149563382,0,0.034094829112291336,0
6149563380,5931646870,0,0.023650050163269043,0
6149563380,6149608696,0,0.021837713196873665,0
6009609198,5931646885,0,0.030723493546247482,0
6009609198,5931646874,0,0.05128474906086922,0
6009609198,6015774036,0,0.032863032072782516,0
5931646885,6046855035,0,0.020204268395900726,0
5931646885,6009609196,0,0.01950117200613022,0
5931646885,6009609198,0,0.030723493546247482,0
6009609196,5931646885,0,0.01950117200613022,0
6009609196,6009609184,0,0.016615472733974457,0
6009609196,6320877598,0,0.022674625739455223,0
8495918104,5931654270,0,0.01126071810722351,0
8495918104,5931654194,0,0.010514462366700172,0
5931654270,6010666896,0,0.007665683049708605,0
5931654270,6100489986,0,0.019925013184547424,0
5931654270,8495918104,0,0.01126071810722351,0
5965879485,5964620748,0,0.03688430413603783,0
5965879485,5965879486,0,0.04596719145774841,0
5965879485,5965879504,0,0.08050663024187088,0
5965879364,5965879339,0,0.12307745218276978,0
5965879364,5965879504,0,0.11948321759700775,0
5965879364,5965879486,0,0.08321041613817215,0
5965879370,5965879499,0,0.2038099467754364,0
5965879370,5965879339,0,0.15264765918254852,0
5965879370,5965879372,0,0.12486012279987335,0
6100384326,6009609184,0,0.012177877128124237,0
6100384326,5965879350,0,0.06982635706663132,0
6100384326,8628068842,0,0.020424261689186096,0
6100384326,6100383812,0,0.014408287592232227,0
5965879499,5965879350,0,0.1542380005121231,0
5965879499,5965879370,0,0.2038099467754364,0
5965879499,5965879372,0,0.17286443710327148,0
5965879504,5965879372,0,0.11820442974567413,0
5965879504,5965879485,0,0.08050663024187088,0
5965879504,5965879364,0,0.11948321759700775,0
5965879486,5965879364,0,0.08321041613817215,0
5965879486,5965879369,0,0.06291546672582626,0
5965879486,5965879485,0,0.04596719145774841,0
5965879372,5965879504,0,0.11820442974567413,0
5965879372,5965879499,0,0.17286443710327148,0
5965879372,5965879370,0,0.12486012279987335,0
6009609173,6333478768,0,0.02387937530875206,0
6333478768,6009609173,0,0.02387937530875206,0
6333478768,6072642249,0,0.015597349032759666,0
6333478768,6333481098,0,0.045172229409217834,0
6009609184,6009609196,0,0.016615472733974457,0
6009609184,6100384326,0,0.012177877128124237,0
6009609184,6009609188,0,0.043505579233169556,0
6009609184,6046843641,0,0.013635237701237202,0
6009609188,6009609184,0,0.043505579233169556,0
6046843641,6009609184,0,0.013635237701237202,0
6046843641,6149858849,0,0.012997686862945557,0
6046843641,6046855035,0,0.01579771749675274,0
6320877598,6009609196,0,0.022674625739455223,0
6015774036,6009609198,0,0.032863032072782516,0
6009966008,6320601342,0,0.016677943989634514,0
6009966008,6009965993,0,0.02343585714697838,0
6009966008,6009966009,0,0.03333456814289093,0
6009966009,6009966008,0,0.03333456814289093,0
6009966009,6009965993,0,0.03568941354751587,0
6009966009,6072642249,0,0.02899841219186783,0
6072642249,6009966057,0,0.02913047932088375,0
6072642249,6009966009,0,0.02899841219186783,0
6072642249,6333478768,0,0.015597349032759666,0
6009966057,6072642249,0,0.02913047932088375,0
6149960908,6100484350,0,0.10986543446779251,0
6149960908,6100484325,0,0.025684859603643417,0
6149960908,6010487497,0,0.02675400860607624,0
6010487512,6010487497,0,0.017758335918188095,0
6010487512,6100489989,0,0.02117525227367878,0
6100489989,6100489988,0,0.028371145948767662,0
6100489989,6100489986,0,0.028488989919424057,0
6100489989,6010487512,0,0.02117525227367878,0
6010666895,6244797098,0,0.0075321015901863575,0
6010666895,6010666896,0,0.005746113136410713,0
6244797098,6010666895,0,0.0075321015901863575,0
6244797098,6244797023,0,0.008183610625565052,0
6149858849,6046843650,0,0.021361026912927628,0
6149858849,6046843641,0,0.012997686862945557,0
6149858849,6149858787,0,0.013972247950732708,0
6046844006,6046843650,0,0.03781707584857941,0
8628068842,6100384326,0,0.020424261689186096,0
6100484350,6149960908,0,0.10986543446779251,0
6100489988,6100489989,0,0.028371145948767662,0
6149563382,6149563380,0,0.034094829112291336,0
6244797023,6244797098,0,0.008183610625565052,0
6333481098,6333478768,0,0.045172229409217834,0
11958152472,11958152485,0,0.026492560282349586,0
11958152485,11958152472,0,0.026492560282349586,0
11958152485,2349346645,0,0.09799586236476898,0
2349346645,2349346624,0,0.1769227683544159,0
2349346645,2349346654,0,0.16791996359825134,0
11974609767,11974609768,0,0.07608062028884888,0
11974609767,11974666470,0,0.10762185603380203,0
11974609768,11974609767,0,0.07608062028884888,0
11974609768,11974609763,0,0.10648209601640701,0
11974666470,11974666471,0,0.14488795399665833,0
11974666470,11974666469,0,0.1291751265525818,0
11974664626,11974664627,0,0.2567257881164551,0
11974664626,11974664629,0,0.22645464539527893,0
11974664627,11974664626,0,0.2567257881164551,0
11974664627,2330271270,0,0.15219978988170624,0
11974664629,11974664628,0,0.15474361181259155,0
11974664629,11974664630,0,0.17886772751808167,0
11974664632,11974664631,0,0.17540842294692993,0
11974664632,2330271258,0,0.17631621658802032,0
11974664631,2330271263,0,0.14103280007839203,0
11974664631,11974664632,0,0.17540842294692993,0
316786730,5888356090,0,0.06598783284425735,0
316786730,2290022219,0,0.1752730756998062,0
5888356090,2290022191,0,0.10711786895990372,0
5888356090,8524468369,0,0.07967767119407654,0
2290022219,3748947178,0,0.2779163420200348,0
316786738,2290026338,0,0.20001894235610962,0
316786738,2290026375,0,0.3949892520904541,1
2290026338,8498934675,0,0.21428532898426056,0
2290026338,8535615625,0,0.12074606865644455,0
2290026375,316786750,0,0.3926900327205658,1
316786750,2290029388,0,0.2650976777076721,0
316786750,2290029489,0,0.40863654017448425,1
2290029388,2290029414,0,0.20196712017059326,0
2290029388,2290029404,0,0.18822318315505981,0
2290029489,3738551537,0,0.595320999622345,1
316786760,2291112123,0,0.5672813057899475,1
316786760,2291112136,0,0.6379265785217285,1
2291112123,8631532348,0,0.589892566204071,1
2291112136,2290033940,0,0.6705563068389893,1
316787752,2290026376,0,0.15769580006599426,0
2290026376,2290026365,0,0.1876598447561264,0
2290026376,2290026336,0,0.1562894582748413,0
316787772,8593921698,0,0.5653939247131348,1
316787772,2291112107,0,0.5456781387329102,1
8593921698,2291112126,0,0.5749735832214355,1
2291112107,2290029491,0,0.39040589332580566,1
317043208,8491102425,0,0.06246626004576683,0
8491102425,3747309521,0,0.017915792763233185,0
8491102425,3747300465,0,0.015487244352698326,0
8491102425,8491102295,0,0.010170240886509418,0
317043458,2290022192,0,0.12355639785528183,0
317043458,2290022184,0,0.07573048770427704,0
2290022192,317043525,0,0.12880489230155945,0
2290022192,2290022184,0,0.11445506662130356,0
2290022184,2290022169,0,0.06903720647096634,0
317043525,2290022202,0,0.06238144263625145,0
317043525,2290022203,0,0.1408749669790268,0
2290022202,8524468358,0,0.089744433760643,0
2290022203,2290022195,0,0.14534665644168854,0
2290022203,2290022208,0,0.18562445044517517,0
317043527,2290022203,0,0.18646536767482758,0
317043527,2290022208,0,0.17070192098617554,0
2290022208,2290022219,0,0.23201648890972137,0
317052735,1538853114,0,0.08786007761955261,0
317052735,317052746,0,0.04747214913368225,0
1538853114,317053013,0,0.06708031892776489,0
1538853114,2349346404,0,0.12047252058982849,0
317052917,317054107,0,0.019898561760783195,0
317052917,2349346374,0,0.02462637610733509,0
317052917,317052971,0,0.013636262156069279,0
317054107,320522705,0,0.01425675954669714,0
317054107,317052917,0,0.019898561760783195,0
2349346374,317052971,0,0.013795271515846252,0
2349346374,12606139211,0,0.02858087047934532,0
317052971,2349346376,0,0.025755027309060097,0
317052971,2349346374,0,0.013795271515846252,0
317052971,1538853112,0,0.01595551334321499,0
2349346376,317052971,0,0.025755027309060097,0
2349346376,2349346392,0,0.10682940483093262,0
2349346376,317052917,0,0.02507881447672844,0
1538853112,317052735,0,0.04655037447810173,0
1538853112,6045873618,0,0.020635852590203285,0
317053013,1538853112,0,0.028617918491363525,0
317053013,2349346376,0,0.03784579411149025,0
320522705,317054139,0,0.00911836139857769,0
320522705,317054107,0,0.01425675954669714,0
320522705,320522690,0,0.010616532526910305,0
317054139,317054148,0,0.009616196155548096,0
317054139,5443171047,0,0.0066651105880737305,0
317054139,320522705,0,0.00911836139857769,0
317054148,317054139,0,0.009616196155548096,0
317054148,5812463556,0,0.010562820360064507,0
317054148,320522690,0,0.0111102145165205,0
5443171047,2333199625,0,0.011754713021218777,0
5443171047,317054139,0,0.0066651105880737305,0
5812463556,4376891369,0,0.015617815777659416,0
5812463556,317054148,0,0.010562820360064507,0
5812463556,320525307,0,0.007419929839670658,0
320522690,12332102666,0,0.012013665400445461,0
320522690,317054148,0,0.0111102145165205,0
320522690,320522705,0,0.010616532526910305,0
317055549,2290029437,0,0.2831169366836548,0
317055549,320673920,0,0.20182175934314728,0
2290029437,2290029426,0,0.2520204782485962,0
2290029437,2290029390,0,0.26768574118614197,0
320673920,317055549,0,0.20182175934314728,0
320673920,12332102666,0,0.05673759803175926,0
320673920,320673901,0,0.09231182187795639,0
317056049,7182439135,0,0.17508605122566223,0
317056049,7182439130,0,0.1757417917251587,0
7182439135,7182439136,0,0.15231953561306,0
7182439135,3738802483,0,0.20477989315986633,0
7182439130,7182439135,0,0.15515857934951782,0
7182439130,8553803413,0,0.21212220191955566,0
317056516,8485900750,0,0.20335115492343903,0
8485900750,8485900744,0,0.22400592267513275,0
8485900750,317059887,0,0.21662187576293945,0
8577559413,320716919,0,0.3437208831310272,1
8577559413,11037315543,0,0.3000880479812622,1
317059887,8485885614,0,0.2806715667247772,0
8485885614,320716919,0,0.3405999541282654,1
8485885614,11037315543,0,0.29696711897850037,0
317061735,6955950492,0,0.1654358059167862,0
317061735,8485885576,0,0.13908441364765167,0
6955950492,8498934686,0,0.1740967482328415,0
8485885576,8485900717,0,0.16912992298603058,0
317199070,8485885606,0,0.31285494565963745,1
317199070,317056516,0,0.23517243564128876,0
8485885606,8496445005,0,0.28889432549476624,0
8485885606,319597466,0,0.26260992884635925,0
317199403,8485900744,0,0.2090257704257965,0
317199403,317059887,0,0.20046499371528625,0
8485900744,8496445014,0,0.2106083780527115,0
8485900744,8506696980,0,0.22264696657657623,0
318135957,8500166577,0,0.1884121298789978,0
12642541095,8500166651,0,0.13583695888519287,0
12642541095,12642541100,0,0.12629882991313934,0
8485885538,11974606132,0,0.4786074161529541,1
8657744326,317062277,0,0.496168315410614,1
8657744326,8657744327,0,0.5076088309288025,1
8657744337,319261808,0,0.5033830404281616,1
8657744337,8657744327,0,0.5048468708992004,1
320703049,320702840,0,0.4707339107990265,1
319267957,8654619500,0,0.1534349024295807,0
8654619500,8654619501,0,0.216729536652565,0
8654619500,319267788,0,0.19287650287151337,0
319267999,8654519907,0,0.4436694085597992,1
319267999,8654619519,0,0.42594248056411743,1
8654519907,8496444985,0,0.28678905963897705,0
8654619519,8485885543,0,0.3796865940093994,1
8654619519,11974606131,0,0.42862746119499207,1
8496444836,8496444837,0,0.3972230553627014,1
8496444836,319267957,0,0.2685452997684479,0
319326133,7070867997,0,0.4539927840232849,1
7070867997,7070867998,0,0.4600082039833069,1
7070867997,8559092562,0,0.4967208802700043,1
319597466,8496444921,0,0.18727152049541473,0
319597466,8503709306,0,0.22826772928237915,0
319597700,8496444912,0,0.35545584559440613,1
319597700,8496444910,0,0.42150160670280457,1
319597700,12966051641,0,0.29905661940574646,0
319627083,7182463004,0,0.16236568987369537,0
319627083,7182463028,0,0.16430793702602386,0
7182463004,7182463005,0,0.18993248045444489,0
7182463004,8642619941,0,0.18406645953655243,0
7182463028,7182463029,0,0.1319790929555893,0
3745233313,8496444951,0,0.08532404154539108,0
3745233313,319844022,0,0.0905284509062767,0
320501303,8559273161,0,0.04354415833950043,0
320501303,320502090,0,0.013942603021860123,0
320501303,2349332539,0,0.02430926263332367,0
8559273161,8560692244,0,0.03816140070557594,0
8559273161,320501303,0,0.04354415833950043,0
8559273161,8531511884,0,0.07025595754384995,0
2349332539,2349332540,0,0.022979535162448883,0
2349332539,12606139239,0,0.03790470212697983,0
2349332539,320501303,0,0.02430926263332367,0
12332102666,320673920,0,0.05673759803175926,0
12332102666,320522690,0,0.012013665400445461,0
12332102666,320525307,0,0.010583882220089436,0
320525307,12332102666,0,0.010583882220089436,0
320525307,5812463556,0,0.007419929839670658,0
320525307,320525891,0,0.01572040654718876,0
320525891,4376912591,0,0.03050326369702816,0
320525891,320527620,0,0.03248893469572067,0
320525891,320525307,0,0.01572040654718876,0
4376912591,320525891,0,0.03050326369702816,0
4376912591,4376927431,0,0.08914205431938171,0
320527620,4376891319,0,0.025896143168210983,0
320527620,5812462740,0,0.026492789387702942,0
4376891319,320527620,0,0.025896143168210983,0
4376891319,8498650259,0,0.014389410614967346,0
4376891319,4376912591,0,0.02391047030687332,0
5812462740,5812462741,0,0.012504505924880505,0
5812462740,4376857989,0,0.013671612367033958,0
320527812,320528442,0,0.012908137403428555,0
320527812,320528442,1,0.012908137403428555,0
320527812,8491102295,0,0.009485235437750816,0
320528442,8498650259,0,0.01642843708395958,0
320528442,320527812,0,0.012908137403428555,0
320528442,320527812,1,0.012908137403428555,0
8491102295,320528953,0,0.027041373774409294,0
8491102295,320527812,0,0.009485235437750816,0
8491102295,9104298168,0,0.04204268380999565,0
8498650259,4376891319,0,0.014389410614967346,0
8498650259,320528442,0,0.01642843708395958,0
8498650259,8498642405,0,0.019275687634944916,0
320528953,8491102295,0,0.027041373774409294,0
320528953,3747309521,0,0.034973323345184326,0
3747309521,8491102425,0,0.017915792763233185,0
3747309521,317043458,0,0.05131594464182854,0
320532293,8491102450,0,0.01626305840909481,0
320532293,5812462741,0,0.008048568852245808,0
320532293,5888222893,0,0.01314667146652937,0
8491102450,9103974661,0,0.02716856077313423,0
8491102450,320532293,0,0.01626305840909481,0
5812462741,5812462740,0,0.012504505924880505,0
5812462741,4376891319,0,0.011277547106146812,0
5812462741,320532293,0,0.008048568852245808,0
5888222893,320532293,0,0.01314667146652937,0
5888222893,2322780172,0,0.013703999109566212,0
5888222893,5888222899,0,0.04013898968696594,0
320663851,8528025752,0,0.5495356917381287,1
8528025752,8528025751,0,0.5775520205497742,1
8528025752,3747291579,0,0.4407767653465271,1
320673901,4376927431,0,0.1139797642827034,0
320673901,320673920,0,0.09231182187795639,0
320673901,320525891,0,0.0553409717977047,0
4376927431,320673901,0,0.1139797642827034,0
4376927431,4376927432,0,0.12062668800354004,0
320702840,319261530,0,0.4224309027194977,1
320702840,320702834,0,0.4732183814048767,1
320703047,320703048,0,0.516220211982727,1
320703047,8654619488,0,0.545337975025177,1
320703048,8485885524,0,0.4769294857978821,1
8485885524,320703049,0,0.4480448067188263,1
8485885524,8657744337,0,0.46788400411605835,1
320716825,8496444971,0,0.12850728631019592,0
320716825,8496444948,0,0.0996200293302536,0
320716825,8496444951,0,0.12946052849292755,0
8496444971,320716825,0,0.12850728631019592,0
8496444971,7182463032,0,0.18426282703876495,0
8496444971,320716919,0,0.20936428010463715,0
8496444948,320716825,0,0.0996200293302536,0
8496444948,8496444943,0,0.06054298207163811,0
8496444948,3745233313,0,0.05536189675331116,0
8496444951,8496444971,0,0.10481104254722595,0
8496444951,3745233313,0,0.08532404154539108,0
320716919,8577559413,0,0.3437208831310272,1
320716919,317059878,0,0.3276255130767822,1
320716919,8496444971,0,0.20936428010463715,0
3155736753,8496444944,0,0.07119473814964294,0
3155736753,7182462990,0,0.05428758263587952,0
3155736753,320771669,0,0.0713830441236496,0
329036688,8643038665,0,0.5709447264671326,1
329036688,8643062397,0,0.6182286739349365,1
8643038665,8643038664,0,0.6174463629722595,1
8643038665,8559092555,0,0.5172575116157532,1
8643062397,8643062396,0,0.6309443712234497,1
8643062397,8643062395,0,0.5916960835456848,1
6045873618,6045873619,0,0.0387599878013134,0
6045873618,2349332538,0,0.0664256364107132,0
2349346404,6045937922,0,0.09808391332626343,0
2349346404,2349346398,0,0.1123795285820961,0
2349346404,2349346427,0,0.12855994701385498,0
1906053767,1906053768,0,0.599268913269043,1
1906053767,8643062403,0,0.5311450362205505,1
1906053768,2290033951,0,0.618708074092865,1
1906053768,2290033963,0,0.5890833735466003,1
8643062403,8643062402,0,0.4765057861804962,1
8643062403,8643062401,0,0.45065486431121826,1
2290033951,11936886104,0,0.6288694143295288,1
2290033951,2290033950,0,0.5851651430130005,1
2290033963,11936944617,0,0.5058518648147583,1
2290022169,2291112106,0,0.14910481870174408,0
2291112106,2291112085,0,0.14272961020469666,0
2291112106,8500166652,0,0.16291607916355133,0
2290022191,317043525,0,0.12527847290039062,0
2290022191,2290022202,0,0.09131724387407303,0
2290022195,317043208,0,0.10357821732759476,0
2290022195,2290022192,0,0.12620075047016144,0
8524468358,8524468359,0,0.20344100892543793,0
8524468358,8662632207,0,0.15111921727657318,0
2290022204,2290022195,0,0.1375109702348709,0
2290022204,317043208,0,0.15039052069187164,0
3748947178,10199056840,0,0.32288336753845215,1
3748947178,8524467936,0,0.1842954009771347,0
2290022221,2290022204,0,0.2184922695159912,0
2290022221,2290022169,0,0.17740125954151154,0
2290026336,3748948031,0,0.1323508322238922,0
3748948031,2290022221,0,0.21307769417762756,0
3748948031,3747300465,0,0.09758181869983673,0
8498934675,2290026346,0,0.3345392942428589,1
8535615625,8535615624,0,0.1803397685289383,0
2290026346,2290026348,0,0.22500120103359222,0
2290026346,8498937814,0,0.28930386900901794,0
2290026348,2290026359,0,0.20924027264118195,0
2290026348,2290026361,0,0.1432400643825531,0
8498937814,2290026346,0,0.28930386900901794,0
8498937814,8498937821,0,0.18891745805740356,0
8498937814,3745084945,0,0.17537429928779602,0
2290026359,4376927468,0,0.30518919229507446,1
2290026359,2290026361,0,0.22561077773571014,0
2290026361,8498937809,0,0.20009419322013855,0
2290026349,2290026336,0,0.11525455862283707,0
2290026351,8477047523,0,0.2263871282339096,0
8477047523,4376927432,0,0.14428171515464783,0
8477047523,320673901,0,0.13646970689296722,0
2290026353,2290026349,0,0.17379458248615265,0
2290026353,2290026356,0,0.2712695896625519,0
2290026356,2290026349,0,0.24455402791500092,0
2290026356,2290026359,0,0.3168199956417084,1
4376927468,2290026366,0,0.2735450565814972,0
4376927468,4376927467,0,0.28441956639289856,0
8498937809,3745085207,0,0.22693189978599548,0
8498937809,8498937814,0,0.24818524718284607,0
2290026365,4376927467,0,0.20342890918254852,0
2290026365,2290026351,0,0.21062049269676208,0
4376927467,2290026356,0,0.29605036973953247,0
4376927467,2290026351,0,0.25724270939826965,0
2290026366,2290026375,0,0.3511647582054138,1
2290029414,2290029404,0,0.1792433261871338,0
2290029414,2290029420,0,0.28858715295791626,0
2290029404,7182419475,0,0.20863476395606995,0
2290029390,316787752,0,0.18294985592365265,0
7182419475,7182365910,0,0.2948809564113617,0
2290029412,2290029420,0,0.2842629551887512,0
2290029412,2290029439,0,0.21090276539325714,0
2290029420,2290029431,0,0.3718107342720032,1
2290029420,2290029439,0,0.3227251470088959,1
2290029439,2290029489,0,0.373430073261261,1
2290029431,2290029426,0,0.2912293076515198,0
2290029431,2290029446,0,0.3190254271030426,1
2290029426,2290029414,0,0.23230665922164917,0
2290029426,2290029390,0,0.2592027187347412,0
2290029446,317055549,0,0.2976566553115845,0
2290029457,2290029431,0,0.3364778757095337,1
2290029457,2290029446,0,0.3079671859741211,1
3738551537,7182420334,0,0.7168541550636292,1
3738551537,10080154825,0,0.6443124413490295,1
2290029491,2290029457,0,0.2959046959877014,0
2290029491,316787752,0,0.17917665839195251,0
2290033940,1906053767,0,0.599612832069397,1
2290033940,2290033963,0,0.5894273519515991,1
2290033942,316787772,0,0.6183642148971558,1
2290033948,2290033942,0,0.6256453394889832,1
2290033950,2290033948,0,0.5760842561721802,1
2290033950,1906053767,0,0.5657259821891785,1
11936886104,3738552339,0,0.47585684061050415,1
2290033955,2290033950,0,0.5657131671905518,1
2290033955,2290033948,0,0.5811253786087036,1
11936944617,11936944625,0,0.47943753004074097,1
11936944617,11936944604,0,0.47477689385414124,1
2290033966,11936886103,0,0.49700823426246643,1
2290033966,2290033942,0,0.5253797173500061,1
11936886103,2290033951,0,0.6063547730445862,1
11936886103,11936886104,0,0.6255658864974976,1
2291112087,2291112085,0,0.05952005460858345,0
2291112096,2291112097,0,0.08027242124080658,0
2291112096,4398442617,0,0.09247195720672607,0
2291112097,8500166651,0,0.11430518329143524,0
2291112097,12642541094,0,0.08711770176887512,0
4398442617,2291112087,0,0.06878545880317688,0
4398442617,4398442634,0,0.06332579255104065,0
8500166651,12642541100,0,0.13919109106063843,0
8500166651,8500166652,0,0.15935739874839783,0
12642541094,318135967,0,0.08739931881427765,0
8500166652,2291112096,0,0.12532463669776917,0
8500166652,8500166653,0,0.14948824048042297,0
8631532348,2291112136,0,0.6605378985404968,1
8631532348,8593921698,0,0.5811312198638916,1
2291112126,2291112107,0,0.5552577972412109,1
2291112126,2291112123,0,0.5837349891662598,1
2316297228,9071779669,0,0.050793204456567764,0
9071779669,2316297224,0,0.10472559183835983,0
9071779669,9071779655,0,0.04933843016624451,0
2316297239,5896162814,0,0.04742737486958504,0
2316297239,4377082201,0,0.0433153361082077,0
2316297239,2316297224,0,0.09208659827709198,0
5896162814,2316297239,0,0.04742737486958504,0
5896162814,4377082201,0,0.012618360109627247,0
4377082201,2316297239,0,0.0433153361082077,0
4377082201,2322780172,0,0.007440352346748114,0
4377082201,5896162814,0,0.012618360109627247,0
2316297224,9071779656,0,0.10692588984966278,0
2316297224,2316297239,0,0.09208659827709198,0
2316297307,9103962601,0,0.03602147847414017,0
2316297307,5602546909,0,0.03874167054891586,0
2316297307,5602546917,0,0.016686055809259415,0
9103962601,2316297307,0,0.03602147847414017,0
9103962601,2316297228,0,0.034589044749736786,0
5602546909,9103974661,0,0.046313051134347916,0
5602546909,5602546916,0,0.05195767804980278,0
5602546909,5602546917,0,0.0413084551692009,0
5602546917,5602546916,0,0.03036494180560112,0
5602546917,5602546909,0,0.0413084551692009,0
5602546917,2316297307,0,0.016686055809259415,0
2322780049,2316297307,0,0.04007764905691147,0
2322780049,2316297228,0,0.03864521533250809,0
2322780172,4377082201,0,0.007440352346748114,0
2322780172,4376849494,0,0.011168086901307106,0
2322780172,5888222893,0,0.013703999109566212,0
4376849494,2322780172,0,0.011168086901307106,0
4376849494,2330817028,0,0.016871919855475426,0
4376849494,4376849502,0,0.05295008793473244,0
2322780285,4376858013,0,0.08447660505771637,0
2322780285,2333199536,0,0.05729583650827408,0
4376858013,2322780285,0,0.08447660505771637,0
4376858013,2330817028,0,0.05684911832213402,0
4376858013,4376891328,0,0.08483274281024933,0
2333199536,2322780285,0,0.05729583650827408,0
2333199536,4376891369,0,0.03227729722857475,0
2333199536,9635107436,0,0.024822670966386795,0
2333199536,5812250329,0,0.04678422585129738,0
2330816950,4492250951,0,0.006979051511734724,0
2330816950,4376842240,0,0.008656068705022335,0
4492250951,2330816950,0,0.006979051511734724,0
4492250951,2333199605,0,0.006341798231005669,0
4376842240,2330816950,0,0.008656068705022335,0
4376842240,2330817028,0,0.01355857215821743,0
4376842240,4376843297,0,0.026448849588632584,0
4376842240,5606699077,0,0.019682230427861214,0
2330817028,4376842240,0,0.01355857215821743,0
2330817028,4376858013,0,0.05684911832213402,0
2330817028,4376849494,0,0.016871919855475426,0
4376891369,2333199536,0,0.03227729722857475,0
4376891369,5812463556,0,0.015617815777659416,0
4376891369,4376891350,0,0.0222750473767519,0
9635107436,9633335789,0,0.012586206197738647,0
9635107436,2333199536,0,0.024822670966386795,0
9635107436,9635107446,0,0.044303908944129944,0
9635107436,12337015177,0,0.011017129756510258,0
5812250329,5812250316,0,0.05418706685304642,0
5812250329,2333199536,0,0.04678422585129738,0
5812250329,5812250341,0,0.048734694719314575,0
2333199605,2333199625,0,0.011646411381661892,0
2333199605,9633335789,0,0.012238379567861557,0
2333199605,4492250951,0,0.006341798231005669,0
2333199625,2333199605,0,0.011646411381661892,0
2333199625,5443171047,0,0.011754713021218777,0
9633335789,2333199605,0,0.012238379567861557,0
9633335789,9635107436,0,0.012586206197738647,0
9633335789,12337015160,0,0.04991959035396576,0
2349332463,2349332464,0,0.05302678793668747,0
2349332463,8560692244,0,0.026814134791493416,0
2349332464,2349332463,0,0.05302678793668747,0
2349332464,8534841016,0,0.09532485157251358,0
2349332464,8531543532,0,0.14085270464420319,0
8560692244,8559273161,0,0.03816140070557594,0
8560692244,2349332540,0,0.014866899698972702,0
8534841016,8534841015,0,0.15553011000156403,0
8534841016,8531543532,0,0.17570209503173828,0
8531543532,2290033955,0,0.39599213004112244,1
8531543532,2349332464,0,0.14085270464420319,0
2349332476,2349332511,0,0.03235290199518204,0
2349332511,2349332512,0,0.05033639073371887,0
2349332511,2349332524,0,0.03560402989387512,0
2349332511,2349332476,0,0.03235290199518204,0
2349332512,2349332511,0,0.05033639073371887,0
2349332512,2349332464,0,0.06211383640766144,0
2349332524,2349332526,0,0.08941112458705902,0
2349332524,12606139211,0,0.031072786077857018,0
2349332524,2349332511,0,0.03560402989387512,0
2349332526,2349332524,0,0.08941112458705902,0
2349332526,2349332512,0,0.104167141020298,0
12606139211,2349332538,0,0.07028225064277649,0
12606139211,2349346374,0,0.02858087047934532,0
12606139211,2349332524,0,0.031072786077857018,0
2349332538,12606139211,0,0.07028225064277649,0
2349332538,2349332540,0,0.06290453672409058,0
2349332538,2349332526,0,0.11404023319482803,0
2349332540,2349332538,0,0.06290453672409058,0
2349332540,2349332539,0,0.022979535162448883,0
2349332540,6045873619,0,0.03518659248948097,0
12606139239,2349332539,0,0.03790470212697983,0
6045873619,6045873618,0,0.0387599878013134,0
6045873619,317052735,0,0.06187089532613754,0
2349346392,2349346376,0,0.10682940483093262,0
2349346392,317053013,0,0.10939876735210419,0
2349346398,2349346404,0,0.1123795285820961,0
2349346398,6045937921,0,0.061217185109853745,0
2349346398,6045937918,0,0.06376808136701584,0
6045937921,2349346392,0,0.11288966238498688,0
6045937918,2349346398,0,0.06376808136701584,0
6045937918,2349346425,0,0.09018269181251526,0
6045937918,6045937921,0,0.04074559360742569,0
6045937922,2349346404,0,0.09808391332626343,0
2349346427,2349346425,0,0.13407424092292786,0
2349346427,2349346429,0,0.12057642638683319,0
2349346427,2349346449,0,0.11218833178281784,0
2349346425,2349346427,0,0.13407424092292786,0
2349346425,6045937918,0,0.09018269181251526,0
2349346425,2349346398,0,0.11055440455675125,0
2349346429,2349346427,0,0.12057642638683319,0
2349346443,2349346449,0,0.08858315646648407,0
2349346443,2349346425,0,0.11038295179605484,0
2349346473,2349346471,0,0.06350909918546677,0
2349346473,2349346584,0,0.06801030784845352,0
2349346459,2349346471,0,0.0855044275522232,0
2349346471,2349346473,0,0.06350909918546677,0
2349346471,2349346459,0,0.0855044275522232,0
2349346471,2349346443,0,0.07639647275209427,0
2349346584,2349346580,0,0.050951458513736725,0
2349346584,11958152485,0,0.05354195460677147,0
2349346577,2349346580,0,0.07746309041976929,0
2349346580,2349346584,0,0.050951458513736725,0
2349346580,2349346577,0,0.07746309041976929,0
2349346580,2349346471,0,0.04645024612545967,0
2349346624,2349346645,0,0.1769227683544159,0
2349346624,2349346580,0,0.09840645641088486,0
2349346654,2349346645,0,0.16791996359825134,0
3154116399,8556767544,0,0.36253979802131653,1
8556767544,8556767545,0,0.3727470338344574,1
8556767544,3154116414,0,0.38659387826919556,1
3154116414,7182420344,0,0.3544365465641022,1
3154116414,3154116508,0,0.359208345413208,1
7182420344,3154116414,0,0.3544365465641022,1
7182420344,3154116422,0,0.3700212240219116,1
7182420344,8556767545,0,0.3404569625854492,1
3154116508,7182420340,0,0.31663864850997925,1
3154116508,7182420332,0,0.5420854687690735,1
3154116422,7182420344,0,0.3700212240219116,1
3154116422,12014703641,0,0.3738933801651001,1
3154116422,8553803378,0,0.3321901559829712,1
12014703641,12014703640,0,0.2817803621292114,0
12014703641,8556767588,0,0.3426893651485443,1
8553803378,8553803394,0,0.2475121021270752,0
8553803378,3154116422,0,0.3321901559829712,1
3154116440,8556767615,0,0.24857312440872192,0
3154116440,3154116541,0,0.18093261122703552,0
8556767615,3154116441,0,0.21164417266845703,0
3154116541,8556769058,0,0.21122591197490692,0
3154116541,8556769055,0,0.22158192098140717,0
3154116441,8556767608,0,0.16392160952091217,0
3154116441,8860254752,0,0.1903485506772995,0
8556767608,3154116441,0,0.16392160952091217,0
8556767608,8556767615,0,0.23212309181690216,0
8556767608,8556769056,0,0.23769986629486084,0
8860254752,8860254751,0,0.20394091308116913,0
8860254752,8559349912,0,0.2822267711162567,0
3154116442,8556767588,0,0.29657813906669617,0
3154116442,12014703640,0,0.2485988438129425,0
3154116442,8485885547,0,0.2804281413555145,0
8556767588,3154116442,0,0.29657813906669617,0
8556767588,8556767594,0,0.3001925051212311,1
12014703640,3154116447,0,0.27991512417793274,0
8485885547,3154118856,0,0.31742462515830994,1
8485885547,3154116442,0,0.2804281413555145,0
8485885547,8496444911,0,0.3452180027961731,1
3154116447,8556767549,0,0.29678961634635925,0
3154116447,7182420346,0,0.3274879455566406,1
8556767549,12014703641,0,0.31362491846084595,1
8556767549,3154116422,0,0.36162641644477844,1
7182420346,3154116399,0,0.3489549458026886,1
7182420346,8654519901,0,0.3553740382194519,1
7182420340,3154116508,0,0.31663864850997925,1
7182420340,3154116510,0,0.3572641611099243,1
7182420340,7182420344,0,0.3113085925579071,1
7182420332,7182420334,0,0.7477929592132568,1
7182420332,8553803409,0,0.5762341022491455,1
3154116510,8553803394,0,0.331207275390625,1
3154116510,7182420340,0,0.3572641611099243,1
3154116510,8553803397,0,0.3773551881313324,1
8553803394,3154116514,0,0.2556125819683075,0
8553803394,3154116510,0,0.331207275390625,1
8553803394,8553803397,0,0.2981649935245514,0
8553803397,7182439149,0,0.3572970926761627,1
8553803397,3154116510,0,0.3773551881313324,1
8553803397,8553803433,0,0.31889593601226807,1
3154116514,8553803394,0,0.2556125819683075,0
3154116514,8553803378,0,0.2511075735092163,0
3154116514,3154116522,0,0.261785089969635,0
3154116522,3154116514,0,0.261785089969635,0
3154116522,8556769056,0,0.27793243527412415,0
3154116522,8556767594,0,0.2531518042087555,0
8556769056,8556769055,0,0.2909575402736664,0
8556769056,3154116522,0,0.27793243527412415,0
8556769056,8556767608,0,0.23769986629486084,0
8556767594,3154116523,0,0.2630181312561035,0
8556767594,3154116522,0,0.2531518042087555,0
8556767594,8559349913,0,0.20776797831058502,0
3154116523,8556767594,0,0.2630181312561035,0
3154116523,3154116442,0,0.2691899836063385,0
8556769058,8556769059,0,0.2946569323539734,0
8556769058,317056049,0,0.24122121930122375,0
8556769055,8556769056,0,0.2909575402736664,0
8556769055,8556769058,0,0.2880200743675232,0
3154116542,3154116541,0,0.13746505975723267,0
3154116542,7070907845,0,0.20651587843894958,0
7070907845,3154116440,0,0.2561410665512085,0
7070907845,8556769096,0,0.28132906556129456,0
8657744332,8657744329,0,0.3382968306541443,1
8657744332,8657744331,0,0.3332214057445526,1
3155733673,7182333192,0,0.18686148524284363,0
3155733673,10199056835,0,0.32687780261039734,1
7182333192,7182333191,0,0.13375139236450195,0
7182333192,8524468039,0,0.11239925026893616,0
10199056835,316786738,0,0.3803572654724121,1
3155733686,8524468012,0,0.20285315811634064,0
3155733686,3155733789,0,0.2049884796142578,0
8524468012,8524468040,0,0.11820434778928757,0
3155733789,6955897276,0,0.10769408196210861,0
3155733789,5335982217,0,0.168928325176239,0
3155733789,8524467941,0,0.11929026246070862,0
3155733705,7182277470,0,0.12386636435985565,0
3155733705,7182277481,0,0.1477789580821991,0
7182277470,7182277456,0,0.07865393161773682,0
7182277470,3155733783,0,0.10122716426849365,0
7182277481,7182277482,0,0.15814708173274994,0
7182277481,7182321372,0,0.13260895013809204,0
7182277474,12084430285,0,0.04775699973106384,0
7182277474,7182321343,0,0.07880909740924835,0
7182277455,3155733705,0,0.12494562566280365,0
7182277455,7182277454,0,0.06318926066160202,0
3155733783,8651301749,0,0.12077097594738007,0
3155733783,8671643382,0,0.15735600888729095,0
8651301749,7182277441,0,0.13988733291625977,0
8671643382,11809402454,0,0.28155818581581116,0
8671643382,11809402453,0,0.2134089171886444,0
6955897276,3155733789,0,0.10769408196210861,0
6955897276,3748947376,0,0.12183026969432831,0
6955897276,8524468012,0,0.10552065074443817,0
5335982217,5335982219,0,0.1853630244731903,0
8524467941,3155733789,0,0.11929026246070862,0
8524467941,8524467949,0,0.1643250286579132,0
3155733798,8524467949,0,0.1792883723974228,0
3155733798,8524467941,0,0.10682155191898346,0
8524467949,3155733798,0,0.1792883723974228,0
8524467949,8524467987,0,0.1568370908498764,0
3155733817,8524467987,0,0.12125448882579803,0
3155733817,3155733798,0,0.14251390099525452,0
8524467987,3155733817,0,0.12125448882579803,0
8524467987,3734372141,0,0.09555070102214813,0
8524467987,8524467936,0,0.09526143223047256,0
8496444944,3155736753,0,0.07119473814964294,0
8496444944,8496444943,0,0.07620537281036377,0
3734372141,8524468011,0,0.14728450775146484,0
3734372141,3155733686,0,0.18163847923278809,0
3734372141,8524467987,0,0.09555070102214813,0
8524468011,3734372141,0,0.14728450775146484,0
8524468011,7182333185,0,0.26187074184417725,0
7182420334,316786760,0,0.6518738269805908,1
7182420334,7182420332,0,0.7477929592132568,1
10080154825,3738551537,0,0.6443124413490295,1
10080154825,8553761170,0,0.5519635081291199,1
3738552228,8553803437,0,0.5537530779838562,1
3738552228,8553803429,0,0.40682974457740784,1
8553803437,8553803438,0,0.49536219239234924,1
8553803429,3738802747,0,0.3077930808067322,1
8553803429,8553803413,0,0.2782118022441864,0
3738552339,8534841015,0,0.24225956201553345,0
3738552339,8531511884,0,0.1879362016916275,0
8534841015,8534841016,0,0.15553011000156403,0
8534841015,8534855343,0,0.1768089383840561,0
8531511884,8534855343,0,0.12248558551073074,0
8531511884,8559273161,0,0.07025595754384995,0
8531511884,3738552339,0,0.1879362016916275,0
3738802483,7182419474,0,0.2459743767976761,0
3738802483,3738552228,0,0.3903614580631256,1
7182419474,7182419475,0,0.24384604394435883,0
7182419474,2290029412,0,0.2044460028409958,0
3738802747,8553803433,0,0.3103156089782715,1
3738802747,7182439149,0,0.34871676564216614,1
8553803433,8553803431,0,0.3299260139465332,1
8553803433,8553803410,0,0.40282532572746277,1
7182439149,8553803397,0,0.3572970926761627,1
7182439149,3154116514,0,0.3147446811199188,1
3745084945,3745085207,0,0.15434442460536957,0
3745084945,8498937814,0,0.17537429928779602,0
3745085207,4376927486,0,0.20452265441417694,0
3745085207,8485900718,0,0.2367781400680542,0
4376927486,4376927484,0,0.18921281397342682,0
4376927486,8535615626,0,0.30545634031295776,1
8485900718,317061735,0,0.1856124848127365,0
3745085865,8485885616,0,0.1276685744524002,0
3745085865,8556769060,0,0.1351977437734604,0
8485885616,8485900726,0,0.23500430583953857,0
8556769060,3154116542,0,0.16507488489151,0
8556769060,3745085865,0,0.1351977437734604,0
8528025741,3745246803,0,0.4174123704433441,1
8528025741,11936944629,0,0.46123653650283813,1
3747300465,3748948031,0,0.09758181869983673,0
3747300465,8491102425,0,0.015487244352698326,0
3747300465,8479727945,0,0.01842065155506134,0
3747300465,8498642404,0,0.02287607453763485,0
8479727945,3747300504,0,0.04611169546842575,0
8479727945,3747300465,0,0.01842065155506134,0
8498642404,3747300465,0,0.02287607453763485,0
3747300504,4376927432,0,0.07336144894361496,0
3747300504,8479727945,0,0.04611169546842575,0
4376927432,8477047523,0,0.14428171515464783,0
4376927432,3747300504,0,0.07336144894361496,0
4376927432,2290026353,0,0.15034516155719757,0
3748698043,4398442634,0,0.018961172550916672,0
3748698043,8478213952,0,0.010674318298697472,0
3748698043,8500166653,0,0.06784068048000336,0
4398442634,2291112087,0,0.028930792585015297,0
4398442634,3748698043,0,0.018961172550916672,0
8500166653,2291112096,0,0.10482729226350784,0
8500166653,3748698043,0,0.06784068048000336,0
10199056840,10199056836,0,0.46865713596343994,1
10199056840,7182321383,0,0.3884649872779846,1
8524467936,3155733817,0,0.13842657208442688,0
8524467936,3748947178,0,0.1842954009771347,0
3748947376,6955897276,0,0.12183026969432831,0
3748947376,7182277448,0,0.18778705596923828,0
7182277448,3155733783,0,0.17699432373046875,0
7182277448,7182277456,0,0.15439046919345856,0
4376843297,4376842240,0,0.026448849588632584,0
5606699077,4376842240,0,0.019682230427861214,0
4376849502,4376849494,0,0.05295008793473244,0
4376857487,4376857989,0,0.03425122797489166,0
4376857487,5812462741,0,0.03371323645114899,0
4376857989,4376857487,0,0.03425122797489166,0
4376857989,4376891329,0,0.012681198306381702,0
4376857989,4376891350,0,0.01536770723760128,0
4376891329,4376891328,0,0.046827275305986404,0
4376891329,5812250341,0,0.020703725516796112,0
4376891329,4376891350,0,0.019275644794106483,0
4376891350,4376891329,0,0.019275644794106483,0
4376891350,4376891369,0,0.0222750473767519,0
4376891350,4376857989,0,0.01536770723760128,0
4376891328,4376891329,0,0.046827275305986404,0
4376891328,4376857487,0,0.0681350976228714,0
5812250341,2322780285,0,0.04610196501016617,0
5812250341,5812250329,0,0.048734694719314575,0
4376927470,4376927468,0,0.27026087045669556,0
4376927470,2290026366,0,0.22503848373889923,0
4376927484,8498937809,0,0.21162205934524536,0
4376927484,4376927470,0,0.2006528079509735,0
8535615626,8535615627,0,0.36592379212379456,1
8535615626,8535615629,0,0.6595386862754822,1
4477965873,7182321372,0,0.11031007021665573,0
4477965873,7182277482,0,0.13585276901721954,0
7182321372,4477965873,0,0.11031007021665573,0
7182321372,4477965877,0,0.11154717952013016,0
7182277482,7182277483,0,0.20241323113441467,0
8478686410,5327432252,0,0.010135689750313759,0
8478686410,8478213952,0,0.01107715629041195,0
8478686410,8478213692,0,0.012289479374885559,0
5335982215,5335982525,0,0.1198551133275032,0
5335982215,8500165949,0,0.15289977192878723,0
5335982219,5335982522,0,0.16263437271118164,0
5335982219,8662632156,0,0.13553252816200256,0
5335982522,5335982215,0,0.1408846229314804,0
8662632156,8662632155,0,0.14211790263652802,0
8662632156,8662632208,0,0.14815083146095276,0
12925326288,5335982537,0,0.12388405203819275,0
12925326288,7182321343,0,0.09197726845741272,0
5335982537,12925326287,0,0.1676352471113205,0
12925326287,5335982217,0,0.171473890542984,0
12925326287,6955897276,0,0.1069115400314331,0
9103974661,5602546909,0,0.046313051134347916,0
9103974661,9103962601,0,0.0404236800968647,0
5602546916,8502518065,0,0.03171141818165779,0
5602546916,5602546917,0,0.03036494180560112,0
8502518065,8491102450,0,0.022115062922239304,0
8502518065,9104298168,0,0.046144139021635056,0
5812250316,5812250329,0,0.05418706685304642,0
5888222899,5888222893,0,0.04013898968696594,0
8524468369,8662632155,0,0.14159153401851654,0
8524468369,5888356090,0,0.07967767119407654,0
6955897261,6955950486,0,0.22760368883609772,0
6955897261,7182463024,0,0.17314399778842926,0
6955950486,6955950487,0,0.24431344866752625,0
7182463024,7182463025,0,0.15517005324363708,0
6955897262,6955950494,0,0.20861303806304932,0
6955950494,3155733673,0,0.19721809029579163,0
6955950494,6955950500,0,0.21447746455669403,0
6955897280,3155733673,0,0.18923436105251312,0
6955897280,6955950500,0,0.20150919258594513,0
6955950500,6955897261,0,0.24065370857715607,0
6955950487,6955950492,0,0.2456401288509369,0
6955950487,8485885576,0,0.2096163034439087,0
8498934686,6955897262,0,0.19162017107009888,0
8498934686,8498937719,0,0.13450390100479126,0
7070867998,7070868003,0,0.41766357421875,1
7070867998,8643419526,0,0.4702257513999939,1
8559092562,329036688,0,0.5325707793235779,1
7070907827,8860380815,0,0.2723528742790222,0
7070907827,7070907861,0,0.20258291065692902,0
8860380815,8496445006,0,0.27973148226737976,0
7070907861,7070907829,0,0.2207418978214264,0
7070907829,319597700,0,0.34336021542549133,1
7070907829,8485885553,0,0.3616011142730713,1
8485885553,7070907847,0,0.34274640679359436,1
7070907836,317056049,0,0.15531755983829498,0
7070907836,8556769059,0,0.208420991897583,0
8556769059,3154116542,0,0.20983242988586426,0
8556769059,8556769060,0,0.2540172338485718,0
8556769096,8860380814,0,0.29573601484298706,0
8556769096,8556769097,0,0.2508842647075653,0
7070907847,8860380805,0,0.2988451421260834,0
7070907847,7070907852,0,0.35041874647140503,1
8860380805,8556769097,0,0.2559901177883148,0
7070907852,7070907854,0,0.28517797589302063,0
7070907849,7070907827,0,0.2897920608520508,0
7070907854,8860380810,0,0.29759687185287476,0
7070907854,7070907849,0,0.28229865431785583,0
8860380810,3745085865,0,0.18506191670894623,0
7182277441,7182277448,0,0.19611066579818726,0
7182277441,3748947376,0,0.181752547621727,0
7182277456,7182277455,0,0.07973532378673553,0
7182277456,12084430281,0,0.12595632672309875,0
12084430281,7182277474,0,0.08942469209432602,0
12084430281,12084430285,0,0.10554865002632141,0
7182277467,7182277481,0,0.1522873193025589,0
7182277467,7182277470,0,0.12837471067905426,0
12084430285,5335982537,0,0.1205143854022026,0
7182321343,7182277475,0,0.12207121402025223,0
7182277475,3155733730,0,0.08523808419704437,0
7182277475,7182321332,0,0.09422527253627777,0
7182277483,7182277467,0,0.19655346870422363,0
7182277483,319627083,0,0.17392855882644653,0
7182321382,7182333203,0,0.2699766159057617,0
7182321382,8642619941,0,0.25438499450683594,0
7182321382,7182463005,0,0.2602510154247284,0
7182333203,7182321382,0,0.2699766159057617,0
7182333203,11809402457,0,0.2473997324705124,0
8642619941,7182321382,0,0.25438499450683594,0
8642619941,6955897280,0,0.1732402741909027,0
7182463005,7182463007,0,0.2408527135848999,0
7182321383,7182333185,0,0.35905593633651733,1
7182321383,10199056840,0,0.3884649872779846,1
7182333185,7182333192,0,0.2347029149532318,0
7182333185,8524468011,0,0.26187074184417725,0
7182333191,6955897280,0,0.1353583037853241,0
7182333191,7182321382,0,0.211436465382576,0
8524468039,3155733686,0,0.17363430559635162,0
8524468039,8524468011,0,0.1276242583990097,0
11809402457,11809402455,0,0.24039196968078613,0
11809402457,11809402456,0,0.22104637324810028,0
7182365910,3738802483,0,0.29700928926467896,0
7182365910,7182439136,0,0.2445489466190338,0
7182439136,7070907836,0,0.13299143314361572,0
8553803409,8553803410,0,0.45480772852897644,1
8553803409,8553803431,0,0.38190844655036926,1
8556767545,7182420346,0,0.35916218161582947,1
8556767545,8556767549,0,0.3321392834186554,1
8654519901,8485885544,0,0.3412436246871948,1
8654519901,8654519904,0,0.3504275381565094,1
8553803413,3738802747,0,0.29757097363471985,0
8553803413,7182439130,0,0.21212220191955566,0
7182463007,319627083,0,0.2132859230041504,0
7182463007,7182277467,0,0.2359108328819275,0
7182463017,7182463020,0,0.20961584150791168,0
7182463020,7182463024,0,0.1921103596687317,0
7182463020,6955950486,0,0.23993362486362457,0
7182463025,7182463004,0,0.1720433086156845,0
7182463025,7182463028,0,0.1761176586151123,0
7182463029,7182463032,0,0.17171554267406464,0
7182463029,320716825,0,0.12268202006816864,0
7182463032,7182463033,0,0.24836359918117523,0
7182463033,317199403,0,0.2090301513671875,0
7182463033,7182463017,0,0.19727109372615814,0
11974606132,11974606131,0,0.5549809336662292,1
11974606132,8654519895,0,0.5060538053512573,1
8485885543,8654519899,0,0.41895315051078796,1
8485885543,8485885544,0,0.366277813911438,1
8654519899,3154116399,0,0.38728734850883484,1
8485885544,8654519904,0,0.33680835366249084,1
8485885544,319267999,0,0.4125170111656189,1
8654519904,8657744330,0,0.3379129469394684,1
8485900717,8496445015,0,0.17703375220298767,0
8485900717,8485900735,0,0.16577540338039398,0
8496445005,8496445006,0,0.27933621406555176,0
8496445005,7070907861,0,0.1780775785446167,0
11037315543,8485900751,0,0.22663961350917816,0
8485885615,8860406020,0,0.2495020627975464,0
8485885615,8485885616,0,0.22795835137367249,0
8860406020,7070907849,0,0.258419394493103,0
8860406020,8860380815,0,0.24036215245723724,0
8485900726,8485900718,0,0.26992806792259216,0
8485900726,4376927486,0,0.2376725673675537,0
8496445015,317199403,0,0.18389931321144104,0
8496445015,7182463017,0,0.15764161944389343,0
8485900735,8485885615,0,0.1983863115310669,0
8496445014,8496445015,0,0.18548192083835602,0
8496445014,8485900735,0,0.17458969354629517,0
8506696980,8496445009,0,0.2298133671283722,0
8506696980,317199070,0,0.26128843426704407,0
8485900751,317056516,0,0.19707335531711578,0
8485900751,8485885606,0,0.2747558653354645,0
9104298168,320528953,0,0.0596592091023922,0
9104298168,8502518065,0,0.046144139021635056,0
8496444837,8496444838,0,0.3635995388031006,1
8496444838,319323720,0,0.34071266651153564,1
8496444838,8496444920,0,0.25522568821907043,0
8860380809,8485885553,0,0.3410675525665283,1
8860380809,8860380805,0,0.28284189105033875,0
8496444943,8496444948,0,0.06054298207163811,0
8496444943,8496444944,0,0.07620537281036377,0
8496444985,319267957,0,0.14994536340236664,0
8496444985,8496444837,0,0.27607372403144836,0
8496445006,317199070,0,0.3032968044281006,1
8496445006,8496445009,0,0.2710660696029663,0
8496445009,8506696980,0,0.2298133671283722,0
8496445009,8496445014,0,0.2171933650970459,0
8498642405,8498650259,0,0.019275687634944916,0
8498937719,3745084945,0,0.11259875446557999,0
8498937719,8498937821,0,0.12789246439933777,0
8498937821,8535615625,0,0.14270418882369995,0
8498937821,8498934675,0,0.23498639464378357,0
8500166001,8500166016,0,0.18626251816749573,0
8500166016,318135957,0,0.22553648054599762,0
8500166016,8500166628,0,0.20685286819934845,0
12642541100,2291112105,0,0.11943843215703964,0
8524468040,8524468039,0,0.08898550271987915,0
8524468040,7182333191,0,0.10818484425544739,0
8524468359,8524468358,0,0.20344100892543793,0
8524468359,317043527,0,0.21479207277297974,0
8662632207,8662632208,0,0.1747092306613922,0
8662632207,8524468369,0,0.12294965237379074,0
8662632155,8662632156,0,0.14211790263652802,0
8662632155,5335982522,0,0.16847893595695496,0
11936944629,11936944609,0,0.38547614216804504,1
11936944629,11936944632,0,0.44801440834999084,1
8528025751,11936944618,0,0.5229091644287109,1
8528025751,11936944595,0,0.4578472673892975,1
11936944618,11936944610,0,0.4730490744113922,1
11936944618,11936944595,0,0.4196641743183136,1
11936944595,11936944571,0,0.4233611226081848,1
8528025772,320663851,0,0.5139663815498352,1
8528025772,11936944618,0,0.4918985068798065,1
8534855343,8531511884,0,0.12248558551073074,0
8534855343,2349332463,0,0.10915501415729523,0
8535615624,8498937719,0,0.16562356054782867,0
8535615624,6955897262,0,0.22287380695343018,0
8535615627,8535615626,0,0.36592379212379456,1
8535615627,4376927484,0,0.2357172966003418,0
8535615629,8535615630,0,0.8813572525978088,1
8535615629,8535615630,1,0.8813572525978088,1
8535615630,8535615629,0,0.8813572525978088,1
8535615630,8535615627,0,0.5877423882484436,1
8553761170,3738552228,0,0.5218337774276733,1
8553761170,7182419474,0,0.37245020270347595,1
8553803410,7182420340,0,0.4081512689590454,1
8553803431,8553803429,0,0.3274035155773163,1
8553803431,8553803437,0,0.47432684898376465,1
8553803438,8553761170,0,0.4584463834762573,1
8553803438,10080154825,0,0.5019609332084656,1
8559349913,8559349912,0,0.2501280903816223,0
8559349913,8860254751,0,0.17257298529148102,0
8860380814,7070907852,0,0.35232749581336975,1
8860380814,8860380810,0,0.3167281448841095,1
8556769097,8556769096,0,0.2508842647075653,0
8556769097,3154116440,0,0.2257416695356369,0
8643038664,8559092562,0,0.5790724158287048,1
8643038664,7070867998,0,0.5423597693443298,1
8559349912,8559349913,0,0.2501280903816223,0
8559349912,3154116523,0,0.30589136481285095,1
8860254751,8860254752,0,0.20394091308116913,0
8860254751,8556767608,0,0.17836669087409973,0
8643038644,8643062401,0,0.40679931640625,1
8643038644,8643062402,0,0.43265023827552795,1
8643062401,8643038644,0,0.40679931640625,1
8643062401,8643419524,0,0.47797852754592896,1
8643062402,8643062403,0,0.4765057861804962,1
8643062402,1906053768,0,0.5446296334266663,1
8643038673,8643062395,0,0.515407383441925,1
8643038673,8643062396,0,0.5546556711196899,1
8643062395,8643038673,0,0.515407383441925,1
8643062395,8643062393,0,0.5202256441116333,1
8643062396,8643062397,0,0.6309443712234497,1
8643062396,8643038665,0,0.5836604237556458,1
8643062393,8643062392,0,0.5180087685585022,1
8643062393,320703048,0,0.5345268845558167,1
8643419524,8643419520,0,0.5076771378517151,1
8643419524,319326133,0,0.49019479751586914,1
8654519895,8485885543,0,0.4045233130455017,1
8654519895,8654519899,0,0.41854527592658997,1
8657744330,8657744331,0,0.3287786543369293,1
8657744330,8657744329,0,0.3339237868785858,1
8654519910,319267999,0,0.4735085964202881,1
8654519910,8654519907,0,0.41976845264434814,1
11974606131,319261288,0,0.48171883821487427,1
11974606131,11974606129,0,0.43331098556518555,1
8657744327,8657744326,0,0.5076088309288025,1
8657744327,8485885538,0,0.45489078760147095,1
8657744329,8657744330,0,0.3339237868785858,1
8657744329,8654519910,0,0.39374107122421265,1
8657744331,8657744332,0,0.3332214057445526,1
8657744331,8485885547,0,0.3197665214538574,1
8662632208,8662632207,0,0.1747092306613922,0
8662632208,8524468359,0,0.22904512286186218,0
11809402454,11809402456,0,0.295836478471756,0
11809402454,11809402455,0,0.2782747447490692,0
11809402453,8671643382,0,0.2134089171886444,0
11809402453,8651301749,0,0.19022534787654877,0
9071779655,2322780049,0,0.03630209341645241,0
9071779655,9071779666,0,0.04540644958615303,0
9071779666,9071779647,0,0.10391245037317276,0
9071779656,9071779655,0,0.05103472247719765,0
9071779656,9071779666,0,0.0847252830862999,0
12337015160,9633335789,0,0.04991959035396576,0
9635107446,9635107436,0,0.044303908944129944,0
12337015177,9635107436,0,0.011017129756510258,0
10199056836,10199056835,0,0.49524378776550293,1
10199056836,7182321383,0,0.4653421938419342,1
11809402456,11809402457,0,0.22104637324810028,0
11809402456,7182333203,0,0.23436754941940308,0
11809402455,11809402453,0,0.2800752520561218,0
11809402455,11809402454,0,0.2782747447490692,0
11936944571,2290033966,0,0.4415425658226013,1
11936944581,8528025772,0,0.47745487093925476,1
11936944581,320663851,0,0.4759868085384369,1
11936944604,320662660,0,0.5642412304878235,1
11936944609,11936944632,0,0.3688768446445465,1
11936944609,8528025772,0,0.40270477533340454,1
11936944632,11936944604,0,0.45983704924583435,1
11936944610,11936944609,0,0.38385534286499023,1
11936944610,11936944628,0,0.4323275089263916,1
11936944628,8528025741,0,0.43057116866111755,1
11936944625,11936944610,0,0.4794761836528778,1
11936944625,11936944628,0,0.45043158531188965,1
597415337,2344794053,0,0.010033882223069668,0
597415337,5445035282,0,0.008278490975499153,0
597415337,13363770548,0,0.006710357032716274,0
597415337,5592665681,0,0.008219064213335514,0
2344794053,597415337,0,0.010033882223069668,0
2344794053,3631000767,0,0.011223622597754002,0
2344794053,12535611959,0,0.013282003812491894,0
5445035282,5333444289,0,0.0096104945987463,0
5445035282,597415337,0,0.008278490975499153,0
5445035282,12535611959,0,0.011483476497232914,0
13363770548,2330942604,0,0.011293504387140274,0
13363770548,597415337,0,0.006710357032716274,0
13363770548,5592665709,0,0.012906906194984913,0
5592665681,2345188529,0,0.014520416967570782,0
5592665681,597415337,0,0.008219064213335514,0
5592665681,5592665691,0,0.02086781896650791,0
597415376,9071779647,0,0.12444058805704117,0
597415376,2322780049,0,0.08663337677717209,0
9071779647,597415376,0,0.12444058805704117,0
9071779647,9071870135,0,0.0697256475687027,0
597415383,2331030469,0,0.1126033216714859,0
597415383,11953271823,0,0.11661691218614578,0
597415383,2331030466,0,0.06538505107164383,0
2331030469,9071870127,0,0.08852503448724747,0
2331030469,597415376,0,0.11038912087678909,0
11953271823,597415383,0,0.11661691218614578,0
11953271823,9071870121,0,0.07576858997344971,0
2331030466,2331030469,0,0.07435345649719238,0
2331030466,910330180,0,0.02810736931860447,0
597415390,9071870121,0,0.03999100625514984,0
597415390,9072197625,0,0.034451548010110855,0
597415390,597415383,0,0.05891600251197815,0
9071870121,597415390,0,0.03999100625514984,0
9071870121,2876168288,0,0.05600350350141525,0
9071870121,9071755001,0,0.04437876492738724,0
9072197625,9072197626,0,0.03595297783613205,0
9072197625,597415390,0,0.034451548010110855,0
2322780002,9071755001,0,0.02786826156079769,0
2322780002,597415390,0,0.0238588098436594,0
9071755001,2322780002,0,0.02786826156079769,0
9071755001,9071991174,0,0.027372848242521286,0
2330942563,2330942604,0,0.02250160090625286,0
2330942563,2876158660,0,0.02029028721153736,0
2330942563,2876158656,0,0.08137982338666916,0
2330942604,2330942563,0,0.02250160090625286,0
2330942604,13363770548,0,0.011293504387140274,0
2330942604,13363770607,0,0.016506915912032127,0
2876158656,2330942563,0,0.08137982338666916,0
13363770607,13363770608,0,0.02376939356327057,0
13363770607,13363770490,0,0.03179154172539711,0
13363770607,2330942604,0,0.016506915912032127,0
2330942721,5333444289,0,0.021751506254076958,0
5333444289,2330942721,0,0.021751506254076958,0
5333444289,5445035282,0,0.0096104945987463,0
5333444289,5333444300,0,0.012447917833924294,0
9071870127,2331030469,0,0.08852503448724747,0
9071870127,11953271823,0,0.09253862500190735,0
2344793922,3630978225,0,0.016005264595150948,0
3630978225,2344793922,0,0.016005264595150948,0
3630978225,3630978219,0,0.02873758040368557,0
3630978225,12535611959,0,0.013445360586047173,0
3631000767,2344794053,0,0.011223622597754002,0
3631000767,3630976158,0,0.0075093829073011875,0
3631000767,3631000704,0,0.009806476533412933,0
12535611959,2344794053,0,0.013282003812491894,0
12535611959,3630978225,0,0.013445360586047173,0
12535611959,3630978219,0,0.02767728641629219,0
12535611959,5445035282,0,0.011483476497232914,0
2876168284,2876168288,0,0.07261791080236435,0
2876168284,9071779659,0,0.08225851505994797,0
2876168284,2876169071,0,0.17244315147399902,0
2876168288,2876168284,0,0.07261791080236435,0
2876168288,2876169004,0,0.14673389494419098,0
2876168288,9071870121,0,0.05600350350141525,0
9071779659,9071870135,0,0.062307506799697876,0
9071779659,9071870133,0,0.06239370256662369,0
9071779659,2876168284,0,0.08225851505994797,0
2876169071,2876168284,0,0.17244315147399902,0
2876169004,2876168288,0,0.14673389494419098,0
3630976158,5812526293,0,0.025892281904816628,0
3630976158,3631000767,0,0.0075093829073011875,0
3630976158,3631000704,0,0.009021657519042492,0
5812526293,3630976158,0,0.025892281904816628,0
5812526293,9072197626,0,0.0372423455119133,0
5812526293,5812528068,0,0.050729382783174515,0
3631000704,3630978219,0,0.02676691859960556,0
3631000704,3630976158,0,0.009021657519042492,0
3631000704,3631000767,0,0.009806476533412933,0
3630978219,3630978225,0,0.02873758040368557,0
3630978219,3631000704,0,0.02676691859960556,0
3630978219,12535611959,0,0.02767728641629219,0
5333444300,5333444289,0,0.012447917833924294,0
5592665691,5592665681,0,0.02086781896650791,0
5592665692,5592665709,0,0.028394145891070366,0
5592665709,5592665692,0,0.028394145891070366,0
5592665709,13363770490,0,0.034466151148080826,0
5592665709,13363770548,0,0.012906906194984913,0
13363770490,13363770607,0,0.03179154172539711,0
13363770490,5592665709,0,0.034466151148080826,0
13363770490,13363770608,0,0.03687534108757973,0
9072197626,5812526293,0,0.0372423455119133,0
9072197626,9072197625,0,0.03595297783613205,0
5812528068,5812526310,0,0.05482823774218559,0
5812528068,5812526293,0,0.050729382783174515,0
5812528068,5812528072,0,0.16495095193386078,0
5812526310,5812528068,0,0.05482823774218559,0
5812528072,5812528068,0,0.16495095193386078,0
9071991174,9071842597,0,0.07115449756383896,0
9071870135,9071779659,0,0.062307506799697876,0
9071870135,9071870133,0,0.01924891397356987,0
9071870133,9071779659,0,0.06239370256662369,0
9071870133,9071870127,0,0.036248479038476944,0
9071842597,9071991174,0,0.07115449756383896,0
9071842597,2322780002,0,0.06342720985412598,0
13363770441,13363770608,0,0.03309525549411774,0
13363770608,13363770607,0,0.02376939356327057,0
13363770608,13363770490,0,0.03687534108757973,0
13363770608,13363770441,0,0.03309525549411774,0
