{
"type": "FeatureCollection",
"name": "wards19",
"crs": { "type": "name", "properties": { "name": "urn:ogc:def:crs:OGC:1.3:CRS84" } },
"features": [
{ "type": "Feature", "properties": { "fid": 1, "ward_id": 13 }, "geometry": { "type": "Polygon", "coordinates": [ [ [ 73.178416059993268, 22.284850478631974 ], [ 73.178512150682167, 22.285117219408633 ], [ 73.178800422748864, 22.285117219408633 ], [ 73.178992604126634, 22.285117219408633 ], [ 73.179184785504447, 22.285117219408633 ], [ 73.179376966882231, 22.285206132887755 ], [ 73.179569148260029, 22.285117219408633 ], [ 73.179761329637827, 22.285117219408633 ], [ 73.179953511015611, 22.285028305872959 ], [ 73.179953511015611, 22.284850478631974 ], [ 73.180241783082309, 22.284850478631974 ], [ 73.180433964460107, 22.284761564926658 ], [ 73.180626145837891, 22.284761564926658 ], [ 73.180914417904589, 22.284761564926658 ], [ 73.181106599282387, 22.284761564926658 ], [ 73.181298780660171, 22.284672651164794 ], [ 73.181587052726869, 22.284672651164794 ], [ 73.181779234104653, 22.284672651164794 ], [ 73.181971415482451, 22.284672651164794 ], [ 73.182163596860249, 22.284672651164794 ], [ 73.182451868926933, 22.284672651164794 ], [ 73.182644050304731, 22.284672651164794 ], [ 73.182932322371428, 22.284672651164794 ], [ 73.183220594438112, 22.284672651164794 ], [ 73.183412775815896, 22.284672651164794 ], [ 73.183604957193694, 22.284583737346388 ], [ 73.183797138571492, 22.284583737346388 ], [ 73.183989319949276, 22.284494823471427 ], [ 73.184181501327075, 22.284494823471427 ], [ 73.184373682704859, 22.284494823471427 ], [ 73.184661954771556, 22.284405909539927 ], [ 73.184854136149369, 22.284405909539927 ], [ 73.185046317527139, 22.284405909539927 ], [ 73.185046317527139, 22.284228081507287 ], [ 73.185238498904937, 22.284228081507287 ], [ 73.185430680282749, 22.284228081507287 ], [ 73.185718952349418, 22.284228081507287 ], [ 73.185911133727231, 22.284228081507287 ], [ 73.186103315105015, 22.284228081507287 ], [ 73.186295496482799, 22.284228081507287 ], [ 73.186487677860612, 22.284228081507287 ], [ 73.186775949927281, 22.284139167406153 ], [ 73.187064221993978, 22.284139167406153 ], [ 73.187256403371762, 22.284139167406153 ], [ 73.187544675438446, 22.284139167406153 ], [ 73.187736856816258, 22.284139167406153 ], [ 73.187929038194042, 22.284139167406153 ], [ 73.18821731026074, 22.284139167406153 ], [ 73.188409491638524, 22.284139167406153 ], [ 73.188697763705221, 22.284139167406153 ], [ 73.188889945083005, 22.284139167406153 ], [ 73.189082126460789, 22.284139167406153 ], [ 73.189274307838602, 22.284139167406153 ], [ 73.189466489216386, 22.284139167406153 ], [ 73.189658670594184, 22.284139167406153 ], [ 73.189850851971997, 22.284139167406153 ], [ 73.190043033349767, 22.284139167406153 ], [ 73.190235214727565, 22.284139167406153 ], [ 73.190427396105378, 22.284139167406153 ], [ 73.190619577483147, 22.284139167406153 ], [ 73.190811758860946, 22.284139167406153 ], [ 73.191003940238758, 22.284139167406153 ], [ 73.191196121616528, 22.284139167406153 ], [ 73.191388302994341, 22.284139167406153 ], [ 73.191580484372111, 22.284139167406153 ], [ 73.191772665749909, 22.284139167406153 ], [ 73.191964847127721, 22.284139167406153 ], [ 73.19225311919439, 22.284139167406153 ], [ 73.192445300572203, 22.284139167406153 ], [ 73.192637481949987, 22.284139167406153 ], [ 73.192829663327771, 22.284139167406153 ], [ 73.193021844705584, 22.284139167406153 ], [ 73.193214026083368, 22.284139167406153 ], [ 73.193406207461152, 22.284139167406153 ], [ 73.193694479527849, 22.284228081507287 ], [ 73.193886660905633, 22.284228081507287 ], [ 73.194078842283446, 22.284228081507287 ], [ 73.19427102366123, 22.284228081507287 ], [ 73.194463205039014, 22.284228081507287 ], [ 73.194655386416827, 22.284228081507287 ], [ 73.194847567794625, 22.284139167406153 ], [ 73.195135839861308, 22.284050253248463 ], [ 73.195424111928006, 22.283961339034235 ], [ 73.19561629330579, 22.283872424763466 ], [ 73.19561629330579, 22.283694596052282 ], [ 73.195904565372487, 22.283605681611867 ], [ 73.19619283743917, 22.283516767114918 ], [ 73.196385018816969, 22.283516767114918 ], [ 73.196577200194767, 22.283427852561424 ], [ 73.196769381572537, 22.283427852561424 ], [ 73.197057653639249, 22.283338937951378 ], [ 73.197249835017018, 22.283338937951378 ], [ 73.197442016394831, 22.283338937951378 ], [ 73.197730288461514, 22.283338937951378 ], [ 73.197922469839298, 22.283161108561671 ], [ 73.198114651217111, 22.283161108561671 ], [ 73.198306832594881, 22.283161108561671 ], [ 73.198499013972693, 22.283161108561671 ], [ 73.198691195350492, 22.283161108561671 ], [ 73.198883376728261, 22.283161108561671 ], [ 73.199075558106074, 22.283161108561671 ], [ 73.199267739483858, 22.283161108561671 ], [ 73.199556011550555, 22.283161108561671 ], [ 73.199844283617253, 22.283161108561671 ], [ 73.200132555683936, 22.283161108561671 ], [ 73.200324737061734, 22.283161108561671 ], [ 73.200516918439504, 22.283161108561671 ], [ 73.200709099817317, 22.283161108561671 ], [ 73.200901281195115, 22.283161108561671 ], [ 73.201093462572913, 22.283072193781994 ], [ 73.201285643950669, 22.283072193781994 ], [ 73.201477825328496, 22.283072193781994 ], [ 73.201670006706294, 22.283072193781994 ], [ 73.201862188084064, 22.282894364053014 ], [ 73.202150460150776, 22.282894364053014 ], [ 73.202438732217459, 22.282805449103719 ], [ 73.202727004284156, 22.282805449103719 ], [ 73.202727004284156, 22.282627619035484 ], [ 73.20301527635084, 22.282627619035484 ], [ 73.203207457728638, 22.282627619035484 ], [ 73.203399639106408, 22.282627619035484 ], [ 73.20368791117312, 22.282627619035484 ], [ 73.203880092550889, 22.282538703916561 ], [ 73.204072273928702, 22.282538703916561 ], [ 73.2042644553065, 22.282538703916561 ], [ 73.20445663668427, 22.282538703916561 ], [ 73.204648818062083, 22.282538703916561 ], [ 73.204840999439881, 22.282538703916561 ], [ 73.205129271506564, 22.282538703916561 ], [ 73.205321452884363, 22.282538703916561 ], [ 73.205609724951046, 22.282627619035484 ], [ 73.205801906328844, 22.282627619035484 ], [ 73.205994087706642, 22.282627619035484 ], [ 73.206186269084426, 22.282627619035484 ], [ 73.206378450462225, 22.282627619035484 ], [ 73.206570631840023, 22.282627619035484 ], [ 73.206666722528922, 22.282983278945778 ], [ 73.206858903906706, 22.282983278945778 ], [ 73.207051085284505, 22.282983278945778 ], [ 73.207147175973404, 22.283161108561671 ], [ 73.207435448040087, 22.283338937951378 ], [ 73.207531538728986, 22.283516767114918 ], [ 73.207819810795669, 22.283605681611867 ], [ 73.207819810795669, 22.283783510436148 ], [ 73.207819810795669, 22.283961339034235 ], [ 73.208011992173468, 22.283961339034235 ], [ 73.208011992173468, 22.284139167406153 ], [ 73.208011992173468, 22.284316995551883 ], [ 73.208108082862367, 22.284494823471427 ], [ 73.208204173551266, 22.284761564926658 ], [ 73.208300264240151, 22.284939392280734 ], [ 73.20839635492905, 22.285206132887755 ], [ 73.20839635492905, 22.285383959676366 ], [ 73.208492445617949, 22.285561786238791 ], [ 73.208492445617949, 22.285739612575014 ], [ 73.208588536306848, 22.285917438685036 ], [ 73.208588536306848, 22.286095264568875 ], [ 73.208588536306848, 22.286273090226512 ], [ 73.208780717684647, 22.286273090226512 ], [ 73.208780717684647, 22.286450915657944 ], [ 73.208876808373532, 22.286717653380983 ], [ 73.208972899062431, 22.286895478246915 ], [ 73.208972899062431, 22.28707330288664 ], [ 73.209165080440229, 22.287162215121683 ], [ 73.209165080440229, 22.287340039422109 ], [ 73.209261171129128, 22.287695687344318 ], [ 73.209453352506898, 22.287962422692178 ], [ 73.209453352506898, 22.288140245974656 ], [ 73.209549443195812, 22.288318069030918 ], [ 73.209645533884711, 22.288584803191164 ], [ 73.209645533884711, 22.28876262568188 ], [ 73.20974162457361, 22.288940447946388 ], [ 73.209933805951394, 22.289029358993798 ], [ 73.210125987329192, 22.289296091796718 ], [ 73.210318168707005, 22.289473913382565 ], [ 73.21051035008476, 22.289473913382565 ], [ 73.210702531462573, 22.289473913382565 ], [ 73.210894712840357, 22.289473913382565 ], [ 73.21108689421817, 22.289473913382565 ], [ 73.211279075595954, 22.289473913382565 ], [ 73.211567347662651, 22.289562824090641 ], [ 73.211759529040435, 22.289562824090641 ], [ 73.211951710418234, 22.289562824090641 ], [ 73.211951710418234, 22.289740645337144 ], [ 73.212143891796032, 22.289740645337144 ], [ 73.212336073173816, 22.28982955587556 ], [ 73.212528254551614, 22.28982955587556 ], [ 73.212720435929413, 22.289918466357413 ], [ 73.212912617307211, 22.289918466357413 ], [ 73.213200889373894, 22.289918466357413 ], [ 73.213296980062779, 22.290185197463646 ], [ 73.213296980062779, 22.290363017918345 ], [ 73.213104798684995, 22.290363017918345 ], [ 73.212912617307211, 22.290451928060854 ], [ 73.212720435929413, 22.290540838146814 ], [ 73.212720435929413, 22.290718658149046 ], [ 73.212528254551614, 22.290718658149046 ], [ 73.212336073173816, 22.290807568065325 ], [ 73.211951710418234, 22.291074297474811 ], [ 73.211759529040435, 22.29125211679834 ], [ 73.21166343835155, 22.291429935895618 ], [ 73.211471256973752, 22.291429935895618 ], [ 73.211375166284867, 22.291607754766666 ], [ 73.21108689421817, 22.291874482649039 ], [ 73.21108689421817, 22.292052300954474 ], [ 73.21099080352927, 22.292230119033672 ], [ 73.210702531462573, 22.292496845728252 ], [ 73.210606440773674, 22.292763571913767 ], [ 73.21051035008476, 22.292941389087972 ], [ 73.21051035008476, 22.293208114425042 ], [ 73.21041425939589, 22.293474839253047 ], [ 73.210222078018091, 22.293741563571977 ], [ 73.210029896640293, 22.293741563571977 ], [ 73.209837715262523, 22.293741563571977 ], [ 73.209549443195812, 22.293741563571977 ], [ 73.209357261818013, 22.293652655522227 ], [ 73.209165080440229, 22.293652655522227 ], [ 73.208972899062431, 22.293563747415924 ], [ 73.208780717684647, 22.293563747415924 ], [ 73.208588536306848, 22.293563747415924 ], [ 73.20839635492905, 22.293563747415924 ], [ 73.208204173551266, 22.293563747415924 ], [ 73.208011992173468, 22.293563747415924 ], [ 73.207723720106785, 22.293563747415924 ], [ 73.207531538728986, 22.293741563571977 ], [ 73.207339357351188, 22.293830471565155 ], [ 73.207243266662289, 22.294097195205303 ], [ 73.206954994595606, 22.294186102972212 ], [ 73.206858903906706, 22.294363918336355 ], [ 73.206762813217807, 22.294630640958321 ], [ 73.206570631840023, 22.294808455756797 ], [ 73.206378450462225, 22.294897363071186 ], [ 73.206378450462225, 22.295075177530265 ], [ 73.206186269084426, 22.295341898794621 ], [ 73.205994087706642, 22.295608619549867 ], [ 73.205801906328844, 22.295786433103864 ], [ 73.205705815639945, 22.296053153010583 ], [ 73.205705815639945, 22.296230965998873 ], [ 73.205705815639945, 22.296408778760899 ], [ 73.205705815639945, 22.296586591296638 ], [ 73.205705815639945, 22.29676440360609 ], [ 73.205897997017743, 22.296853309675971 ], [ 73.206186269084426, 22.296853309675971 ], [ 73.206378450462225, 22.296942215689274 ], [ 73.206378450462225, 22.297120027546161 ], [ 73.206378450462225, 22.297297839176771 ], [ 73.206378450462225, 22.297475650581088 ], [ 73.206378450462225, 22.297742367263272 ], [ 73.206378450462225, 22.297920178101858 ], [ 73.206378450462225, 22.298097988714161 ], [ 73.206378450462225, 22.298275799100171 ], [ 73.206378450462225, 22.298453609259884 ], [ 73.206474541151124, 22.298720324075145 ], [ 73.206474541151124, 22.298898133669113 ], [ 73.206474541151124, 22.29907594303678 ], [ 73.206474541151124, 22.299253752178142 ], [ 73.206474541151124, 22.299431561093208 ], [ 73.206474541151124, 22.299609369781969 ], [ 73.206474541151124, 22.299787178244415 ], [ 73.206474541151124, 22.299964986480564 ], [ 73.206378450462225, 22.300142794490402 ], [ 73.206186269084426, 22.300142794490402 ], [ 73.205994087706642, 22.300142794490402 ], [ 73.205801906328844, 22.300142794490402 ], [ 73.205609724951046, 22.300142794490402 ], [ 73.205417543573262, 22.300142794490402 ], [ 73.205225362195463, 22.30023169841045 ], [ 73.204937090128752, 22.30023169841045 ], [ 73.204744908750982, 22.30023169841045 ], [ 73.204648818062083, 22.300053890513773 ], [ 73.20445663668427, 22.300053890513773 ], [ 73.204168364617601, 22.299964986480564 ], [ 73.203784001862019, 22.299876082390785 ], [ 73.20359182048422, 22.299876082390785 ], [ 73.203399639106408, 22.299876082390785 ], [ 73.203207457728638, 22.299876082390785 ], [ 73.202919185661926, 22.299876082390785 ], [ 73.202727004284156, 22.299876082390785 ], [ 73.202534822906358, 22.299876082390785 ], [ 73.202342641528546, 22.299876082390785 ], [ 73.202150460150776, 22.299876082390785 ], [ 73.201958278772977, 22.299876082390785 ], [ 73.201766097395179, 22.299876082390785 ], [ 73.201573916017395, 22.299876082390785 ], [ 73.201189553261798, 22.300053890513773 ], [ 73.200997371884014, 22.300053890513773 ], [ 73.200805190506202, 22.300053890513773 ], [ 73.200613009128418, 22.300053890513773 ], [ 73.200324737061734, 22.300142794490402 ], [ 73.200036464995037, 22.300142794490402 ], [ 73.199844283617253, 22.300142794490402 ], [ 73.199652102239455, 22.30023169841045 ], [ 73.199459920861642, 22.30023169841045 ], [ 73.199075558106074, 22.300587313524886 ], [ 73.198883376728261, 22.300587313524886 ], [ 73.198595104661592, 22.300587313524886 ], [ 73.19840292328378, 22.300587313524886 ], [ 73.198210741905996, 22.300587313524886 ], [ 73.198018560528212, 22.300587313524886 ], [ 73.197634197772629, 22.300854024266631 ], [ 73.197442016394831, 22.300854024266631 ], [ 73.197249835017018, 22.300854024266631 ], [ 73.197057653639249, 22.300854024266631 ], [ 73.196865472261436, 22.300854024266631 ], [ 73.196577200194767, 22.300854024266631 ], [ 73.196385018816969, 22.300854024266631 ], [ 73.19619283743917, 22.300854024266631 ], [ 73.196000656061386, 22.300854024266631 ], [ 73.195808474683574, 22.300854024266631 ], [ 73.19561629330579, 22.300854024266631 ], [ 73.195231930550193, 22.300854024266631 ], [ 73.195039749172395, 22.300854024266631 ], [ 73.194943658483496, 22.301031831144908 ], [ 73.194943658483496, 22.301209637796866 ], [ 73.194943658483496, 22.301476347350448 ], [ 73.194943658483496, 22.301654153436605 ], [ 73.194943658483496, 22.301920862141483 ], [ 73.194943658483496, 22.302187570337132 ], [ 73.194943658483496, 22.30236537551799 ], [ 73.194943658483496, 22.302632082864907 ], [ 73.194943658483496, 22.302809887479945 ], [ 73.194943658483496, 22.302987691868651 ], [ 73.194943658483496, 22.303165496031017 ], [ 73.194943658483496, 22.303343299967057 ], [ 73.194943658483496, 22.303521103676761 ], [ 73.194943658483496, 22.303698907160125 ], [ 73.194943658483496, 22.303876710417146 ], [ 73.194943658483496, 22.304054513447834 ], [ 73.194943658483496, 22.304232316252179 ], [ 73.194943658483496, 22.30441011883018 ], [ 73.195039749172395, 22.304676822272786 ], [ 73.195231930550193, 22.304676822272786 ], [ 73.195424111928006, 22.304676822272786 ], [ 73.19561629330579, 22.304676822272786 ], [ 73.195808474683574, 22.304676822272786 ], [ 73.195808474683574, 22.304854624284925 ], [ 73.195808474683574, 22.305032426070714 ], [ 73.195808474683574, 22.305210227630148 ], [ 73.195712383994675, 22.305476929544902 ], [ 73.195520202616876, 22.305654730538464 ], [ 73.195231930550193, 22.305743630950357 ], [ 73.195135839861308, 22.305921431604393 ], [ 73.194847567794625, 22.305921431604393 ], [ 73.194655386416827, 22.306010331846529 ], [ 73.194463205039014, 22.306010331846529 ], [ 73.19427102366123, 22.306010331846529 ], [ 73.194078842283446, 22.306099232032068 ], [ 73.193886660905633, 22.306099232032068 ], [ 73.193694479527849, 22.306099232032068 ], [ 73.193502298150065, 22.306099232032068 ], [ 73.193310116772253, 22.306099232032068 ], [ 73.193117935394454, 22.306099232032068 ], [ 73.19292575401667, 22.306099232032068 ], [ 73.192637481949987, 22.306099232032068 ], [ 73.19234920988329, 22.306099232032068 ], [ 73.192157028505505, 22.306099232032068 ], [ 73.191868756438808, 22.306099232032068 ], [ 73.191676575061024, 22.306099232032068 ], [ 73.19148439368324, 22.306099232032068 ], [ 73.191292212305427, 22.306188132161015 ], [ 73.191196121616528, 22.306454832208338 ], [ 73.190907849549859, 22.306721531746337 ], [ 73.190715668172047, 22.30681043147916 ], [ 73.190523486794248, 22.306899331155392 ], [ 73.190523486794248, 22.307077130338076 ], [ 73.190235214727565, 22.307166029844542 ], [ 73.189946942660868, 22.307521627304443 ], [ 73.189946942660868, 22.30769942569485 ], [ 73.189754761283083, 22.307788324805159 ], [ 73.189562579905299, 22.307877223858881 ], [ 73.189466489216386, 22.30805502179653 ], [ 73.189274307838602, 22.30805502179653 ], [ 73.189082126460789, 22.308232819507822 ], [ 73.188889945083005, 22.308321718278577 ], [ 73.188601673016322, 22.308410616992735 ], [ 73.188601673016322, 22.308588414251268 ], [ 73.188313400949625, 22.308588414251268 ], [ 73.187929038194042, 22.308944008089195 ], [ 73.187736856816258, 22.308944008089195 ], [ 73.187544675438446, 22.309032906407197 ], [ 73.187160312682877, 22.309299601021607 ], [ 73.186968131305093, 22.309299601021607 ], [ 73.186775949927281, 22.309299601021607 ], [ 73.186583768549497, 22.309299601021607 ], [ 73.186295496482799, 22.309388499113222 ], [ 73.185911133727231, 22.309566295126661 ], [ 73.185718952349418, 22.309566295126661 ], [ 73.18552677097162, 22.309566295126661 ], [ 73.18552677097162, 22.309744090913714 ], [ 73.185238498904937, 22.309744090913714 ], [ 73.185142408216038, 22.309921886474381 ], [ 73.184758045460455, 22.310099681808655 ], [ 73.184565864082657, 22.310099681808655 ], [ 73.184373682704859, 22.310099681808655 ], [ 73.184373682704859, 22.310277476916539 ], [ 73.184181501327075, 22.310277476916539 ], [ 73.183989319949276, 22.310277476916539 ], [ 73.183797138571492, 22.310277476916539 ], [ 73.183604957193694, 22.310277476916539 ], [ 73.183412775815896, 22.310277476916539 ], [ 73.183220594438112, 22.310277476916539 ], [ 73.183028413060313, 22.310277476916539 ], [ 73.182836231682515, 22.310277476916539 ], [ 73.182644050304731, 22.310277476916539 ], [ 73.182355778238033, 22.310544169153893 ], [ 73.182163596860249, 22.310544169153893 ], [ 73.181971415482451, 22.310544169153893 ], [ 73.181779234104653, 22.310544169153893 ], [ 73.181587052726869, 22.310544169153893 ], [ 73.181394871349084, 22.310544169153893 ], [ 73.181202689971272, 22.310544169153893 ], [ 73.181010508593488, 22.310544169153893 ], [ 73.18081832721569, 22.310544169153893 ], [ 73.180626145837891, 22.310544169153893 ], [ 73.180433964460107, 22.310544169153893 ], [ 73.180241783082309, 22.310544169153893 ], [ 73.18014569239341, 22.310366374385588 ], [ 73.18014569239341, 22.3101885793909 ], [ 73.18014569239341, 22.310010784169819 ], [ 73.18014569239341, 22.309832988722345 ], [ 73.18014569239341, 22.309655193048481 ], [ 73.18014569239341, 22.309477397148243 ], [ 73.18014569239341, 22.309299601021607 ], [ 73.18014569239341, 22.309121804668596 ], [ 73.18014569239341, 22.308944008089195 ], [ 73.18014569239341, 22.308677312795641 ], [ 73.18014569239341, 22.308499515650293 ], [ 73.18014569239341, 22.308321718278577 ], [ 73.180241783082309, 22.308143920680479 ], [ 73.180241783082309, 22.307966122856005 ], [ 73.180241783082309, 22.307788324805159 ], [ 73.180241783082309, 22.307610526527938 ], [ 73.180241783082309, 22.307432728024363 ], [ 73.180337873771222, 22.307254929294405 ], [ 73.180337873771222, 22.307077130338076 ], [ 73.180337873771222, 22.306899331155392 ], [ 73.180337873771222, 22.306721531746337 ], [ 73.180530055148978, 22.306721531746337 ], [ 73.18072223652679, 22.306721531746337 ], [ 73.180914417904589, 22.306721531746337 ], [ 73.181106599282387, 22.306721531746337 ], [ 73.181298780660171, 22.306721531746337 ], [ 73.181490962037969, 22.306721531746337 ], [ 73.181683143415768, 22.306721531746337 ], [ 73.181875324793552, 22.306721531746337 ], [ 73.18206750617135, 22.306721531746337 ], [ 73.182259687549134, 22.306721531746337 ], [ 73.182451868926933, 22.306721531746337 ], [ 73.182644050304731, 22.306721531746337 ], [ 73.182932322371428, 22.306721531746337 ], [ 73.183220594438112, 22.306721531746337 ], [ 73.183412775815896, 22.306721531746337 ], [ 73.183508866504795, 22.306543732110931 ], [ 73.183701047882593, 22.306543732110931 ], [ 73.183893229260377, 22.306543732110931 ], [ 73.184085410638176, 22.306454832208338 ], [ 73.184373682704859, 22.306454832208338 ], [ 73.184469773393772, 22.306277032233382 ], [ 73.184661954771556, 22.306277032233382 ], [ 73.184854136149369, 22.306188132161015 ], [ 73.185046317527139, 22.306010331846529 ], [ 73.185238498904937, 22.306010331846529 ], [ 73.185430680282749, 22.305921431604393 ], [ 73.18552677097162, 22.305743630950357 ], [ 73.185718952349418, 22.305476929544902 ], [ 73.185911133727231, 22.305388028963243 ], [ 73.186103315105015, 22.305210227630148 ], [ 73.186103315105015, 22.305032426070714 ], [ 73.186007224416116, 22.304854624284925 ], [ 73.185911133727231, 22.304676822272786 ], [ 73.185815043038318, 22.304499020034296 ], [ 73.185718952349418, 22.304321217569463 ], [ 73.185430680282749, 22.3041434148783 ], [ 73.185430680282749, 22.303965611960788 ], [ 73.185142408216038, 22.303876710417146 ], [ 73.184854136149369, 22.303610005446735 ], [ 73.184661954771556, 22.303521103676761 ], [ 73.184469773393772, 22.303432201850196 ], [ 73.184373682704859, 22.303254398027327 ], [ 73.184373682704859, 22.30307659397813 ], [ 73.184373682704859, 22.302898789702589 ], [ 73.184277592015974, 22.302720985200715 ], [ 73.184181501327075, 22.302543180472508 ], [ 73.183989319949276, 22.302543180472508 ], [ 73.183989319949276, 22.30236537551799 ], [ 73.183893229260377, 22.302098667661824 ], [ 73.183508866504795, 22.302009764929942 ], [ 73.183508866504795, 22.301831959296436 ], [ 73.183412775815896, 22.301654153436605 ], [ 73.183316685126997, 22.301476347350448 ], [ 73.183316685126997, 22.301298541037969 ], [ 73.183124503749212, 22.301298541037969 ], [ 73.183028413060313, 22.301120734499168 ], [ 73.183028413060313, 22.300942927734063 ], [ 73.182836231682515, 22.300854024266631 ], [ 73.182836231682515, 22.300676217162053 ], [ 73.18274014099363, 22.30049840983115 ], [ 73.182644050304731, 22.300320602273931 ], [ 73.182451868926933, 22.30023169841045 ], [ 73.182451868926933, 22.300053890513773 ], [ 73.182451868926933, 22.299876082390785 ], [ 73.182451868926933, 22.299698274041486 ], [ 73.182451868926933, 22.299520465465879 ], [ 73.182451868926933, 22.299342656663967 ], [ 73.182451868926933, 22.299164847635751 ], [ 73.182451868926933, 22.298987038381235 ], [ 73.182355778238033, 22.29880922890041 ], [ 73.182163596860249, 22.298720324075145 ], [ 73.182163596860249, 22.298542514254873 ], [ 73.181779234104653, 22.298364704208321 ], [ 73.181779234104653, 22.298186893935458 ], [ 73.181394871349084, 22.298097988714161 ], [ 73.181394871349084, 22.297920178101858 ], [ 73.180914417904589, 22.297653461759115 ], [ 73.180914417904589, 22.297475650581088 ], [ 73.180914417904589, 22.297208933389747 ], [ 73.180914417904589, 22.297031121646008 ], [ 73.18081832721569, 22.296853309675971 ], [ 73.18081832721569, 22.296675497479651 ], [ 73.18081832721569, 22.296497685057055 ], [ 73.18081832721569, 22.296319872408176 ], [ 73.18081832721569, 22.296142059533018 ], [ 73.18081832721569, 22.295875339796005 ], [ 73.180626145837891, 22.295786433103864 ], [ 73.180626145837891, 22.295608619549867 ], [ 73.180626145837891, 22.295430805769602 ], [ 73.180626145837891, 22.295252991763075 ], [ 73.180626145837891, 22.295075177530265 ], [ 73.180626145837891, 22.294897363071186 ], [ 73.180626145837891, 22.294719548385846 ], [ 73.180626145837891, 22.294541733474237 ], [ 73.180626145837891, 22.294363918336355 ], [ 73.180433964460107, 22.294275010682572 ], [ 73.180433964460107, 22.294097195205303 ], [ 73.18014569239341, 22.293919379501759 ], [ 73.18014569239341, 22.293741563571977 ], [ 73.18014569239341, 22.293563747415924 ], [ 73.179953511015611, 22.293563747415924 ], [ 73.179857420326741, 22.293385931033615 ], [ 73.179761329637827, 22.293119206035918 ], [ 73.179473057571116, 22.293030297590221 ], [ 73.179473057571116, 22.292852480529149 ], [ 73.179280876193346, 22.292763571913767 ], [ 73.179280876193346, 22.292585754513322 ], [ 73.179088694815547, 22.292407936886622 ], [ 73.178896513437763, 22.292230119033672 ], [ 73.178896513437763, 22.292052300954474 ], [ 73.178896513437763, 22.291874482649039 ], [ 73.178896513437763, 22.29169666411736 ], [ 73.178896513437763, 22.29151884535943 ], [ 73.178896513437763, 22.29134102637526 ], [ 73.178896513437763, 22.29116320716485 ], [ 73.178608241371066, 22.290985387728206 ], [ 73.178416059993268, 22.290807568065325 ], [ 73.178319969304368, 22.290540838146814 ], [ 73.178319969304368, 22.290363017918345 ], [ 73.178319969304368, 22.290185197463646 ], [ 73.178319969304368, 22.290007376782722 ], [ 73.178319969304368, 22.28982955587556 ], [ 73.178319969304368, 22.289651734742172 ], [ 73.178319969304368, 22.289473913382565 ], [ 73.178319969304368, 22.289296091796718 ], [ 73.178319969304368, 22.289118269984659 ], [ 73.178319969304368, 22.288940447946388 ], [ 73.178319969304368, 22.28876262568188 ], [ 73.178319969304368, 22.288584803191164 ], [ 73.178319969304368, 22.288406980474218 ], [ 73.178319969304368, 22.288140245974656 ], [ 73.178319969304368, 22.287962422692178 ], [ 73.178319969304368, 22.287695687344318 ], [ 73.178319969304368, 22.287428951487481 ], [ 73.178319969304368, 22.287251127300163 ], [ 73.178319969304368, 22.28707330288664 ], [ 73.178319969304368, 22.286895478246915 ], [ 73.178416059993268, 22.286717653380983 ], [ 73.178416059993268, 22.286539828288841 ], [ 73.178416059993268, 22.286362002970499 ], [ 73.178416059993268, 22.286184177425969 ], [ 73.178416059993268, 22.285917438685036 ], [ 73.178416059993268, 22.28565069943518 ], [ 73.178416059993268, 22.285472872985856 ], [ 73.178416059993268, 22.285295046310342 ], [ 73.178416059993268, 22.285117219408633 ], [ 73.178416059993268, 22.284939392280734 ], [ 73.178416059993268, 22.284672651164794 ], [ 73.178608241371066, 22.284672651164794 ], [ 73.178800422748864, 22.284672651164794 ], [ 73.178416059993268, 22.284850478631974 ] ] ] } },
{ "type": "Feature", "properties": { "fid": 2, "ward_id": 16 }, "geometry": { "type": "Polygon", "coordinates": [ [ [ 73.207627629417885, 22.282894364053014 ], [ 73.207819810795669, 22.282983278945778 ], [ 73.208011992173468, 22.282983278945778 ], [ 73.208204173551266, 22.282983278945778 ], [ 73.20839635492905, 22.282983278945778 ], [ 73.208588536306848, 22.282983278945778 ], [ 73.208780717684647, 22.282983278945778 ], [ 73.208972899062431, 22.282894364053014 ], [ 73.20906898975133, 22.282716534097876 ], [ 73.209261171129128, 22.282627619035484 ], [ 73.209453352506898, 22.282538703916561 ], [ 73.209645533884711, 22.282538703916561 ], [ 73.209837715262523, 22.282449788741093 ], [ 73.210029896640293, 22.282360873509074 ], [ 73.210029896640293, 22.28218304287542 ], [ 73.210222078018091, 22.28218304287542 ], [ 73.21041425939589, 22.282094127473783 ], [ 73.210606440773674, 22.282094127473783 ], [ 73.210798622151472, 22.282005212015598 ], [ 73.21099080352927, 22.281916296500874 ], [ 73.211182984907055, 22.281827380929617 ], [ 73.211471256973752, 22.281827380929617 ], [ 73.21166343835155, 22.28173846530181 ], [ 73.211855619729334, 22.28173846530181 ], [ 73.211951710418234, 22.28156063387658 ], [ 73.212047801107133, 22.281382802225195 ], [ 73.212047801107133, 22.281204970347641 ], [ 73.211951710418234, 22.281027138243935 ], [ 73.211951710418234, 22.280849305914074 ], [ 73.211951710418234, 22.280671473358048 ], [ 73.211951710418234, 22.280493640575877 ], [ 73.211855619729334, 22.280226890978579 ], [ 73.21166343835155, 22.280226890978579 ], [ 73.21166343835155, 22.280049057631022 ], [ 73.21166343835155, 22.279871224057324 ], [ 73.21166343835155, 22.279693390257474 ], [ 73.21166343835155, 22.279515556231473 ], [ 73.211375166284867, 22.279337721979331 ], [ 73.211375166284867, 22.279159887501045 ], [ 73.21108689421817, 22.278893135359603 ], [ 73.21108689421817, 22.278626382709348 ], [ 73.21108689421817, 22.278359629550284 ], [ 73.21108689421817, 22.278181793828235 ], [ 73.21108689421817, 22.278003957880046 ], [ 73.21108689421817, 22.27782612170574 ], [ 73.21099080352927, 22.27764828530529 ], [ 73.21099080352927, 22.277470448678713 ], [ 73.21099080352927, 22.27729261182601 ], [ 73.21099080352927, 22.277114774747172 ], [ 73.21099080352927, 22.276936937442215 ], [ 73.21099080352927, 22.276759099911143 ], [ 73.211279075595954, 22.276581262153936 ], [ 73.211471256973752, 22.276492343190544 ], [ 73.211759529040435, 22.276403424170613 ], [ 73.211855619729334, 22.276225585961168 ], [ 73.211951710418234, 22.276047747525602 ], [ 73.211951710418234, 22.275869908863921 ], [ 73.212047801107133, 22.275692069976124 ], [ 73.212047801107133, 22.275514230862221 ], [ 73.212047801107133, 22.275336391522199 ], [ 73.212143891796032, 22.275158551956061 ], [ 73.212143891796032, 22.274980712163817 ], [ 73.212239982484917, 22.274802872145457 ], [ 73.212239982484917, 22.274625031901007 ], [ 73.212432163862715, 22.274625031901007 ], [ 73.212432163862715, 22.27444719143044 ], [ 73.212432163862715, 22.274269350733768 ], [ 73.212528254551614, 22.274091509810997 ], [ 73.212624345240513, 22.273913668662118 ], [ 73.212720435929413, 22.273735827287155 ], [ 73.212816526618298, 22.273469064800757 ], [ 73.213008707996096, 22.273380143858905 ], [ 73.213104798684995, 22.273202301805643 ], [ 73.213200889373894, 22.272935538301823 ], [ 73.213393070751678, 22.272757695683328 ], [ 73.213585252129477, 22.272668774289293 ], [ 73.213681342818376, 22.272490931331653 ], [ 73.21387352419616, 22.272490931331653 ], [ 73.21387352419616, 22.272313088147939 ], [ 73.214065705573958, 22.27222416647129 ], [ 73.214257886951756, 22.272135244738131 ], [ 73.214450068329555, 22.272046322948444 ], [ 73.21454615901844, 22.271868479199512 ], [ 73.214738340396238, 22.271779557240254 ], [ 73.214930521774022, 22.271690635224488 ], [ 73.21512270315182, 22.271601713152194 ], [ 73.215314884529633, 22.271512791023383 ], [ 73.215507065907403, 22.271423868838056 ], [ 73.215699247285201, 22.271334946596195 ], [ 73.215891428663014, 22.271246024297831 ], [ 73.216083610040798, 22.271157101942933 ], [ 73.216275791418582, 22.271068179531532 ], [ 73.216371882107495, 22.270890334539157 ], [ 73.216660154174178, 22.270712489320704 ], [ 73.216852335551962, 22.270623566626693 ], [ 73.216948426240876, 22.270445721069127 ], [ 73.21714060761866, 22.270356798205572 ], [ 73.217332788996444, 22.270267875285501 ], [ 73.217332788996444, 22.270090029275785 ], [ 73.217524970374228, 22.270090029275785 ], [ 73.217717151752041, 22.270090029275785 ], [ 73.217813242440926, 22.269912183040006 ], [ 73.218005423818738, 22.269912183040006 ], [ 73.218197605196522, 22.269823259837349 ], [ 73.218389786574306, 22.269734336578161 ], [ 73.218581967952105, 22.269645413262467 ], [ 73.218581967952105, 22.269467566461525 ], [ 73.218774149329889, 22.269467566461525 ], [ 73.218966330707701, 22.269378642976282 ], [ 73.219254602774384, 22.269289719434525 ], [ 73.219446784152169, 22.269289719434525 ], [ 73.219542874841082, 22.269111872181451 ], [ 73.219735056218866, 22.269111872181451 ], [ 73.21992723759665, 22.269022948470134 ], [ 73.220119418974448, 22.269022948470134 ], [ 73.220311600352261, 22.268934024702315 ], [ 73.220503781730031, 22.268934024702315 ], [ 73.220695963107829, 22.268845100877979 ], [ 73.220792053796728, 22.26866725305976 ], [ 73.220984235174541, 22.26866725305976 ], [ 73.22127250724121, 22.26866725305976 ], [ 73.221560779307893, 22.268578329065875 ], [ 73.221752960685691, 22.268489405015469 ], [ 73.221945142063504, 22.268400480908571 ], [ 73.222041232752403, 22.268222632525209 ], [ 73.222233414130173, 22.268133708248751 ], [ 73.222425595507985, 22.268044783915787 ], [ 73.222521686196885, 22.267866935080317 ], [ 73.222713867574669, 22.267778010577814 ], [ 73.222713867574669, 22.267600161403266 ], [ 73.222713867574669, 22.267422312002672 ], [ 73.222713867574669, 22.267244462376027 ], [ 73.222713867574669, 22.267066612523337 ], [ 73.222713867574669, 22.266888762444601 ], [ 73.22261777688577, 22.266710912139814 ], [ 73.222521686196885, 22.266533061609007 ], [ 73.222425595507985, 22.266355210852144 ], [ 73.222137323441288, 22.266177359869239 ], [ 73.221752960685691, 22.266088434293028 ], [ 73.221656869996806, 22.265910582971067 ], [ 73.221656869996806, 22.265643805564309 ], [ 73.221368597930123, 22.265465953677268 ], [ 73.221176416552311, 22.265377027648981 ], [ 73.221176416552311, 22.265199175422897 ], [ 73.221080325863426, 22.264932396659951 ], [ 73.220984235174541, 22.264754543868786 ], [ 73.220984235174541, 22.264576690851598 ], [ 73.220695963107829, 22.264398837608375 ], [ 73.220695963107829, 22.264220984139143 ], [ 73.220503781730031, 22.26413205731976 ], [ 73.220503781730031, 22.263954203511492 ], [ 73.220503781730031, 22.263776349477205 ], [ 73.220311600352261, 22.26359849521689 ], [ 73.220311600352261, 22.263420640730562 ], [ 73.220215509663348, 22.263242786018214 ], [ 73.220023328285563, 22.263242786018214 ], [ 73.220023328285563, 22.263064931079864 ], [ 73.21992723759665, 22.262887075915494 ], [ 73.21992723759665, 22.262709220525107 ], [ 73.21992723759665, 22.262531364908714 ], [ 73.219831146907779, 22.262353509066308 ], [ 73.219735056218866, 22.262175652997911 ], [ 73.219735056218866, 22.261997796703497 ], [ 73.219446784152169, 22.261819940183077 ], [ 73.219446784152169, 22.261642083436662 ], [ 73.219350693463269, 22.261464226464234 ], [ 73.219062421396572, 22.261197440581846 ], [ 73.219062421396572, 22.261019583044433 ], [ 73.218774149329889, 22.260841725281011 ], [ 73.218581967952105, 22.260752796314552 ], [ 73.218581967952105, 22.260574938212152 ], [ 73.21848587726322, 22.260397079883745 ], [ 73.21848587726322, 22.260219221329351 ], [ 73.218389786574306, 22.259952433074034 ], [ 73.218293695885407, 22.259774573954662 ], [ 73.218197605196522, 22.259596714609316 ], [ 73.218101514507623, 22.259418855037982 ], [ 73.218101514507623, 22.25924099524066 ], [ 73.218005423818738, 22.259063135217353 ], [ 73.218005423818738, 22.258885274968065 ], [ 73.217717151752041, 22.258707414492811 ], [ 73.217717151752041, 22.258529553791568 ], [ 73.217621061063141, 22.258351692864345 ], [ 73.217428879685357, 22.258262762316004 ], [ 73.217428879685357, 22.25808490104982 ], [ 73.217332788996444, 22.257907039557665 ], [ 73.217236698307545, 22.25772917783954 ], [ 73.217044516929761, 22.257640246895743 ], [ 73.216948426240876, 22.257373453725389 ], [ 73.216660154174178, 22.257284522555619 ], [ 73.216564063485279, 22.257106660046606 ], [ 73.216275791418582, 22.257017728707364 ], [ 73.215987519351899, 22.256839865859401 ], [ 73.215699247285201, 22.256662002785475 ], [ 73.215507065907403, 22.256573071163782 ], [ 73.215314884529633, 22.256573071163782 ], [ 73.21512270315182, 22.256573071163782 ], [ 73.214930521774022, 22.256573071163782 ], [ 73.214738340396238, 22.256573071163782 ], [ 73.21454615901844, 22.256573071163782 ], [ 73.214257886951756, 22.256573071163782 ], [ 73.214065705573958, 22.256573071163782 ], [ 73.21387352419616, 22.256573071163782 ], [ 73.213585252129477, 22.256573071163782 ], [ 73.213393070751678, 22.256573071163782 ], [ 73.213200889373894, 22.256573071163782 ], [ 73.213008707996096, 22.256573071163782 ], [ 73.212816526618298, 22.256573071163782 ], [ 73.212624345240513, 22.256573071163782 ], [ 73.212432163862715, 22.256573071163782 ], [ 73.212239982484917, 22.256573071163782 ], [ 73.212047801107133, 22.256573071163782 ], [ 73.211855619729334, 22.256573071163782 ], [ 73.21166343835155, 22.256573071163782 ], [ 73.211471256973752, 22.256573071163782 ], [ 73.211279075595954, 22.256573071163782 ], [ 73.21108689421817, 22.256573071163782 ], [ 73.210894712840357, 22.256573071163782 ], [ 73.210798622151472, 22.256395207750909 ], [ 73.210798622151472, 22.256217344112091 ], [ 73.210798622151472, 22.256039480247306 ], [ 73.210798622151472, 22.255861616156569 ], [ 73.210606440773674, 22.255861616156569 ], [ 73.210606440773674, 22.255683751839875 ], [ 73.210606440773674, 22.255505887297222 ], [ 73.210606440773674, 22.255328022528619 ], [ 73.210606440773674, 22.255150157534072 ], [ 73.210606440773674, 22.254972292313575 ], [ 73.210606440773674, 22.254794426867129 ], [ 73.210606440773674, 22.25461656119473 ], [ 73.210606440773674, 22.25443869529639 ], [ 73.210318168707005, 22.254171896025234 ], [ 73.210318168707005, 22.253994029562033 ], [ 73.210318168707005, 22.253816162872901 ], [ 73.210318168707005, 22.253638295957824 ], [ 73.210029896640293, 22.253460428816812 ], [ 73.210029896640293, 22.253282561449861 ], [ 73.210029896640293, 22.253104693856979 ], [ 73.210029896640293, 22.252926826038159 ], [ 73.210029896640293, 22.252748957993422 ], [ 73.210029896640293, 22.252571089722739 ], [ 73.210222078018091, 22.252571089722739 ], [ 73.21041425939589, 22.25248215550268 ], [ 73.210702531462573, 22.25248215550268 ], [ 73.210894712840357, 22.25248215550268 ], [ 73.21108689421817, 22.25248215550268 ], [ 73.211279075595954, 22.25248215550268 ], [ 73.211567347662651, 22.25248215550268 ], [ 73.211759529040435, 22.25248215550268 ], [ 73.211951710418234, 22.25248215550268 ], [ 73.212143891796032, 22.25248215550268 ], [ 73.212336073173816, 22.25248215550268 ], [ 73.212528254551614, 22.25248215550268 ], [ 73.212720435929413, 22.252571089722739 ], [ 73.212912617307211, 22.252571089722739 ], [ 73.213104798684995, 22.252571089722739 ], [ 73.213296980062779, 22.252571089722739 ], [ 73.213393070751678, 22.252748957993422 ], [ 73.213585252129477, 22.252748957993422 ], [ 73.21387352419616, 22.252748957993422 ], [ 73.214065705573958, 22.252837892044028 ], [ 73.214257886951756, 22.252837892044028 ], [ 73.214450068329555, 22.252837892044028 ], [ 73.214642249707339, 22.252837892044028 ], [ 73.214834431085151, 22.252837892044028 ], [ 73.215026612462921, 22.252837892044028 ], [ 73.21521879384072, 22.252837892044028 ], [ 73.215314884529633, 22.252660023886325 ], [ 73.215314884529633, 22.25248215550268 ], [ 73.215507065907403, 22.25248215550268 ], [ 73.215507065907403, 22.252304286893111 ], [ 73.215603156596302, 22.25212641805761 ], [ 73.215603156596302, 22.251948548996186 ], [ 73.2157953379741, 22.251859614380752 ], [ 73.2157953379741, 22.251592810195575 ], [ 73.215891428663014, 22.251414940456385 ], [ 73.215987519351899, 22.251237070491271 ], [ 73.216083610040798, 22.251059200300254 ], [ 73.216179700729683, 22.25088132988331 ], [ 73.216371882107495, 22.250792394590114 ], [ 73.216467972796394, 22.250525588371673 ], [ 73.216660154174178, 22.250525588371673 ], [ 73.216756244863063, 22.250258781644934 ], [ 73.216948426240876, 22.250080910211384 ], [ 73.217044516929761, 22.249903038551931 ], [ 73.217236698307545, 22.249903038551931 ], [ 73.217428879685357, 22.249814102637483 ], [ 73.217621061063141, 22.249814102637483 ], [ 73.217813242440926, 22.249814102637483 ], [ 73.218005423818738, 22.249814102637483 ], [ 73.218197605196522, 22.249814102637483 ], [ 73.218389786574306, 22.249814102637483 ], [ 73.21848587726322, 22.250080910211384 ], [ 73.218678058641004, 22.250258781644934 ], [ 73.218774149329889, 22.250525588371673 ], [ 73.218966330707701, 22.250614523834304 ], [ 73.219158512085485, 22.250970265120017 ], [ 73.219254602774384, 22.251148135424003 ], [ 73.219446784152169, 22.251237070491271 ], [ 73.219638965529967, 22.251237070491271 ], [ 73.219735056218866, 22.251503875354224 ], [ 73.21992723759665, 22.251503875354224 ], [ 73.220023328285563, 22.251681744980448 ], [ 73.220119418974448, 22.251859614380752 ], [ 73.220311600352261, 22.251948548996186 ], [ 73.22040769104116, 22.252215352503605 ], [ 73.220599872418916, 22.25248215550268 ], [ 73.220695963107829, 22.252660023886325 ], [ 73.220888144485642, 22.252926826038159 ], [ 73.221176416552311, 22.253015759975813 ], [ 73.221176416552311, 22.253193627681664 ], [ 73.22127250724121, 22.253549362415555 ], [ 73.221464688619022, 22.253549362415555 ], [ 73.221464688619022, 22.253727229443605 ], [ 73.221560779307893, 22.253994029562033 ], [ 73.221656869996806, 22.254171896025234 ], [ 73.221656869996806, 22.254349762262493 ], [ 73.221849051374591, 22.25443869529639 ], [ 73.221849051374591, 22.25461656119473 ], [ 73.222041232752403, 22.25470549405917 ], [ 73.222041232752403, 22.254883359618592 ], [ 73.222233414130173, 22.254883359618592 ], [ 73.222329504819072, 22.255061224952073 ], [ 73.222521686196885, 22.255150157534072 ], [ 73.222521686196885, 22.255328022528619 ], [ 73.222713867574669, 22.255505887297222 ], [ 73.222906048952467, 22.255505887297222 ], [ 73.223002139641366, 22.255772684026464 ], [ 73.22319432101915, 22.255772684026464 ], [ 73.223290411708035, 22.255950548230182 ], [ 73.223482593085848, 22.256039480247306 ], [ 73.223482593085848, 22.256217344112091 ], [ 73.223674774463632, 22.256306275959741 ], [ 73.223866955841416, 22.256662002785475 ], [ 73.224155227908113, 22.256750934350684 ], [ 73.224155227908113, 22.256928797311627 ], [ 73.224347409285897, 22.257017728707364 ], [ 73.224443499974797, 22.257373453725389 ], [ 73.224635681352609, 22.257462384838657 ], [ 73.224635681352609, 22.257640246895743 ], [ 73.224827862730407, 22.257640246895743 ], [ 73.225020044108192, 22.25808490104982 ], [ 73.225116134797091, 22.258351692864345 ], [ 73.225308316174889, 22.258351692864345 ], [ 73.225596588241572, 22.258440623356208 ], [ 73.225692678930457, 22.258618484170427 ], [ 73.22588486030827, 22.258707414492811 ], [ 73.225980950997169, 22.259063135217353 ], [ 73.226173132374953, 22.259152065257258 ], [ 73.226365313752751, 22.259507784851895 ], [ 73.22646140444165, 22.259774573954662 ], [ 73.226653585819435, 22.259774573954662 ], [ 73.226749676508319, 22.260041362548964 ], [ 73.226941857886132, 22.260308150634803 ], [ 73.227037948575031, 22.260486009076203 ], [ 73.227230129952801, 22.260486009076203 ], [ 73.227230129952801, 22.260663867291598 ], [ 73.227422311330614, 22.260752796314552 ], [ 73.227422311330614, 22.260930654190972 ], [ 73.227710583397297, 22.261197440581846 ], [ 73.227806674086182, 22.261464226464234 ], [ 73.227998855463994, 22.261464226464234 ], [ 73.227998855463994, 22.261642083436662 ], [ 73.228191036841778, 22.261642083436662 ], [ 73.228287127530663, 22.261908868471533 ], [ 73.228479308908476, 22.261997796703497 ], [ 73.228479308908476, 22.262175652997911 ], [ 73.228575399597375, 22.262353509066308 ], [ 73.228767580975145, 22.262442437015771 ], [ 73.228959762352957, 22.262531364908714 ], [ 73.228959762352957, 22.262709220525107 ], [ 73.229055853041856, 22.262887075915494 ], [ 73.229248034419641, 22.263153858577294 ], [ 73.229440215797425, 22.263242786018214 ], [ 73.229440215797425, 22.263420640730562 ], [ 73.229632397175237, 22.263687422375291 ], [ 73.229824578553036, 22.263687422375291 ], [ 73.230112850619719, 22.264043130443881 ], [ 73.230305031997517, 22.264043130443881 ], [ 73.230497213375287, 22.26413205731976 ], [ 73.230497213375287, 22.264309910902018 ], [ 73.230785485441984, 22.264398837608375 ], [ 73.230977666819797, 22.264665617388442 ], [ 73.231169848197581, 22.264843470292618 ], [ 73.231362029575379, 22.264932396659951 ], [ 73.231554210953178, 22.265288101564188 ], [ 73.231746392330962, 22.265377027648981 ], [ 73.231842483019861, 22.265554879649041 ], [ 73.23193857370876, 22.265732731423071 ], [ 73.232034664397659, 22.265910582971067 ], [ 73.232226845775457, 22.265910582971067 ], [ 73.232322936464328, 22.266266285388948 ], [ 73.232515117842141, 22.266444136258819 ], [ 73.232707299219925, 22.266621986902667 ], [ 73.232899480597723, 22.266888762444601 ], [ 73.233091661975521, 22.266888762444601 ], [ 73.233187752664421, 22.267155537477937 ], [ 73.233283843353306, 22.267333387217604 ], [ 73.233476024731104, 22.267333387217604 ], [ 73.233572115420003, 22.267155537477937 ], [ 73.233572115420003, 22.266977687512227 ], [ 73.233572115420003, 22.26679983732047 ], [ 73.233572115420003, 22.266621986902667 ], [ 73.233668206108902, 22.266444136258819 ], [ 73.233860387486672, 22.266444136258819 ], [ 73.233860387486672, 22.266266285388948 ], [ 73.233956478175585, 22.266088434293028 ], [ 73.233956478175585, 22.265910582971067 ], [ 73.234052568864485, 22.265732731423071 ], [ 73.234148659553384, 22.265554879649041 ], [ 73.234244750242283, 22.265377027648981 ], [ 73.234340840931168, 22.265199175422897 ], [ 73.234436931620053, 22.265021322970771 ], [ 73.234436931620053, 22.264843470292618 ], [ 73.234533022308966, 22.264665617388442 ], [ 73.234725203686764, 22.264665617388442 ], [ 73.234725203686764, 22.264487764258245 ], [ 73.234725203686764, 22.264309910902018 ], [ 73.234917385064534, 22.264309910902018 ], [ 73.234917385064534, 22.264043130443881 ], [ 73.235013475753448, 22.263865276522601 ], [ 73.235109566442347, 22.26359849521689 ], [ 73.235301747820145, 22.26359849521689 ], [ 73.235301747820145, 22.263420640730562 ], [ 73.235493929197915, 22.263331713402643 ], [ 73.235493929197915, 22.263153858577294 ], [ 73.235686110575728, 22.263064931079864 ], [ 73.235878291953526, 22.262976003525925 ], [ 73.236070473331324, 22.262887075915494 ], [ 73.236070473331324, 22.262709220525107 ], [ 73.236262654709108, 22.262620292745165 ], [ 73.236454836086907, 22.262531364908714 ], [ 73.23674310815359, 22.262442437015771 ], [ 73.236935289531388, 22.262353509066308 ], [ 73.237127470909186, 22.262353509066308 ], [ 73.23731965228697, 22.262353509066308 ], [ 73.237511833664769, 22.262353509066308 ], [ 73.237704015042553, 22.262442437015771 ], [ 73.237896196420351, 22.262442437015771 ], [ 73.23799228710925, 22.262709220525107 ], [ 73.23808837779815, 22.262887075915494 ], [ 73.238280559175934, 22.263242786018214 ], [ 73.238472740553732, 22.263242786018214 ], [ 73.23866492193153, 22.263331713402643 ], [ 73.238857103309314, 22.263420640730562 ], [ 73.239145375376012, 22.263509568001975 ], [ 73.239337556753796, 22.263509568001975 ], [ 73.239625828820493, 22.263509568001975 ], [ 73.239818010198306, 22.263509568001975 ], [ 73.240010191576076, 22.263509568001975 ], [ 73.240202372953874, 22.263509568001975 ], [ 73.240394554331672, 22.263509568001975 ], [ 73.240586735709456, 22.263509568001975 ], [ 73.240778917087269, 22.263509568001975 ], [ 73.241067189153952, 22.263509568001975 ], [ 73.241259370531736, 22.263420640730562 ], [ 73.241451551909535, 22.263420640730562 ], [ 73.241643733287319, 22.263331713402643 ], [ 73.241835914665131, 22.263242786018214 ], [ 73.242028096042915, 22.263153858577294 ], [ 73.242220277420699, 22.263153858577294 ], [ 73.242412458798483, 22.263064931079864 ], [ 73.242604640176296, 22.263064931079864 ], [ 73.24279682155408, 22.263064931079864 ], [ 73.242989002931878, 22.263064931079864 ], [ 73.243181184309677, 22.263064931079864 ], [ 73.243373365687461, 22.263064931079864 ], [ 73.24346945637636, 22.263242786018214 ], [ 73.243661637754158, 22.263509568001975 ], [ 73.243949909820842, 22.263954203511492 ], [ 73.244046000509741, 22.264220984139143 ], [ 73.244238181887539, 22.264487764258245 ], [ 73.244334272576424, 22.264754543868786 ], [ 73.244526453954222, 22.264843470292618 ], [ 73.244718635332035, 22.264932396659951 ], [ 73.244718635332035, 22.265110249225081 ], [ 73.244910816709805, 22.265288101564188 ], [ 73.245102998087603, 22.265288101564188 ], [ 73.245199088776502, 22.265465953677268 ], [ 73.245487360843185, 22.265465953677268 ], [ 73.245487360843185, 22.265643805564309 ], [ 73.245679542220984, 22.265732731423071 ], [ 73.245775632909897, 22.265910582971067 ], [ 73.245967814287681, 22.266177359869239 ], [ 73.246159995665465, 22.266266285388948 ], [ 73.246256086354364, 22.266621986902667 ], [ 73.246448267732177, 22.266710912139814 ], [ 73.246544358421062, 22.266888762444601 ], [ 73.246832630487759, 22.266888762444601 ], [ 73.247024811865543, 22.266977687512227 ], [ 73.247216993243327, 22.267066612523337 ], [ 73.24740917462114, 22.267244462376027 ], [ 73.247601355998924, 22.267244462376027 ], [ 73.247793537376708, 22.267244462376027 ], [ 73.247985718754521, 22.267244462376027 ], [ 73.248177900132305, 22.267244462376027 ], [ 73.248370081510089, 22.267333387217604 ], [ 73.248562262887887, 22.267333387217604 ], [ 73.248754444265671, 22.267333387217604 ], [ 73.249042716332355, 22.267333387217604 ], [ 73.249234897710167, 22.267333387217604 ], [ 73.249523169776865, 22.267244462376027 ], [ 73.249715351154663, 22.267155537477937 ], [ 73.249907532532433, 22.267155537477937 ], [ 73.25019580459913, 22.267066612523337 ], [ 73.250387985976943, 22.266977687512227 ], [ 73.250580167354698, 22.266977687512227 ], [ 73.250772348732525, 22.266977687512227 ], [ 73.250964530110323, 22.266977687512227 ], [ 73.251156711488093, 22.266977687512227 ], [ 73.251348892865906, 22.266977687512227 ], [ 73.25154107424369, 22.266977687512227 ], [ 73.251733255621474, 22.266977687512227 ], [ 73.251925436999286, 22.266977687512227 ], [ 73.252117618377071, 22.266977687512227 ], [ 73.252405890443768, 22.267066612523337 ], [ 73.252598071821552, 22.267066612523337 ], [ 73.252790253199336, 22.267244462376027 ], [ 73.253078525266019, 22.267244462376027 ], [ 73.253270706643818, 22.267244462376027 ], [ 73.253558978710529, 22.267333387217604 ], [ 73.253847250777198, 22.267333387217604 ], [ 73.254039432155011, 22.267333387217604 ], [ 73.25432770422168, 22.267422312002672 ], [ 73.254519885599493, 22.267422312002672 ], [ 73.25480815766619, 22.267422312002672 ], [ 73.255096429732873, 22.267422312002672 ], [ 73.255288611110672, 22.267422312002672 ], [ 73.255480792488456, 22.267422312002672 ], [ 73.25567297386624, 22.267422312002672 ], [ 73.255865155244052, 22.267422312002672 ], [ 73.256057336621851, 22.267422312002672 ], [ 73.25624951799962, 22.267422312002672 ], [ 73.256441699377433, 22.267422312002672 ], [ 73.256633880755217, 22.267422312002672 ], [ 73.256633880755217, 22.267600161403266 ], [ 73.256922152821915, 22.267689086018798 ], [ 73.257210424888584, 22.26795585952631 ], [ 73.257402606266396, 22.26795585952631 ], [ 73.257594787644194, 22.26795585952631 ], [ 73.257594787644194, 22.268133708248751 ], [ 73.257786969021964, 22.268133708248751 ], [ 73.257979150399777, 22.268222632525209 ], [ 73.257979150399777, 22.268400480908571 ], [ 73.258171331777561, 22.268400480908571 ], [ 73.258363513155345, 22.268578329065875 ], [ 73.258555694533158, 22.268578329065875 ], [ 73.258747875910927, 22.268578329065875 ], [ 73.25894005728874, 22.268578329065875 ], [ 73.259132238666538, 22.26866725305976 ], [ 73.259324420044308, 22.26866725305976 ], [ 73.259516601422121, 22.26866725305976 ], [ 73.259708782799919, 22.26866725305976 ], [ 73.259900964177689, 22.26866725305976 ], [ 73.260093145555501, 22.26866725305976 ], [ 73.2602853269333, 22.268578329065875 ], [ 73.260477508311084, 22.268489405015469 ], [ 73.260669689688882, 22.268489405015469 ], [ 73.26086187106668, 22.268311556745143 ], [ 73.261054052444479, 22.268311556745143 ], [ 73.261342324511162, 22.268222632525209 ], [ 73.26153450588896, 22.268222632525209 ], [ 73.261726687266744, 22.268222632525209 ], [ 73.261918868644543, 22.268222632525209 ], [ 73.262111050022341, 22.268222632525209 ], [ 73.262111050022341, 22.268400480908571 ], [ 73.262111050022341, 22.268578329065875 ], [ 73.262111050022341, 22.268756176997123 ], [ 73.262111050022341, 22.268934024702315 ], [ 73.262111050022341, 22.269111872181451 ], [ 73.262111050022341, 22.269289719434525 ], [ 73.262111050022341, 22.269467566461525 ], [ 73.262111050022341, 22.269645413262467 ], [ 73.262111050022341, 22.269823259837349 ], [ 73.26220714071124, 22.270001106186154 ], [ 73.262303231400111, 22.2701789523089 ], [ 73.262495412777923, 22.270267875285501 ], [ 73.262783684844592, 22.270356798205572 ], [ 73.262879775533506, 22.270623566626693 ], [ 73.263071956911304, 22.270623566626693 ], [ 73.263168047600203, 22.270801411958189 ], [ 73.263360228977973, 22.270801411958189 ], [ 73.263552410355786, 22.270801411958189 ], [ 73.263744591733584, 22.270890334539157 ], [ 73.263744591733584, 22.271157101942933 ], [ 73.263936773111368, 22.271334946596195 ], [ 73.264032863800267, 22.271601713152194 ], [ 73.264225045178065, 22.271690635224488 ], [ 73.264225045178065, 22.271868479199512 ], [ 73.264321135866936, 22.272046322948444 ], [ 73.264321135866936, 22.27222416647129 ], [ 73.264321135866936, 22.272402009768062 ], [ 73.264321135866936, 22.272579852838735 ], [ 73.264321135866936, 22.272757695683328 ], [ 73.264128954489166, 22.272846617020836 ], [ 73.263936773111368, 22.272846617020836 ], [ 73.263744591733584, 22.272846617020836 ], [ 73.263552410355786, 22.272846617020836 ], [ 73.263168047600203, 22.272846617020836 ], [ 73.262975866222405, 22.272846617020836 ], [ 73.262783684844592, 22.272846617020836 ], [ 73.262495412777923, 22.272668774289293 ], [ 73.262303231400111, 22.272579852838735 ], [ 73.26220714071124, 22.272402009768062 ], [ 73.261822777955643, 22.272313088147939 ], [ 73.261822777955643, 22.272135244738131 ], [ 73.261726687266744, 22.271957401102235 ], [ 73.26153450588896, 22.271957401102235 ], [ 73.261342324511162, 22.271957401102235 ], [ 73.261054052444479, 22.271868479199512 ], [ 73.26086187106668, 22.271868479199512 ], [ 73.260669689688882, 22.271868479199512 ], [ 73.260381417622199, 22.271690635224488 ], [ 73.2601892362444, 22.271690635224488 ], [ 73.259997054866602, 22.271690635224488 ], [ 73.259997054866602, 22.271512791023383 ], [ 73.259997054866602, 22.271334946596195 ], [ 73.259997054866602, 22.271157101942933 ], [ 73.259997054866602, 22.270979257063605 ], [ 73.259708782799919, 22.270801411958189 ], [ 73.259708782799919, 22.270623566626693 ], [ 73.25961269211102, 22.270445721069127 ], [ 73.259420510733207, 22.270445721069127 ], [ 73.259228329355423, 22.270356798205572 ], [ 73.25894005728874, 22.270267875285501 ], [ 73.258747875910927, 22.270267875285501 ], [ 73.258555694533158, 22.270267875285501 ], [ 73.258267422466446, 22.2701789523089 ], [ 73.258075241088676, 22.2701789523089 ], [ 73.257883059710878, 22.2701789523089 ], [ 73.257690878333079, 22.2701789523089 ], [ 73.257690878333079, 22.270001106186154 ], [ 73.257498696955295, 22.270001106186154 ], [ 73.257306515577483, 22.270001106186154 ], [ 73.257114334199713, 22.270001106186154 ], [ 73.256922152821915, 22.269912183040006 ], [ 73.256633880755217, 22.269912183040006 ], [ 73.256441699377433, 22.269912183040006 ], [ 73.25624951799962, 22.269912183040006 ], [ 73.255961245932951, 22.269823259837349 ], [ 73.255769064555153, 22.269823259837349 ], [ 73.255576883177355, 22.269823259837349 ], [ 73.255384701799571, 22.269823259837349 ], [ 73.255192520421758, 22.269823259837349 ], [ 73.254904248355061, 22.269823259837349 ], [ 73.254712066977291, 22.269823259837349 ], [ 73.254519885599493, 22.269823259837349 ], [ 73.25432770422168, 22.269823259837349 ], [ 73.254135522843896, 22.269823259837349 ], [ 73.253943341466112, 22.269823259837349 ], [ 73.253655069399414, 22.269823259837349 ], [ 73.25346288802163, 22.269823259837349 ], [ 73.253270706643818, 22.269823259837349 ], [ 73.252982434577149, 22.269823259837349 ], [ 73.252790253199336, 22.269823259837349 ], [ 73.252598071821552, 22.269823259837349 ], [ 73.252405890443768, 22.269912183040006 ], [ 73.252405890443768, 22.2701789523089 ], [ 73.252405890443768, 22.270445721069127 ], [ 73.252405890443768, 22.270712489320704 ], [ 73.252405890443768, 22.270890334539157 ], [ 73.252405890443768, 22.271157101942933 ], [ 73.252213709065956, 22.271157101942933 ], [ 73.252213709065956, 22.271423868838056 ], [ 73.252213709065956, 22.271690635224488 ], [ 73.252405890443768, 22.271690635224488 ], [ 73.252598071821552, 22.271512791023383 ], [ 73.252694162510437, 22.271334946596195 ], [ 73.25288634388825, 22.271334946596195 ], [ 73.253078525266019, 22.271334946596195 ], [ 73.253270706643818, 22.271334946596195 ], [ 73.25346288802163, 22.271334946596195 ], [ 73.253655069399414, 22.271334946596195 ], [ 73.253847250777198, 22.271334946596195 ], [ 73.254039432155011, 22.271334946596195 ], [ 73.254231613532795, 22.271334946596195 ], [ 73.254423794910579, 22.271334946596195 ], [ 73.254615976288363, 22.271334946596195 ], [ 73.254904248355061, 22.271334946596195 ], [ 73.255096429732873, 22.271423868838056 ], [ 73.255192520421758, 22.271601713152194 ], [ 73.255192520421758, 22.271779557240254 ], [ 73.255192520421758, 22.271957401102235 ], [ 73.255192520421758, 22.272135244738131 ], [ 73.255192520421758, 22.272313088147939 ], [ 73.255192520421758, 22.272490931331653 ], [ 73.255192520421758, 22.272668774289293 ], [ 73.255192520421758, 22.272846617020836 ], [ 73.255192520421758, 22.27302445952629 ], [ 73.255192520421758, 22.273202301805643 ], [ 73.255192520421758, 22.273380143858905 ], [ 73.255096429732873, 22.273557985686082 ], [ 73.255096429732873, 22.273735827287155 ], [ 73.25480815766619, 22.274002589264825 ], [ 73.254615976288363, 22.274002589264825 ], [ 73.254615976288363, 22.27418043030065 ], [ 73.254423794910579, 22.274269350733768 ], [ 73.254423794910579, 22.27444719143044 ], [ 73.254423794910579, 22.274625031901007 ], [ 73.254423794910579, 22.274802872145457 ], [ 73.254423794910579, 22.274980712163817 ], [ 73.254423794910579, 22.275158551956061 ], [ 73.254423794910579, 22.275336391522199 ], [ 73.25432770422168, 22.275514230862221 ], [ 73.254423794910579, 22.27578098944829 ], [ 73.254712066977291, 22.27578098944829 ], [ 73.25480815766619, 22.276047747525602 ], [ 73.255000339043974, 22.276047747525602 ], [ 73.255288611110672, 22.276047747525602 ], [ 73.255576883177355, 22.276047747525602 ], [ 73.255769064555153, 22.276047747525602 ], [ 73.255961245932951, 22.276047747525602 ], [ 73.256153427310736, 22.276047747525602 ], [ 73.256345608688534, 22.276136666771645 ], [ 73.256537790066332, 22.276403424170613 ], [ 73.256729971444102, 22.276403424170613 ], [ 73.256826062133015, 22.276581262153936 ], [ 73.257018243510814, 22.276670181060805 ], [ 73.257210424888584, 22.276759099911143 ], [ 73.257402606266396, 22.276759099911143 ], [ 73.257594787644194, 22.276759099911143 ], [ 73.257786969021964, 22.276848018704943 ], [ 73.257786969021964, 22.277025856122965 ], [ 73.257786969021964, 22.27720369331486 ], [ 73.257786969021964, 22.277470448678713 ], [ 73.257786969021964, 22.27764828530529 ], [ 73.257786969021964, 22.27782612170574 ], [ 73.257786969021964, 22.278003957880046 ], [ 73.257979150399777, 22.278003957880046 ], [ 73.258075241088676, 22.278270711717514 ], [ 73.258171331777561, 22.278448547326501 ], [ 73.258363513155345, 22.278715300315969 ], [ 73.258555694533158, 22.278715300315969 ], [ 73.258747875910927, 22.278715300315969 ], [ 73.258843966599827, 22.278893135359603 ], [ 73.259036147977639, 22.278893135359603 ], [ 73.259132238666538, 22.279159887501045 ], [ 73.259324420044308, 22.279159887501045 ], [ 73.259420510733207, 22.279426639133668 ], [ 73.259516601422121, 22.279604473272737 ], [ 73.259516601422121, 22.279782307185666 ], [ 73.259516601422121, 22.279960140872447 ], [ 73.259516601422121, 22.280137974333073 ], [ 73.259516601422121, 22.280315807567543 ], [ 73.259420510733207, 22.280582556995228 ], [ 73.259420510733207, 22.280760389664326 ], [ 73.259132238666538, 22.281027138243935 ], [ 73.25894005728874, 22.281293886314693 ], [ 73.258747875910927, 22.281471718079157 ], [ 73.258555694533158, 22.281471718079157 ], [ 73.258363513155345, 22.281471718079157 ], [ 73.258171331777561, 22.281471718079157 ], [ 73.257979150399777, 22.281471718079157 ], [ 73.257786969021964, 22.281471718079157 ], [ 73.257402606266396, 22.281293886314693 ], [ 73.257210424888584, 22.281293886314693 ], [ 73.256922152821915, 22.281382802225195 ], [ 73.256729971444102, 22.28156063387658 ], [ 73.256729971444102, 22.28173846530181 ], [ 73.256729971444102, 22.281916296500874 ], [ 73.256729971444102, 22.282094127473783 ], [ 73.256729971444102, 22.28227195822052 ], [ 73.256729971444102, 22.282449788741093 ], [ 73.256922152821915, 22.282449788741093 ], [ 73.257114334199713, 22.282449788741093 ], [ 73.257306515577483, 22.282449788741093 ], [ 73.257498696955295, 22.282449788741093 ], [ 73.257690878333079, 22.282449788741093 ], [ 73.257786969021964, 22.282627619035484 ], [ 73.257883059710878, 22.282983278945778 ], [ 73.257883059710878, 22.283161108561671 ], [ 73.257883059710878, 22.283338937951378 ], [ 73.257883059710878, 22.283516767114918 ], [ 73.258075241088676, 22.283783510436148 ], [ 73.258075241088676, 22.284050253248463 ], [ 73.258075241088676, 22.284316995551883 ], [ 73.258075241088676, 22.284494823471427 ], [ 73.258075241088676, 22.284672651164794 ], [ 73.258075241088676, 22.284850478631974 ], [ 73.257883059710878, 22.285206132887755 ], [ 73.257594787644194, 22.285295046310342 ], [ 73.257402606266396, 22.285383959676366 ], [ 73.257114334199713, 22.285472872985856 ], [ 73.256922152821915, 22.285472872985856 ], [ 73.256729971444102, 22.285472872985856 ], [ 73.256537790066332, 22.285472872985856 ], [ 73.256345608688534, 22.285472872985856 ], [ 73.255961245932951, 22.285739612575014 ], [ 73.25567297386624, 22.286095264568875 ], [ 73.255480792488456, 22.286095264568875 ], [ 73.255192520421758, 22.286184177425969 ], [ 73.255096429732873, 22.286450915657944 ], [ 73.25480815766619, 22.286717653380983 ], [ 73.254615976288363, 22.286895478246915 ], [ 73.254423794910579, 22.287162215121683 ], [ 73.254231613532795, 22.287162215121683 ], [ 73.254231613532795, 22.287340039422109 ], [ 73.254039432155011, 22.287340039422109 ], [ 73.254039432155011, 22.287517863496308 ], [ 73.253751160088299, 22.287606775448594 ], [ 73.253558978710529, 22.287695687344318 ], [ 73.253174615954933, 22.2880513343617 ], [ 73.252790253199336, 22.288229157531067 ], [ 73.252598071821552, 22.288318069030918 ], [ 73.252405890443768, 22.288406980474218 ], [ 73.252309799754855, 22.288673714464789 ], [ 73.252117618377071, 22.288673714464789 ], [ 73.251925436999286, 22.28876262568188 ], [ 73.251829346310387, 22.288940447946388 ], [ 73.251637164932575, 22.288940447946388 ], [ 73.251637164932575, 22.289118269984659 ], [ 73.251252802176992, 22.289473913382565 ], [ 73.251156711488093, 22.289651734742172 ], [ 73.250964530110323, 22.289740645337144 ], [ 73.250964530110323, 22.290007376782722 ], [ 73.251156711488093, 22.290096287151464 ], [ 73.251348892865906, 22.290096287151464 ], [ 73.251444983554805, 22.290274107719274 ], [ 73.251637164932575, 22.290274107719274 ], [ 73.251925436999286, 22.290274107719274 ], [ 73.251925436999286, 22.290451928060854 ], [ 73.252117618377071, 22.290540838146814 ], [ 73.252117618377071, 22.290718658149046 ], [ 73.252213709065956, 22.290896477925045 ], [ 73.252405890443768, 22.29116320716485 ], [ 73.252501981132667, 22.29134102637526 ], [ 73.252501981132667, 22.29151884535943 ], [ 73.252598071821552, 22.29169666411736 ], [ 73.252598071821552, 22.291874482649039 ], [ 73.252598071821552, 22.292052300954474 ], [ 73.252405890443768, 22.292141210022354 ], [ 73.252213709065956, 22.292141210022354 ], [ 73.252021527688186, 22.292141210022354 ], [ 73.251829346310387, 22.292141210022354 ], [ 73.251637164932575, 22.292141210022354 ], [ 73.251444983554805, 22.292141210022354 ], [ 73.251252802176992, 22.292141210022354 ], [ 73.251060620799208, 22.292141210022354 ], [ 73.250868439421424, 22.292141210022354 ], [ 73.250676258043612, 22.292141210022354 ], [ 73.250484076665813, 22.292141210022354 ], [ 73.250291895288044, 22.292141210022354 ], [ 73.250099713910231, 22.292141210022354 ], [ 73.249811441843562, 22.292141210022354 ], [ 73.249619260465749, 22.292141210022354 ], [ 73.249330988399052, 22.292407936886622 ], [ 73.249138807021268, 22.292407936886622 ], [ 73.248946625643484, 22.292407936886622 ], [ 73.248754444265671, 22.292407936886622 ], [ 73.248562262887887, 22.292407936886622 ], [ 73.24827399082119, 22.292585754513322 ], [ 73.248081809443406, 22.292585754513322 ], [ 73.247889628065622, 22.292585754513322 ], [ 73.247697446687809, 22.292585754513322 ], [ 73.247505265310011, 22.292585754513322 ], [ 73.247313083932227, 22.292585754513322 ], [ 73.247120902554443, 22.292585754513322 ], [ 73.246928721176658, 22.292585754513322 ], [ 73.246736539798846, 22.292585754513322 ], [ 73.246544358421062, 22.292585754513322 ], [ 73.246256086354364, 22.292585754513322 ], [ 73.24606390497658, 22.292585754513322 ], [ 73.245871723598796, 22.292585754513322 ], [ 73.245679542220984, 22.292585754513322 ], [ 73.245487360843185, 22.292585754513322 ], [ 73.245199088776502, 22.292585754513322 ], [ 73.244910816709805, 22.292585754513322 ], [ 73.244718635332035, 22.292585754513322 ], [ 73.244526453954222, 22.292585754513322 ], [ 73.244238181887539, 22.292585754513322 ], [ 73.244046000509741, 22.292585754513322 ], [ 73.243853819131942, 22.292585754513322 ], [ 73.243661637754158, 22.292585754513322 ], [ 73.24346945637636, 22.292674663241833 ], [ 73.243277274998562, 22.292674663241833 ], [ 73.243085093620778, 22.292674663241833 ], [ 73.242892912242993, 22.292674663241833 ], [ 73.242700730865181, 22.292674663241833 ], [ 73.242508549487397, 22.292674663241833 ], [ 73.242316368109599, 22.292674663241833 ], [ 73.242124186731814, 22.292674663241833 ], [ 73.241835914665131, 22.292674663241833 ], [ 73.241643733287319, 22.292674663241833 ], [ 73.24135546122065, 22.292674663241833 ], [ 73.241163279842837, 22.292674663241833 ], [ 73.240971098465053, 22.292674663241833 ], [ 73.240778917087269, 22.292674663241833 ], [ 73.240490645020543, 22.292674663241833 ], [ 73.240202372953874, 22.292674663241833 ], [ 73.240010191576076, 22.292674663241833 ], [ 73.239818010198306, 22.292674663241833 ], [ 73.239625828820493, 22.292674663241833 ], [ 73.239433647442681, 22.292674663241833 ], [ 73.239241466064911, 22.292674663241833 ], [ 73.239049284687113, 22.292674663241833 ], [ 73.238857103309314, 22.292674663241833 ], [ 73.23866492193153, 22.292674663241833 ], [ 73.238376649864833, 22.292674663241833 ], [ 73.23808837779815, 22.292674663241833 ], [ 73.237800105731452, 22.292674663241833 ], [ 73.237607924353668, 22.292674663241833 ], [ 73.23741574297587, 22.292674663241833 ], [ 73.237223561598071, 22.292674663241833 ], [ 73.237031380220287, 22.292674663241833 ], [ 73.236839198842489, 22.292674663241833 ], [ 73.236647017464691, 22.292674663241833 ], [ 73.236647017464691, 22.292496845728252 ], [ 73.236647017464691, 22.29231902798843 ], [ 73.236647017464691, 22.292141210022354 ], [ 73.236358745398007, 22.291963391830041 ], [ 73.236358745398007, 22.291785573411477 ], [ 73.236358745398007, 22.291607754766666 ], [ 73.236358745398007, 22.291429935895618 ], [ 73.236166564020209, 22.29134102637526 ], [ 73.236166564020209, 22.291074297474811 ], [ 73.235974382642425, 22.291074297474811 ], [ 73.235974382642425, 22.290807568065325 ], [ 73.235686110575728, 22.290718658149046 ], [ 73.235686110575728, 22.290540838146814 ], [ 73.235686110575728, 22.290363017918345 ], [ 73.235590019886828, 22.290096287151464 ], [ 73.235397838509044, 22.290096287151464 ], [ 73.235301747820145, 22.289918466357413 ], [ 73.235301747820145, 22.289740645337144 ], [ 73.235205657131246, 22.289562824090641 ], [ 73.235013475753448, 22.289473913382565 ], [ 73.234917385064534, 22.289207180918975 ], [ 73.234821294375664, 22.288940447946388 ], [ 73.234725203686764, 22.28876262568188 ], [ 73.234533022308966, 22.288673714464789 ], [ 73.234533022308966, 22.288495891860965 ], [ 73.234340840931168, 22.288406980474218 ], [ 73.234148659553384, 22.288229157531067 ], [ 73.234148659553384, 22.2880513343617 ], [ 73.234052568864485, 22.287873510966111 ], [ 73.233860387486672, 22.287784599183496 ], [ 73.233668206108902, 22.287695687344318 ], [ 73.233476024731104, 22.287606775448594 ], [ 73.233283843353306, 22.287517863496308 ], [ 73.233091661975521, 22.287517863496308 ], [ 73.232899480597723, 22.287517863496308 ], [ 73.23261120853104, 22.287517863496308 ], [ 73.232419027153242, 22.287517863496308 ], [ 73.232226845775457, 22.287517863496308 ], [ 73.232034664397659, 22.287517863496308 ], [ 73.231842483019861, 22.287517863496308 ], [ 73.231650301642077, 22.287517863496308 ], [ 73.231265938886452, 22.287517863496308 ], [ 73.231073757508696, 22.287517863496308 ], [ 73.230881576130898, 22.287517863496308 ], [ 73.230689394753099, 22.287517863496308 ], [ 73.230497213375287, 22.287517863496308 ], [ 73.230305031997517, 22.287517863496308 ], [ 73.230112850619719, 22.287517863496308 ], [ 73.229920669241906, 22.287517863496308 ], [ 73.229728487864122, 22.287517863496308 ], [ 73.229536306486338, 22.287517863496308 ], [ 73.229344125108526, 22.287517863496308 ], [ 73.229151943730756, 22.287517863496308 ], [ 73.228959762352957, 22.287517863496308 ], [ 73.228767580975145, 22.287606775448594 ], [ 73.228575399597375, 22.287606775448594 ], [ 73.228383218219562, 22.287606775448594 ], [ 73.228191036841778, 22.287606775448594 ], [ 73.227998855463994, 22.287606775448594 ], [ 73.227710583397297, 22.287606775448594 ], [ 73.227518402019513, 22.287606775448594 ], [ 73.2273262206417, 22.287606775448594 ], [ 73.227037948575031, 22.287606775448594 ], [ 73.226845767197233, 22.287606775448594 ], [ 73.226653585819435, 22.287606775448594 ], [ 73.226365313752751, 22.287606775448594 ], [ 73.226173132374953, 22.287606775448594 ], [ 73.225980950997169, 22.287606775448594 ], [ 73.225788769619356, 22.287606775448594 ], [ 73.225596588241572, 22.287606775448594 ], [ 73.225404406863788, 22.287695687344318 ], [ 73.225212225485976, 22.287695687344318 ], [ 73.225020044108192, 22.287695687344318 ], [ 73.224827862730407, 22.287695687344318 ], [ 73.224635681352609, 22.287695687344318 ], [ 73.224443499974797, 22.287873510966111 ], [ 73.224251318597013, 22.287873510966111 ], [ 73.224059137219228, 22.287962422692178 ], [ 73.223866955841416, 22.287962422692178 ], [ 73.223674774463632, 22.2880513343617 ], [ 73.223482593085848, 22.2880513343617 ], [ 73.223290411708035, 22.2880513343617 ], [ 73.223098230330237, 22.2880513343617 ], [ 73.222906048952467, 22.2880513343617 ], [ 73.222906048952467, 22.288229157531067 ], [ 73.222713867574669, 22.288229157531067 ], [ 73.222521686196885, 22.288229157531067 ], [ 73.222233414130173, 22.288229157531067 ], [ 73.222041232752403, 22.288229157531067 ], [ 73.221849051374591, 22.288229157531067 ], [ 73.221560779307893, 22.288495891860965 ], [ 73.221368597930123, 22.288495891860965 ], [ 73.221176416552311, 22.288495891860965 ], [ 73.220984235174541, 22.288495891860965 ], [ 73.220792053796728, 22.288495891860965 ], [ 73.220599872418916, 22.288495891860965 ], [ 73.22040769104116, 22.288495891860965 ], [ 73.220215509663348, 22.288495891860965 ], [ 73.220023328285563, 22.288495891860965 ], [ 73.219831146907779, 22.288495891860965 ], [ 73.219638965529967, 22.288495891860965 ], [ 73.219350693463269, 22.288495891860965 ], [ 73.219158512085485, 22.288495891860965 ], [ 73.218870240018788, 22.28876262568188 ], [ 73.218581967952105, 22.28876262568188 ], [ 73.218293695885407, 22.28876262568188 ], [ 73.218101514507623, 22.28876262568188 ], [ 73.217909333129839, 22.28876262568188 ], [ 73.217524970374228, 22.288851536842412 ], [ 73.217332788996444, 22.288851536842412 ], [ 73.21714060761866, 22.288851536842412 ], [ 73.216948426240876, 22.288851536842412 ], [ 73.216756244863063, 22.288851536842412 ], [ 73.216564063485279, 22.288851536842412 ], [ 73.216275791418582, 22.288851536842412 ], [ 73.216083610040798, 22.288851536842412 ], [ 73.215891428663014, 22.288851536842412 ], [ 73.215699247285201, 22.288851536842412 ], [ 73.215410975218532, 22.288851536842412 ], [ 73.21521879384072, 22.288851536842412 ], [ 73.215026612462921, 22.288851536842412 ], [ 73.214834431085151, 22.288851536842412 ], [ 73.214642249707339, 22.288851536842412 ], [ 73.214450068329555, 22.288851536842412 ], [ 73.214450068329555, 22.288673714464789 ], [ 73.214450068329555, 22.288495891860965 ], [ 73.214450068329555, 22.288318069030918 ], [ 73.214450068329555, 22.288140245974656 ], [ 73.214450068329555, 22.287962422692178 ], [ 73.214450068329555, 22.287784599183496 ], [ 73.214450068329555, 22.287606775448594 ], [ 73.214450068329555, 22.287428951487481 ], [ 73.214450068329555, 22.287251127300163 ], [ 73.214450068329555, 22.28707330288664 ], [ 73.214450068329555, 22.286895478246915 ], [ 73.214450068329555, 22.286717653380983 ], [ 73.214450068329555, 22.286539828288841 ], [ 73.214450068329555, 22.286362002970499 ], [ 73.214450068329555, 22.286095264568875 ], [ 73.214450068329555, 22.285917438685036 ], [ 73.214450068329555, 22.285739612575014 ], [ 73.214450068329555, 22.285472872985856 ], [ 73.214450068329555, 22.285206132887755 ], [ 73.214353977640641, 22.284939392280734 ], [ 73.214353977640641, 22.284672651164794 ], [ 73.214353977640641, 22.284494823471427 ], [ 73.214353977640641, 22.284316995551883 ], [ 73.214257886951756, 22.284139167406153 ], [ 73.214257886951756, 22.283961339034235 ], [ 73.214257886951756, 22.283783510436148 ], [ 73.214065705573958, 22.283694596052282 ], [ 73.21387352419616, 22.283694596052282 ], [ 73.213681342818376, 22.283694596052282 ], [ 73.213489161440577, 22.283694596052282 ], [ 73.213296980062779, 22.283694596052282 ], [ 73.213104798684995, 22.283694596052282 ], [ 73.212912617307211, 22.283694596052282 ], [ 73.212720435929413, 22.283694596052282 ], [ 73.212528254551614, 22.283694596052282 ], [ 73.212239982484917, 22.283783510436148 ], [ 73.212047801107133, 22.283872424763466 ], [ 73.211855619729334, 22.283872424763466 ], [ 73.211759529040435, 22.284050253248463 ], [ 73.211567347662651, 22.284139167406153 ], [ 73.211375166284867, 22.284139167406153 ], [ 73.21108689421817, 22.284228081507287 ], [ 73.210798622151472, 22.284316995551883 ], [ 73.210606440773674, 22.284405909539927 ], [ 73.21041425939589, 22.284494823471427 ], [ 73.210222078018091, 22.284494823471427 ], [ 73.210222078018091, 22.284672651164794 ], [ 73.209933805951394, 22.284672651164794 ], [ 73.20974162457361, 22.284761564926658 ], [ 73.209645533884711, 22.284939392280734 ], [ 73.209453352506898, 22.284939392280734 ], [ 73.209261171129128, 22.284939392280734 ], [ 73.20906898975133, 22.285028305872959 ], [ 73.208876808373532, 22.285028305872959 ], [ 73.208684626995748, 22.285028305872959 ], [ 73.208492445617949, 22.285117219408633 ], [ 73.20839635492905, 22.284939392280734 ], [ 73.20839635492905, 22.284761564926658 ], [ 73.20839635492905, 22.284583737346388 ], [ 73.20839635492905, 22.284405909539927 ], [ 73.20839635492905, 22.284228081507287 ], [ 73.20839635492905, 22.284050253248463 ], [ 73.20839635492905, 22.283872424763466 ], [ 73.208300264240151, 22.283694596052282 ], [ 73.208204173551266, 22.283516767114918 ], [ 73.208011992173468, 22.283427852561424 ], [ 73.208011992173468, 22.283250023284797 ], [ 73.207819810795669, 22.283250023284797 ], [ 73.207627629417885, 22.283072193781994 ], [ 73.207531538728986, 22.282894364053014 ], [ 73.207339357351188, 22.282894364053014 ], [ 73.207147175973404, 22.282894364053014 ], [ 73.207627629417885, 22.282894364053014 ] ] ] } },
{ "type": "Feature", "properties": { "fid": 3, "ward_id": 14 }, "geometry": { "type": "Polygon", "coordinates": [ [ [ 73.195147851197419, 22.301042944067287 ], [ 73.195147851197419, 22.301131847414485 ], [ 73.195147851197419, 22.301220750705092 ], [ 73.195147851197419, 22.301309653939128 ], [ 73.195243941886318, 22.301487460237464 ], [ 73.195243941886318, 22.301620814812694 ], [ 73.195243941886318, 22.301709717792118 ], [ 73.195243941886318, 22.301843072155158 ], [ 73.195243941886318, 22.301931974993135 ], [ 73.195243941886318, 22.302020877774524 ], [ 73.195243941886318, 22.30210978049934 ], [ 73.195243941886318, 22.302198683167568 ], [ 73.195243941886318, 22.302287585779219 ], [ 73.195243941886318, 22.302376488334279 ], [ 73.195243941886318, 22.302465390832765 ], [ 73.195243941886318, 22.30255429327466 ], [ 73.195243941886318, 22.302687646831426 ], [ 73.195243941886318, 22.30277654913187 ], [ 73.195243941886318, 22.302865451375734 ], [ 73.195243941886318, 22.302954353563006 ], [ 73.195243941886318, 22.303043255693709 ], [ 73.195147851197419, 22.303176608783659 ], [ 73.195147851197419, 22.303265510772896 ], [ 73.195147851197419, 22.303398863650656 ], [ 73.195147851197419, 22.303532216401095 ], [ 73.195147851197419, 22.303621118163999 ], [ 73.195147851197419, 22.303710019870323 ], [ 73.195099805852962, 22.303798921520052 ], [ 73.195099805852962, 22.303887823113193 ], [ 73.195099805852962, 22.304021175396826 ], [ 73.195195896541875, 22.304021175396826 ], [ 73.195291987230775, 22.304021175396826 ], [ 73.195388077919645, 22.304021175396826 ], [ 73.195484168608559, 22.304154527553123 ], [ 73.195580259297444, 22.304154527553123 ], [ 73.195676349986357, 22.304154527553123 ], [ 73.195772440675256, 22.304243428919936 ], [ 73.195868531364155, 22.304243428919936 ], [ 73.196012667397497, 22.304332330230157 ], [ 73.196108758086396, 22.304332330230157 ], [ 73.196252894119738, 22.304332330230157 ], [ 73.196348984808637, 22.304332330230157 ], [ 73.196445075497522, 22.304332330230157 ], [ 73.196541166186435, 22.304332330230157 ], [ 73.196637256875334, 22.304332330230157 ], [ 73.196781392908662, 22.304332330230157 ], [ 73.196925528941989, 22.304332330230157 ], [ 73.197069664975359, 22.304332330230157 ], [ 73.197213801008715, 22.304332330230157 ], [ 73.197357937042042, 22.304332330230157 ], [ 73.197454027730942, 22.304332330230157 ], [ 73.197550118419841, 22.304332330230157 ], [ 73.197694254453197, 22.304332330230157 ], [ 73.197742299797625, 22.304243428919936 ], [ 73.197838390486524, 22.304243428919936 ], [ 73.197982526519866, 22.304243428919936 ], [ 73.198126662553221, 22.304243428919936 ], [ 73.198222753242135, 22.304198978243601 ], [ 73.198318843931006, 22.304198978243601 ], [ 73.198414934619919, 22.304198978243601 ], [ 73.198414934619919, 22.304110076848513 ], [ 73.198511025308804, 22.304110076848513 ], [ 73.198607115997703, 22.304110076848513 ], [ 73.198751252031059, 22.304065626129738 ], [ 73.198799297375515, 22.303976724649765 ], [ 73.198895388064386, 22.303976724649765 ], [ 73.198991478753285, 22.303976724649765 ], [ 73.199135614786641, 22.303932273888556 ], [ 73.199279750819997, 22.303887823113193 ], [ 73.199375841508896, 22.303887823113193 ], [ 73.199471932197781, 22.303887823113193 ], [ 73.19956802288668, 22.303887823113193 ], [ 73.199664113575565, 22.303887823113193 ], [ 73.199808249608921, 22.303887823113193 ], [ 73.19990434029782, 22.303887823113193 ], [ 73.200000430986705, 22.303887823113193 ], [ 73.20009652167559, 22.303887823113193 ], [ 73.200192612364503, 22.303887823113193 ], [ 73.200288703053403, 22.303887823113193 ], [ 73.200384793742302, 22.303887823113193 ], [ 73.200528929775643, 22.303932273888556 ], [ 73.200673065808985, 22.303932273888556 ], [ 73.200769156497884, 22.303932273888556 ], [ 73.200865247186783, 22.303932273888556 ], [ 73.200961337875682, 22.303932273888556 ], [ 73.201105473909024, 22.303932273888556 ], [ 73.201249609942366, 22.303932273888556 ], [ 73.201393745975722, 22.303932273888556 ], [ 73.201537882009063, 22.303932273888556 ], [ 73.201633972697962, 22.303932273888556 ], [ 73.20177810873129, 22.303932273888556 ], [ 73.201874199420203, 22.303932273888556 ], [ 73.201970290109102, 22.303932273888556 ], [ 73.202066380797987, 22.303932273888556 ], [ 73.202162471486886, 22.303887823113193 ], [ 73.202306607520242, 22.303887823113193 ], [ 73.20235465286467, 22.303798921520052 ], [ 73.202450743553584, 22.303798921520052 ], [ 73.202546834242469, 22.303798921520052 ], [ 73.202642924931368, 22.303754470702263 ], [ 73.202739015620281, 22.303754470702263 ], [ 73.202835106309152, 22.303754470702263 ], [ 73.202883151653609, 22.303665569024233 ], [ 73.202979242342508, 22.303665569024233 ], [ 73.203075333031407, 22.303665569024233 ], [ 73.203219469064763, 22.303621118163999 ], [ 73.203363605098104, 22.303621118163999 ], [ 73.203459695786989, 22.303621118163999 ], [ 73.203555786475874, 22.303576667289626 ], [ 73.203651877164788, 22.303576667289626 ], [ 73.203747967853687, 22.303576667289626 ], [ 73.203844058542586, 22.303576667289626 ], [ 73.203940149231471, 22.303576667289626 ], [ 73.20403623992037, 22.303576667289626 ], [ 73.204132330609269, 22.303576667289626 ], [ 73.204228421298168, 22.303621118163999 ], [ 73.204324511987068, 22.303621118163999 ], [ 73.204468648020423, 22.303665569024233 ], [ 73.204516693364866, 22.303754470702263 ], [ 73.204612784053751, 22.303754470702263 ], [ 73.204660829398193, 22.303887823113193 ], [ 73.204756920087107, 22.303887823113193 ], [ 73.204901056120462, 22.303932273888556 ], [ 73.204997146809333, 22.303976724649765 ], [ 73.205093237498218, 22.303976724649765 ], [ 73.205093237498218, 22.304065626129738 ], [ 73.205189328187132, 22.304065626129738 ], [ 73.205333464220487, 22.304065626129738 ], [ 73.205477600253843, 22.304110076848513 ], [ 73.205621736287156, 22.304243428919936 ], [ 73.205717826976056, 22.304243428919936 ], [ 73.205813917664969, 22.304243428919936 ], [ 73.205958053698325, 22.304287879582116 ], [ 73.206006099042767, 22.30437678086405 ], [ 73.206150235076109, 22.304510132680843 ], [ 73.206246325765008, 22.304510132680843 ], [ 73.20639046179835, 22.304554583258138 ], [ 73.20639046179835, 22.30464348437031 ], [ 73.206534597831677, 22.304687934905179 ], [ 73.20663068852059, 22.30473238542589 ], [ 73.20672677920949, 22.304776835932461 ], [ 73.206822869898375, 22.304776835932461 ], [ 73.206918960587274, 22.304821286424886 ], [ 73.207015051276187, 22.304821286424886 ], [ 73.207111141965072, 22.304821286424886 ], [ 73.207255277998399, 22.304865736903167 ], [ 73.207351368687299, 22.304865736903167 ], [ 73.207447459376212, 22.304865736903167 ], [ 73.207543550065111, 22.304865736903167 ], [ 73.207639640753996, 22.304865736903167 ], [ 73.207735731442909, 22.304865736903167 ], [ 73.207879867476237, 22.304999088253119 ], [ 73.207975958165136, 22.304999088253119 ], [ 73.208072048854035, 22.304999088253119 ], [ 73.208168139542934, 22.304999088253119 ], [ 73.208264230231833, 22.304999088253119 ], [ 73.208408366265189, 22.304999088253119 ], [ 73.208504456954074, 22.304999088253119 ], [ 73.208600547642945, 22.304999088253119 ], [ 73.208696638331872, 22.304999088253119 ], [ 73.208792729020772, 22.304999088253119 ], [ 73.208888819709671, 22.304999088253119 ], [ 73.20898491039857, 22.304999088253119 ], [ 73.209081001087455, 22.304999088253119 ], [ 73.20917709177634, 22.304999088253119 ], [ 73.209321227809696, 22.304999088253119 ], [ 73.209417318498609, 22.304999088253119 ], [ 73.20951340918748, 22.304999088253119 ], [ 73.209609499876379, 22.304999088253119 ], [ 73.209705590565278, 22.304999088253119 ], [ 73.209801681254177, 22.304999088253119 ], [ 73.209897771943091, 22.304999088253119 ], [ 73.20999386263199, 22.304999088253119 ], [ 73.210089953320875, 22.304999088253119 ], [ 73.21018604400976, 22.304999088253119 ], [ 73.210282134698659, 22.304999088253119 ], [ 73.210378225387558, 22.304999088253119 ], [ 73.210474316076471, 22.304999088253119 ], [ 73.210522361420914, 22.304910187367302 ], [ 73.210522361420914, 22.304821286424886 ], [ 73.210522361420914, 22.30473238542589 ], [ 73.210522361420914, 22.30464348437031 ], [ 73.210522361420914, 22.304554583258138 ], [ 73.210522361420914, 22.304465682089386 ], [ 73.210522361420914, 22.30437678086405 ], [ 73.210522361420914, 22.304243428919936 ], [ 73.210522361420914, 22.304154527553123 ], [ 73.210522361420914, 22.304065626129738 ], [ 73.210522361420914, 22.303976724649765 ], [ 73.210522361420914, 22.303843372323698 ], [ 73.210522361420914, 22.303754470702263 ], [ 73.210522361420914, 22.303665569024233 ], [ 73.21057040676537, 22.303576667289626 ], [ 73.210666497454255, 22.303532216401095 ], [ 73.210810633487597, 22.303487765498438 ], [ 73.210954769520953, 22.303398863650656 ], [ 73.211098905554294, 22.303354412705545 ], [ 73.211194996243165, 22.303354412705545 ], [ 73.211339132276521, 22.303354412705545 ], [ 73.21143522296542, 22.303354412705545 ], [ 73.211531313654334, 22.303354412705545 ], [ 73.211531313654334, 22.303265510772896 ], [ 73.211627404343218, 22.303265510772896 ], [ 73.211723495032118, 22.303265510772896 ], [ 73.211819585721003, 22.303265510772896 ], [ 73.211915676409902, 22.303265510772896 ], [ 73.212011767098815, 22.303265510772896 ], [ 73.212155903132157, 22.303265510772896 ], [ 73.212251993821056, 22.303265510772896 ], [ 73.212348084509927, 22.303265510772896 ], [ 73.21244417519884, 22.303265510772896 ], [ 73.212588311232196, 22.303265510772896 ], [ 73.212732447265537, 22.303265510772896 ], [ 73.212876583298865, 22.303265510772896 ], [ 73.212972673987764, 22.303265510772896 ], [ 73.213068764676677, 22.303265510772896 ], [ 73.213212900710019, 22.303265510772896 ], [ 73.213357036743361, 22.303265510772896 ], [ 73.213453127432246, 22.303265510772896 ], [ 73.213549218121159, 22.303265510772896 ], [ 73.213645308810058, 22.303265510772896 ], [ 73.213741399498943, 22.303265510772896 ], [ 73.213885535532299, 22.303265510772896 ], [ 73.214029671565626, 22.303265510772896 ], [ 73.21412576225454, 22.303265510772896 ], [ 73.214269898287881, 22.303221059785351 ], [ 73.214317943632324, 22.303132157767816 ], [ 73.214317943632324, 22.303043255693709 ], [ 73.214317943632324, 22.302954353563006 ], [ 73.214317943632324, 22.302865451375734 ], [ 73.214317943632324, 22.30277654913187 ], [ 73.214317943632324, 22.302687646831426 ], [ 73.214317943632324, 22.30255429327466 ], [ 73.214317943632324, 22.302420939590593 ], [ 73.214317943632324, 22.302332037063817 ], [ 73.214317943632324, 22.302243134480467 ], [ 73.214317943632324, 22.30210978049934 ], [ 73.214317943632324, 22.302020877774524 ], [ 73.214317943632324, 22.301931974993135 ], [ 73.214317943632324, 22.301843072155158 ], [ 73.21436598897678, 22.301709717792118 ], [ 73.21436598897678, 22.301620814812694 ], [ 73.21446207966568, 22.301576363301756 ], [ 73.214558170354564, 22.301531911776685 ], [ 73.214558170354564, 22.301443008684103 ], [ 73.214606215699021, 22.301309653939128 ], [ 73.214750351732363, 22.301265202329187 ], [ 73.214750351732363, 22.301176299066867 ], [ 73.214798397076805, 22.301042944067287 ], [ 73.214894487765719, 22.301042944067287 ], [ 73.214894487765719, 22.300909588940407 ], [ 73.214990578454618, 22.300865137203164 ], [ 73.214990578454618, 22.300776233686232 ], [ 73.215086669143517, 22.300776233686232 ], [ 73.215134714487945, 22.300687330112712 ], [ 73.215182759832402, 22.30059842648263 ], [ 73.21523080517683, 22.300509522795963 ], [ 73.215278850521287, 22.300420619052709 ], [ 73.215326895865743, 22.300331715252888 ], [ 73.215326895865743, 22.300242811396487 ], [ 73.215422986554643, 22.300198359447062 ], [ 73.215422986554643, 22.300109455505797 ], [ 73.215471031899099, 22.299976099487818 ], [ 73.215471031899099, 22.299887195405102 ], [ 73.215471031899099, 22.299798291265812 ], [ 73.215519077243542, 22.299709387069946 ], [ 73.215519077243542, 22.299620482817506 ], [ 73.215519077243542, 22.299531578508482 ], [ 73.215567122587998, 22.299442674142888 ], [ 73.215567122587998, 22.299353769720717 ], [ 73.215567122587998, 22.299264865241973 ], [ 73.215567122587998, 22.299175960706645 ], [ 73.215567122587998, 22.29908705611475 ], [ 73.215567122587998, 22.298998151466272 ], [ 73.215567122587998, 22.298909246761223 ], [ 73.215567122587998, 22.298820341999601 ], [ 73.215567122587998, 22.298731437181399 ], [ 73.215567122587998, 22.29859807984802 ], [ 73.215567122587998, 22.298464722387354 ], [ 73.215567122587998, 22.298331364799388 ], [ 73.215567122587998, 22.298242459670035 ], [ 73.215567122587998, 22.298153554484109 ], [ 73.215567122587998, 22.298064649241599 ], [ 73.215567122587998, 22.297975743942516 ], [ 73.215567122587998, 22.297886838586869 ], [ 73.215567122587998, 22.297797933174643 ], [ 73.215567122587998, 22.297709027705839 ], [ 73.215567122587998, 22.297620122180472 ], [ 73.215519077243542, 22.297486763786349 ], [ 73.215519077243542, 22.297353405264925 ], [ 73.215519077243542, 22.297264499513272 ], [ 73.215471031899099, 22.297175593705031 ], [ 73.215471031899099, 22.297086687840228 ], [ 73.215374941210186, 22.296997781918861 ], [ 73.215374941210186, 22.296908875940915 ], [ 73.215374941210186, 22.296775516867932 ], [ 73.215374941210186, 22.296686610748552 ], [ 73.215374941210186, 22.296597704572612 ], [ 73.215374941210186, 22.296508798340092 ], [ 73.215374941210186, 22.296419892051013 ], [ 73.215374941210186, 22.29633098570536 ], [ 73.215374941210186, 22.296242079303134 ], [ 73.215374941210186, 22.296153172844345 ], [ 73.215278850521287, 22.29601981305008 ], [ 73.215278850521287, 22.295886453128546 ], [ 73.215278850521287, 22.29579754644347 ], [ 73.215278850521287, 22.295886453128546 ], [ 73.215278850521287, 22.295975359757048 ], [ 73.215278850521287, 22.29606426632898 ], [ 73.215182759832402, 22.296108719593736 ], [ 73.215086669143517, 22.296108719593736 ], [ 73.214990578454618, 22.296153172844345 ], [ 73.214894487765719, 22.296153172844345 ], [ 73.214798397076805, 22.296197626080808 ], [ 73.214702306387892, 22.296197626080808 ], [ 73.214606215699021, 22.296197626080808 ], [ 73.214510125010108, 22.296242079303134 ], [ 73.214414034321237, 22.296242079303134 ], [ 73.214269898287881, 22.29633098570536 ], [ 73.214173807598982, 22.29633098570536 ], [ 73.214077716910083, 22.29633098570536 ], [ 73.213981626221198, 22.29633098570536 ], [ 73.213885535532299, 22.29633098570536 ], [ 73.2137894448434, 22.29633098570536 ], [ 73.213693354154501, 22.29633098570536 ], [ 73.213597263465601, 22.29633098570536 ], [ 73.213501172776702, 22.29633098570536 ], [ 73.213405082087817, 22.29633098570536 ], [ 73.213308991398918, 22.29633098570536 ], [ 73.213212900710019, 22.29633098570536 ], [ 73.21311681002112, 22.29633098570536 ], [ 73.213020719332221, 22.29633098570536 ], [ 73.212924628643322, 22.29633098570536 ], [ 73.212828537954437, 22.29633098570536 ], [ 73.212732447265537, 22.29633098570536 ], [ 73.212588311232196, 22.29633098570536 ], [ 73.212492220543282, 22.29633098570536 ], [ 73.212396129854383, 22.296286532511321 ], [ 73.212348084509927, 22.296153172844345 ], [ 73.212251993821056, 22.296153172844345 ], [ 73.212203948476599, 22.29601981305008 ], [ 73.212107857787714, 22.29601981305008 ], [ 73.212107857787714, 22.295930906449865 ], [ 73.212059812443258, 22.29579754644347 ], [ 73.211963721754358, 22.29579754644347 ], [ 73.211915676409902, 22.295664186309804 ], [ 73.211819585721003, 22.295664186309804 ], [ 73.211819585721003, 22.29553082604885 ], [ 73.211723495032118, 22.295486372600251 ], [ 73.211723495032118, 22.295397465660614 ], [ 73.211723495032118, 22.295308558664424 ], [ 73.211723495032118, 22.29521965161166 ], [ 73.211867631065459, 22.295175198064065 ], [ 73.211867631065459, 22.295086290926442 ], [ 73.211963721754358, 22.295086290926442 ], [ 73.212107857787714, 22.294952930113961 ], [ 73.212155903132157, 22.294864022834918 ], [ 73.212251993821056, 22.294819569174194 ], [ 73.212348084509927, 22.294775115499316 ], [ 73.21244417519884, 22.294730661810302 ], [ 73.212540265887739, 22.294686208107159 ], [ 73.212636356576638, 22.294686208107159 ], [ 73.212732447265537, 22.294641754389861 ], [ 73.212828537954437, 22.294641754389861 ], [ 73.212924628643322, 22.294641754389861 ], [ 73.213020719332221, 22.294641754389861 ], [ 73.213068764676677, 22.29455284691284 ], [ 73.213212900710019, 22.29455284691284 ], [ 73.213308991398918, 22.29455284691284 ], [ 73.213405082087817, 22.294508393153123 ], [ 73.213501172776702, 22.294463939379249 ], [ 73.213597263465601, 22.294463939379249 ], [ 73.213693354154501, 22.294463939379249 ], [ 73.2137894448434, 22.294463939379249 ], [ 73.213981626221198, 22.294463939379249 ], [ 73.214077716910083, 22.294463939379249 ], [ 73.214173807598982, 22.294463939379249 ], [ 73.214269898287881, 22.294463939379249 ], [ 73.21436598897678, 22.294463939379249 ], [ 73.21446207966568, 22.294463939379249 ], [ 73.214558170354564, 22.294463939379249 ], [ 73.214654261043478, 22.294463939379249 ], [ 73.214750351732363, 22.294463939379249 ], [ 73.214846442421262, 22.294463939379249 ], [ 73.214990578454618, 22.294463939379249 ], [ 73.215134714487945, 22.294463939379249 ], [ 73.215134714487945, 22.29455284691284 ], [ 73.215134714487945, 22.294686208107159 ], [ 73.215182759832402, 22.294819569174194 ], [ 73.215182759832402, 22.29490847648151 ], [ 73.215182759832402, 22.294997383732266 ], [ 73.215182759832402, 22.295086290926442 ], [ 73.215278850521287, 22.295086290926442 ], [ 73.215278850521287, 22.295175198064065 ], [ 73.215374941210186, 22.29521965161166 ], [ 73.215374941210186, 22.295308558664424 ], [ 73.215471031899099, 22.295353012169588 ], [ 73.215567122587998, 22.295353012169588 ], [ 73.215663213276883, 22.295353012169588 ], [ 73.215807349310225, 22.295353012169588 ], [ 73.215903439999124, 22.29544191913751 ], [ 73.215999530688023, 22.29544191913751 ], [ 73.216095621376923, 22.29544191913751 ], [ 73.216191712065822, 22.29544191913751 ], [ 73.216335848099149, 22.29544191913751 ], [ 73.216431938788048, 22.29544191913751 ], [ 73.216528029476962, 22.29544191913751 ], [ 73.216624120165861, 22.29544191913751 ], [ 73.216672165510289, 22.295353012169588 ], [ 73.216768256199174, 22.295353012169588 ], [ 73.21691239223253, 22.295353012169588 ], [ 73.217008482921443, 22.295353012169588 ], [ 73.217104573610342, 22.295308558664424 ], [ 73.217200664299213, 22.295264105145112 ], [ 73.217344800332583, 22.295264105145112 ], [ 73.217440891021468, 22.29521965161166 ], [ 73.217536981710367, 22.29521965161166 ], [ 73.217633072399281, 22.29521965161166 ], [ 73.217729163088165, 22.295130744502323 ], [ 73.217825253777065, 22.295130744502323 ], [ 73.217969389810392, 22.295130744502323 ], [ 73.218113525843748, 22.295130744502323 ], [ 73.21825766187709, 22.295086290926442 ], [ 73.218401797910445, 22.295086290926442 ], [ 73.218545933943787, 22.295086290926442 ], [ 73.218593979288229, 22.294997383732266 ], [ 73.218690069977143, 22.294997383732266 ], [ 73.218834206010484, 22.294997383732266 ], [ 73.218930296699384, 22.294997383732266 ], [ 73.219074432732711, 22.294952930113961 ], [ 73.21917052342161, 22.294952930113961 ], [ 73.219314659454952, 22.29490847648151 ], [ 73.219410750143865, 22.29490847648151 ], [ 73.219458795488308, 22.294819569174194 ], [ 73.219602931521649, 22.294819569174194 ], [ 73.219699022210548, 22.294819569174194 ], [ 73.219795112899433, 22.294775115499316 ], [ 73.219891203588347, 22.294775115499316 ], [ 73.219939248932789, 22.294686208107159 ], [ 73.220083384966145, 22.294686208107159 ], [ 73.220179475655044, 22.294641754389861 ], [ 73.220275566343929, 22.29459730065842 ], [ 73.220371657032814, 22.29459730065842 ], [ 73.22051579306617, 22.29455284691284 ], [ 73.220611883755055, 22.29455284691284 ], [ 73.220707974443954, 22.294508393153123 ], [ 73.220804065132853, 22.294463939379249 ], [ 73.220804065132853, 22.294375031789109 ], [ 73.220900155821752, 22.294375031789109 ], [ 73.221044291855108, 22.294330577972818 ], [ 73.221140382544007, 22.294241670297815 ], [ 73.221236473232906, 22.294197216439102 ], [ 73.221236473232906, 22.294108308679256 ], [ 73.221236473232906, 22.294019400862847 ], [ 73.221236473232906, 22.293930492989869 ], [ 73.221236473232906, 22.293841585060324 ], [ 73.221236473232906, 22.293708223059944 ], [ 73.221236473232906, 22.293619314988995 ], [ 73.221236473232906, 22.293530406861475 ], [ 73.221236473232906, 22.293441498677389 ], [ 73.221188427888436, 22.293352590436744 ], [ 73.221188427888436, 22.293263682139528 ], [ 73.221188427888436, 22.293130319587657 ], [ 73.221188427888436, 22.292952502653851 ], [ 73.221092337199565, 22.292908048385041 ], [ 73.221092337199565, 22.292819139805012 ], [ 73.220996246510651, 22.292730231168427 ], [ 73.220996246510651, 22.292596868107474 ], [ 73.220996246510651, 22.29250795932948 ], [ 73.220996246510651, 22.29237459605643 ], [ 73.220996246510651, 22.292285687137024 ], [ 73.220996246510651, 22.29219677816106 ], [ 73.220996246510651, 22.292107869128529 ], [ 73.220996246510651, 22.292018960039442 ], [ 73.220996246510651, 22.291930050893789 ], [ 73.220996246510651, 22.291841141691581 ], [ 73.220996246510651, 22.291752232432813 ], [ 73.220996246510651, 22.291618868438601 ], [ 73.220996246510651, 22.291485504317126 ], [ 73.220996246510651, 22.291396594832111 ], [ 73.221092337199565, 22.291307685290544 ], [ 73.221140382544007, 22.291218775692403 ], [ 73.221236473232906, 22.29117432087213 ], [ 73.221284518577335, 22.291040956326466 ], [ 73.221380609266234, 22.291040956326466 ], [ 73.22152474529959, 22.290996501449623 ], [ 73.221668881332945, 22.290996501449623 ], [ 73.22176497202183, 22.290996501449623 ], [ 73.221861062710715, 22.290996501449623 ], [ 73.221957153399615, 22.290996501449623 ], [ 73.222053244088514, 22.290996501449623 ], [ 73.222149334777427, 22.290996501449623 ], [ 73.222149334777427, 22.290907591653536 ], [ 73.22219738012187, 22.290774226853351 ], [ 73.222293470810754, 22.290774226853351 ], [ 73.222293470810754, 22.290640861925905 ], [ 73.222341516155211, 22.290507496871204 ], [ 73.222341516155211, 22.290418586764048 ], [ 73.222341516155211, 22.290329676600315 ], [ 73.222341516155211, 22.290240766380037 ], [ 73.222341516155211, 22.290151856103204 ], [ 73.222341516155211, 22.290062945769805 ], [ 73.222341516155211, 22.28997403537986 ], [ 73.222341516155211, 22.289885124933353 ], [ 73.222389561499639, 22.289751759157536 ], [ 73.222389561499639, 22.289662848569638 ], [ 73.222485652188553, 22.28957393792518 ], [ 73.222485652188553, 22.289485027224163 ], [ 73.222485652188553, 22.289396116466598 ], [ 73.222485652188553, 22.289307205652467 ], [ 73.222485652188553, 22.289218294781783 ], [ 73.222485652188553, 22.28912938385454 ], [ 73.222485652188553, 22.289040472870752 ], [ 73.222485652188553, 22.288951561830402 ], [ 73.222485652188553, 22.288862650733492 ], [ 73.222485652188553, 22.288773739580041 ], [ 73.222389561499639, 22.288729283982104 ], [ 73.222341516155211, 22.288640372743814 ], [ 73.22219738012187, 22.288595917103457 ], [ 73.22210128943297, 22.288595917103457 ], [ 73.22210128943297, 22.288507005780335 ], [ 73.222005198744071, 22.288507005780335 ], [ 73.221909108055158, 22.288507005780335 ], [ 73.221813017366273, 22.288507005780335 ], [ 73.221716926677388, 22.288507005780335 ], [ 73.221620835988489, 22.288507005780335 ], [ 73.22152474529959, 22.288507005780335 ], [ 73.221380609266234, 22.288507005780335 ], [ 73.221284518577335, 22.288507005780335 ], [ 73.221188427888436, 22.288551461448968 ], [ 73.221092337199565, 22.288595917103457 ], [ 73.220996246510651, 22.288640372743814 ], [ 73.220900155821752, 22.288640372743814 ], [ 73.220804065132853, 22.288640372743814 ], [ 73.220707974443954, 22.288640372743814 ], [ 73.220563838410627, 22.288729283982104 ], [ 73.220467747721727, 22.288729283982104 ], [ 73.220371657032814, 22.288729283982104 ], [ 73.220275566343929, 22.288729283982104 ], [ 73.220179475655044, 22.288729283982104 ], [ 73.220083384966145, 22.288773739580041 ], [ 73.219987294277246, 22.288773739580041 ], [ 73.219891203588347, 22.288773739580041 ], [ 73.219795112899433, 22.288773739580041 ], [ 73.219699022210548, 22.288773739580041 ], [ 73.219602931521649, 22.288773739580041 ], [ 73.219602931521649, 22.288862650733492 ], [ 73.219506840832764, 22.288862650733492 ], [ 73.219410750143865, 22.288862650733492 ], [ 73.219314659454952, 22.288862650733492 ], [ 73.219218568766067, 22.288862650733492 ], [ 73.219122478077168, 22.288907106289013 ], [ 73.219026387388254, 22.288907106289013 ], [ 73.218930296699384, 22.288907106289013 ], [ 73.218834206010484, 22.288907106289013 ], [ 73.218738115321557, 22.288907106289013 ], [ 73.218642024632686, 22.288907106289013 ], [ 73.218545933943787, 22.288907106289013 ], [ 73.218449843254874, 22.288907106289013 ], [ 73.218353752565974, 22.288907106289013 ], [ 73.218161571188205, 22.288996017357647 ], [ 73.218065480499305, 22.288996017357647 ], [ 73.217969389810392, 22.288996017357647 ], [ 73.217873299121493, 22.288996017357647 ], [ 73.217777208432608, 22.288996017357647 ], [ 73.217633072399281, 22.288996017357647 ], [ 73.217536981710367, 22.288996017357647 ], [ 73.217440891021468, 22.288996017357647 ], [ 73.217344800332583, 22.288996017357647 ], [ 73.217248709643684, 22.288996017357647 ], [ 73.217152618954799, 22.288996017357647 ], [ 73.217056528265886, 22.288996017357647 ], [ 73.216960437576986, 22.288996017357647 ], [ 73.216864346888087, 22.288996017357647 ], [ 73.216768256199174, 22.288996017357647 ], [ 73.216672165510289, 22.288996017357647 ], [ 73.216576074821404, 22.288996017357647 ], [ 73.216479984132505, 22.288996017357647 ], [ 73.216335848099149, 22.288996017357647 ], [ 73.216191712065822, 22.288996017357647 ], [ 73.216095621376923, 22.288996017357647 ], [ 73.215999530688023, 22.288996017357647 ], [ 73.215807349310225, 22.28912938385454 ], [ 73.215711258621326, 22.28912938385454 ], [ 73.215567122587998, 22.28912938385454 ], [ 73.215471031899099, 22.28912938385454 ], [ 73.215374941210186, 22.28912938385454 ], [ 73.215278850521287, 22.28912938385454 ], [ 73.215182759832402, 22.28912938385454 ], [ 73.215086669143517, 22.28912938385454 ], [ 73.214990578454618, 22.28912938385454 ], [ 73.214894487765719, 22.28912938385454 ], [ 73.214798397076805, 22.28912938385454 ], [ 73.214702306387892, 22.28912938385454 ], [ 73.214606215699021, 22.289084928369714 ], [ 73.214558170354564, 22.288951561830402 ], [ 73.21436598897678, 22.288818195163842 ], [ 73.214173807598982, 22.288773739580041 ], [ 73.214173807598982, 22.288684828370023 ], [ 73.214173807598982, 22.288595917103457 ], [ 73.214173807598982, 22.288507005780335 ], [ 73.21412576225454, 22.288418094400654 ], [ 73.21412576225454, 22.288329182964425 ], [ 73.21412576225454, 22.28824027147164 ], [ 73.21412576225454, 22.288151359922303 ], [ 73.21412576225454, 22.28806244831641 ], [ 73.21412576225454, 22.287973536653961 ], [ 73.21412576225454, 22.287884624934964 ], [ 73.21412576225454, 22.287751257250424 ], [ 73.21412576225454, 22.28766234539005 ], [ 73.21412576225454, 22.287573433473117 ], [ 73.21412576225454, 22.287484521499628 ], [ 73.21412576225454, 22.287395609469591 ], [ 73.21412576225454, 22.287262241318501 ], [ 73.21412576225454, 22.287173329147084 ], [ 73.21412576225454, 22.287084416919122 ], [ 73.21412576225454, 22.286995504634596 ], [ 73.21412576225454, 22.286862136101782 ], [ 73.21412576225454, 22.28677322367588 ], [ 73.21412576225454, 22.286684311193437 ], [ 73.21412576225454, 22.286595398654431 ], [ 73.21412576225454, 22.286506486058887 ], [ 73.21412576225454, 22.286373117059526 ], [ 73.214077716910083, 22.286284204322605 ], [ 73.214029671565626, 22.286150835111183 ], [ 73.214029671565626, 22.286061922232886 ], [ 73.214029671565626, 22.285973009298033 ], [ 73.214029671565626, 22.285884096306638 ], [ 73.214029671565626, 22.285795183258688 ], [ 73.214029671565626, 22.285661813580745 ], [ 73.214029671565626, 22.285528443775558 ], [ 73.214029671565626, 22.285395073843148 ], [ 73.214029671565626, 22.285306160484183 ], [ 73.214029671565626, 22.285172790339715 ], [ 73.214029671565626, 22.285039420068014 ], [ 73.214029671565626, 22.284950506482858 ], [ 73.214029671565626, 22.284861592841153 ], [ 73.214029671565626, 22.284772679142907 ], [ 73.214029671565626, 22.284683765388117 ], [ 73.214029671565626, 22.284594851576781 ], [ 73.214029671565626, 22.284505937708889 ], [ 73.214029671565626, 22.28441702378446 ], [ 73.214029671565626, 22.284328109803479 ], [ 73.214029671565626, 22.284239195765959 ], [ 73.214029671565626, 22.284150281671881 ], [ 73.214029671565626, 22.284061367521272 ], [ 73.213933580876727, 22.284016910424757 ], [ 73.213885535532299, 22.283927996189327 ], [ 73.213837490187856, 22.283839081897341 ], [ 73.2137894448434, 22.283750167548821 ], [ 73.213693354154501, 22.283750167548821 ], [ 73.213597263465601, 22.28370571035336 ], [ 73.213501172776702, 22.28370571035336 ], [ 73.213405082087817, 22.28370571035336 ], [ 73.213260946054461, 22.28370571035336 ], [ 73.213164855365548, 22.28370571035336 ], [ 73.213068764676677, 22.28370571035336 ], [ 73.212972673987764, 22.28370571035336 ], [ 73.212876583298865, 22.28370571035336 ], [ 73.21278049260998, 22.28370571035336 ], [ 73.212684401921081, 22.28370571035336 ], [ 73.212588311232196, 22.28370571035336 ], [ 73.212492220543282, 22.28370571035336 ], [ 73.212348084509927, 22.283794624730152 ], [ 73.212251993821056, 22.283839081897341 ], [ 73.212107857787714, 22.28397245331411 ], [ 73.211963721754358, 22.28410582460365 ], [ 73.211867631065459, 22.28410582460365 ], [ 73.211771540376546, 22.284239195765959 ], [ 73.211627404343218, 22.284328109803479 ], [ 73.211531313654334, 22.284328109803479 ], [ 73.211387177620978, 22.284461480753745 ], [ 73.211291086932064, 22.284461480753745 ], [ 73.211194996243165, 22.284461480753745 ], [ 73.211098905554294, 22.284461480753745 ], [ 73.211002814865395, 22.284505937708889 ], [ 73.210906724176496, 22.284550394649898 ], [ 73.210810633487597, 22.284550394649898 ], [ 73.210666497454255, 22.284594851576781 ], [ 73.21057040676537, 22.284594851576781 ], [ 73.210426270732015, 22.28472822227258 ], [ 73.210330180043115, 22.28472822227258 ], [ 73.210234089354202, 22.28472822227258 ], [ 73.210089953320875, 22.28472822227258 ], [ 73.209945817287533, 22.28472822227258 ], [ 73.209705590565278, 22.284861592841153 ], [ 73.209609499876379, 22.284861592841153 ], [ 73.209465363843051, 22.284994963282507 ], [ 73.209273182465253, 22.285039420068014 ], [ 73.20917709177634, 22.285039420068014 ], [ 73.209081001087455, 22.285039420068014 ], [ 73.208888819709671, 22.285172790339715 ], [ 73.208792729020772, 22.285172790339715 ], [ 73.208792729020772, 22.285261703783501 ], [ 73.208696638331872, 22.285261703783501 ], [ 73.208600547642945, 22.285306160484183 ], [ 73.208552502298531, 22.285395073843148 ], [ 73.208456411609617, 22.285395073843148 ], [ 73.208408366265189, 22.285483987145557 ], [ 73.208408366265189, 22.285572900391433 ], [ 73.208408366265189, 22.285661813580745 ], [ 73.208408366265189, 22.285750726713516 ], [ 73.208408366265189, 22.285839639789742 ], [ 73.208504456954074, 22.285884096306638 ], [ 73.208600547642945, 22.286017465772531 ], [ 73.208696638331872, 22.286017465772531 ], [ 73.208792729020772, 22.286150835111183 ], [ 73.208840774365214, 22.286239747932928 ], [ 73.208936865054099, 22.286284204322605 ], [ 73.208936865054099, 22.286373117059526 ], [ 73.208936865054099, 22.286462029739905 ], [ 73.20898491039857, 22.286595398654431 ], [ 73.209081001087455, 22.286639854931 ], [ 73.209081001087455, 22.286728767441726 ], [ 73.209081001087455, 22.286862136101782 ], [ 73.209129046431897, 22.286995504634596 ], [ 73.209129046431897, 22.287084416919122 ], [ 73.209129046431897, 22.287173329147084 ], [ 73.209129046431897, 22.287262241318501 ], [ 73.20917709177634, 22.287351153433374 ], [ 73.20917709177634, 22.28744006549168 ], [ 73.209225137120796, 22.287573433473117 ], [ 73.209321227809696, 22.287617889438653 ], [ 73.209321227809696, 22.287706801327307 ], [ 73.209369273154152, 22.287795713159408 ], [ 73.209369273154152, 22.287884624934964 ], [ 73.209417318498609, 22.287973536653961 ], [ 73.209417318498609, 22.28806244831641 ], [ 73.209465363843051, 22.288151359922303 ], [ 73.20951340918748, 22.28824027147164 ], [ 73.209561454531951, 22.288329182964425 ], [ 73.209609499876379, 22.288418094400654 ], [ 73.209657545220821, 22.288507005780335 ], [ 73.209753635909735, 22.288640372743814 ], [ 73.209801681254177, 22.288729283982104 ], [ 73.209897771943091, 22.288862650733492 ], [ 73.209945817287533, 22.288996017357647 ], [ 73.210041907976432, 22.28912938385454 ], [ 73.210089953320875, 22.289262750224196 ], [ 73.210137998665317, 22.289351661066597 ], [ 73.210234089354202, 22.289351661066597 ], [ 73.210330180043115, 22.289396116466598 ], [ 73.210426270732015, 22.289396116466598 ], [ 73.21057040676537, 22.289396116466598 ], [ 73.210666497454255, 22.289440571852449 ], [ 73.21076258814314, 22.289440571852449 ], [ 73.210858678832039, 22.289529482581742 ], [ 73.210954769520953, 22.289529482581742 ], [ 73.211050860209852, 22.289529482581742 ], [ 73.211146950898737, 22.289529482581742 ], [ 73.211243041587636, 22.289529482581742 ], [ 73.211339132276521, 22.28957393792518 ], [ 73.21143522296542, 22.28957393792518 ], [ 73.211531313654334, 22.28957393792518 ], [ 73.211627404343218, 22.28957393792518 ], [ 73.211723495032118, 22.28957393792518 ], [ 73.211819585721003, 22.28957393792518 ], [ 73.211915676409902, 22.28957393792518 ], [ 73.212011767098815, 22.28957393792518 ], [ 73.212107857787714, 22.28957393792518 ], [ 73.212203948476599, 22.289618393254475 ], [ 73.212300039165498, 22.289618393254475 ], [ 73.212396129854383, 22.289618393254475 ], [ 73.212492220543282, 22.28970730387066 ], [ 73.212588311232196, 22.28970730387066 ], [ 73.212684401921081, 22.28970730387066 ], [ 73.21278049260998, 22.28970730387066 ], [ 73.212828537954437, 22.289796214430279 ], [ 73.212924628643322, 22.289796214430279 ], [ 73.212972673987764, 22.289885124933353 ], [ 73.213068764676677, 22.289885124933353 ], [ 73.21311681002112, 22.2900184905819 ], [ 73.213164855365548, 22.290151856103204 ], [ 73.213260946054461, 22.290151856103204 ], [ 73.213357036743361, 22.290151856103204 ], [ 73.213501172776702, 22.290196311248692 ], [ 73.213501172776702, 22.290285221497246 ], [ 73.213501172776702, 22.290374131689255 ], [ 73.213453127432246, 22.290463041824697 ], [ 73.213357036743361, 22.290463041824697 ], [ 73.213260946054461, 22.290507496871204 ], [ 73.213164855365548, 22.290507496871204 ], [ 73.213068764676677, 22.290551951903584 ], [ 73.212972673987764, 22.290551951903584 ], [ 73.212972673987764, 22.290640861925905 ], [ 73.212876583298865, 22.290640861925905 ], [ 73.21278049260998, 22.290685316915862 ], [ 73.212732447265537, 22.290774226853351 ], [ 73.212684401921081, 22.290863136734281 ], [ 73.212588311232196, 22.290863136734281 ], [ 73.212492220543282, 22.290863136734281 ], [ 73.21244417519884, 22.290952046558655 ], [ 73.212348084509927, 22.290996501449623 ], [ 73.212251993821056, 22.291040956326466 ], [ 73.212107857787714, 22.291218775692403 ], [ 73.212011767098815, 22.29126323049854 ], [ 73.211963721754358, 22.291352140068401 ], [ 73.211867631065459, 22.291352140068401 ], [ 73.211819585721003, 22.291441049581689 ], [ 73.211723495032118, 22.291574413745586 ], [ 73.211627404343218, 22.291574413745586 ], [ 73.211579358998776, 22.291663323117476 ], [ 73.21143522296542, 22.291796687069269 ], [ 73.211387177620978, 22.291885596299753 ], [ 73.211339132276521, 22.291974505473693 ], [ 73.211291086932064, 22.292063414591055 ], [ 73.211243041587636, 22.29219677816106 ], [ 73.211243041587636, 22.292285687137024 ], [ 73.211194996243165, 22.29237459605643 ], [ 73.211194996243165, 22.292463504919269 ], [ 73.211194996243165, 22.292552413725545 ], [ 73.211146950898737, 22.292641322475269 ], [ 73.211146950898737, 22.292774685493789 ], [ 73.211002814865395, 22.292908048385041 ], [ 73.211002814865395, 22.29299695690851 ], [ 73.211002814865395, 22.293085865375406 ], [ 73.210858678832039, 22.293263682139528 ], [ 73.210666497454255, 22.293397044564138 ], [ 73.210618452109799, 22.293530406861475 ], [ 73.21057040676537, 22.293619314988995 ], [ 73.210474316076471, 22.293708223059944 ], [ 73.210330180043115, 22.293841585060324 ], [ 73.210234089354202, 22.293841585060324 ], [ 73.210137998665317, 22.293841585060324 ], [ 73.210041907976432, 22.293841585060324 ], [ 73.209945817287533, 22.293841585060324 ], [ 73.209801681254177, 22.293841585060324 ], [ 73.209705590565278, 22.293841585060324 ], [ 73.209609499876379, 22.293841585060324 ], [ 73.209465363843051, 22.293841585060324 ], [ 73.209369273154152, 22.293841585060324 ], [ 73.209273182465253, 22.293886039032163 ], [ 73.209129046431897, 22.293886039032163 ], [ 73.208936865054099, 22.293974946933421 ], [ 73.208840774365214, 22.293974946933421 ], [ 73.208696638331872, 22.293974946933421 ], [ 73.208600547642945, 22.293974946933421 ], [ 73.208504456954074, 22.293974946933421 ], [ 73.208360320920733, 22.293974946933421 ], [ 73.208264230231833, 22.293974946933421 ], [ 73.208120094198478, 22.293974946933421 ], [ 73.208024003509593, 22.293974946933421 ], [ 73.207927912820693, 22.293974946933421 ], [ 73.207831822131809, 22.293974946933421 ], [ 73.207687686098453, 22.293974946933421 ], [ 73.207543550065111, 22.293974946933421 ], [ 73.207447459376212, 22.293974946933421 ], [ 73.207351368687299, 22.29406385477813 ], [ 73.207255277998399, 22.294152762566252 ], [ 73.207255277998399, 22.294241670297815 ], [ 73.207159187309529, 22.294241670297815 ], [ 73.207159187309529, 22.294330577972818 ], [ 73.207111141965072, 22.294463939379249 ], [ 73.207015051276187, 22.294463939379249 ], [ 73.20696700593173, 22.29459730065842 ], [ 73.206870915242831, 22.29459730065842 ], [ 73.206774824553918, 22.294641754389861 ], [ 73.206774824553918, 22.294730661810302 ], [ 73.20672677920949, 22.294819569174194 ], [ 73.206582643176134, 22.294952930113961 ], [ 73.206486552487249, 22.294952930113961 ], [ 73.206438507142792, 22.295086290926442 ], [ 73.206294371109436, 22.29521965161166 ], [ 73.206246325765008, 22.295308558664424 ], [ 73.206246325765008, 22.295397465660614 ], [ 73.206198280420537, 22.295486372600251 ], [ 73.206198280420537, 22.295575279483312 ], [ 73.206198280420537, 22.295664186309804 ], [ 73.206198280420537, 22.295753093079725 ], [ 73.206150235076109, 22.295886453128546 ], [ 73.206150235076109, 22.295975359757048 ], [ 73.206150235076109, 22.29606426632898 ], [ 73.206150235076109, 22.296153172844345 ], [ 73.206150235076109, 22.296242079303134 ], [ 73.206150235076109, 22.29633098570536 ], [ 73.206150235076109, 22.296419892051013 ], [ 73.206150235076109, 22.296553251463418 ], [ 73.206150235076109, 22.296686610748552 ], [ 73.206150235076109, 22.296775516867932 ], [ 73.206198280420537, 22.296864422930732 ], [ 73.206294371109436, 22.296864422930732 ], [ 73.206342416453893, 22.296997781918861 ], [ 73.206438507142792, 22.296997781918861 ], [ 73.206486552487249, 22.297131140779708 ], [ 73.206582643176134, 22.297264499513272 ], [ 73.206678733865019, 22.297308952396168 ], [ 73.206678733865019, 22.297442310960012 ], [ 73.206678733865019, 22.297531216598532 ], [ 73.206678733865019, 22.297664574950225 ], [ 73.206678733865019, 22.297753480447316 ], [ 73.206678733865019, 22.297886838586869 ], [ 73.206678733865019, 22.297975743942516 ], [ 73.206678733865019, 22.298064649241599 ], [ 73.206678733865019, 22.298153554484109 ], [ 73.206678733865019, 22.298242459670035 ], [ 73.206678733865019, 22.298420269872175 ], [ 73.206678733865019, 22.298509174888384 ], [ 73.206678733865019, 22.298642532306626 ], [ 73.206678733865019, 22.298775889597568 ], [ 73.206678733865019, 22.298864794387484 ], [ 73.206678733865019, 22.298998151466272 ], [ 73.206678733865019, 22.299131508417773 ], [ 73.206678733865019, 22.299353769720717 ], [ 73.206678733865019, 22.299487126332757 ], [ 73.206678733865019, 22.299620482817506 ], [ 73.206678733865019, 22.299753839174947 ], [ 73.206678733865019, 22.299887195405102 ], [ 73.206678733865019, 22.299976099487818 ], [ 73.20663068852059, 22.300109455505797 ], [ 73.20663068852059, 22.300198359447062 ], [ 73.206534597831677, 22.300287263331764 ], [ 73.20639046179835, 22.300420619052709 ], [ 73.206294371109436, 22.300420619052709 ], [ 73.206198280420537, 22.300420619052709 ], [ 73.206102189731652, 22.300420619052709 ], [ 73.206006099042767, 22.300420619052709 ], [ 73.205861963009411, 22.300420619052709 ], [ 73.205765872320512, 22.300420619052709 ], [ 73.205669781631613, 22.300420619052709 ], [ 73.205573690942728, 22.300420619052709 ], [ 73.20538150956493, 22.300331715252888 ], [ 73.205285418876031, 22.300331715252888 ], [ 73.205189328187132, 22.300287263331764 ], [ 73.205093237498218, 22.300287263331764 ], [ 73.205093237498218, 22.300198359447062 ], [ 73.204949101464905, 22.300198359447062 ], [ 73.204853010776006, 22.300153907483505 ], [ 73.204756920087107, 22.300153907483505 ], [ 73.204660829398193, 22.300153907483505 ], [ 73.204516693364866, 22.300109455505797 ], [ 73.204372557331524, 22.300109455505797 ], [ 73.204276466642625, 22.300109455505797 ], [ 73.204180375953712, 22.300109455505797 ], [ 73.204084285264813, 22.300109455505797 ], [ 73.203988194575928, 22.300109455505797 ], [ 73.203892103887043, 22.300109455505797 ], [ 73.203796013198144, 22.300109455505797 ], [ 73.203699922509244, 22.300109455505797 ], [ 73.203603831820331, 22.300109455505797 ], [ 73.203507741131446, 22.300109455505797 ], [ 73.203411650442533, 22.300109455505797 ], [ 73.203267514409205, 22.300109455505797 ], [ 73.203219469064763, 22.300020551507952 ], [ 73.203123378375849, 22.300020551507952 ], [ 73.202979242342508, 22.300020551507952 ], [ 73.202883151653609, 22.300020551507952 ], [ 73.202739015620281, 22.300020551507952 ], [ 73.202642924931368, 22.300020551507952 ], [ 73.202546834242469, 22.300020551507952 ], [ 73.202402698209127, 22.300020551507952 ], [ 73.202306607520242, 22.300020551507952 ], [ 73.202162471486886, 22.300020551507952 ], [ 73.202018335453545, 22.300020551507952 ], [ 73.201922244764646, 22.300020551507952 ], [ 73.201826154075746, 22.300020551507952 ], [ 73.201730063386862, 22.300020551507952 ], [ 73.201633972697962, 22.300020551507952 ], [ 73.201537882009063, 22.300020551507952 ], [ 73.201345700631265, 22.300020551507952 ], [ 73.201249609942366, 22.300020551507952 ], [ 73.201105473909024, 22.300020551507952 ], [ 73.200961337875682, 22.300020551507952 ], [ 73.200817201842341, 22.300020551507952 ], [ 73.200673065808985, 22.300020551507952 ], [ 73.200576975120072, 22.300020551507952 ], [ 73.200432839086758, 22.300109455505797 ], [ 73.200288703053403, 22.300153907483505 ], [ 73.200192612364503, 22.300198359447062 ], [ 73.200048476331162, 22.300331715252888 ], [ 73.199952385642263, 22.300420619052709 ], [ 73.199808249608921, 22.300553974646366 ], [ 73.199712158920022, 22.300642878304739 ], [ 73.199519977542209, 22.300776233686232 ], [ 73.199375841508896, 22.300820685451761 ], [ 73.199279750819997, 22.300820685451761 ], [ 73.199183660131084, 22.300820685451761 ], [ 73.199087569442185, 22.300820685451761 ], [ 73.198943433408843, 22.300820685451761 ], [ 73.198847342719958, 22.300820685451761 ], [ 73.198751252031059, 22.300820685451761 ], [ 73.19865516134216, 22.300820685451761 ], [ 73.198559070653246, 22.300820685451761 ], [ 73.198462979964347, 22.300820685451761 ], [ 73.198366889275476, 22.300820685451761 ], [ 73.198222753242135, 22.300820685451761 ], [ 73.198126662553221, 22.300820685451761 ], [ 73.198030571864322, 22.300820685451761 ], [ 73.197934481175423, 22.300820685451761 ], [ 73.197838390486524, 22.300820685451761 ], [ 73.197694254453197, 22.300820685451761 ], [ 73.197598163764297, 22.300820685451761 ], [ 73.197502073075384, 22.300820685451761 ], [ 73.197405982386499, 22.300820685451761 ], [ 73.197309891697614, 22.300820685451761 ], [ 73.197213801008715, 22.300820685451761 ], [ 73.197117710319816, 22.300820685451761 ], [ 73.197021619630917, 22.300820685451761 ], [ 73.196925528941989, 22.300820685451761 ], [ 73.196829438253118, 22.300820685451761 ], [ 73.196733347564219, 22.300820685451761 ], [ 73.196589211530878, 22.300820685451761 ], [ 73.196589211530878, 22.300909588940407 ], [ 73.196493120841978, 22.300909588940407 ], [ 73.196348984808637, 22.300909588940407 ], [ 73.196156803430824, 22.301042944067287 ], [ 73.196060712741954, 22.301042944067287 ], [ 73.195964622053054, 22.301042944067287 ], [ 73.195868531364155, 22.301042944067287 ], [ 73.195772440675256, 22.301042944067287 ], [ 73.195676349986357, 22.301042944067287 ], [ 73.195580259297444, 22.301042944067287 ], [ 73.195484168608559, 22.301042944067287 ], [ 73.195340032575231, 22.301042944067287 ], [ 73.195243941886318, 22.301042944067287 ], [ 73.195147851197419, 22.301042944067287 ] ] ] } },
{ "type": "Feature", "properties": { "fid": 4, "ward_id": 15 }, "geometry": { "type": "Polygon", "coordinates": [ [ [ 73.222629788221909, 22.288551461448968 ], [ 73.22277392425525, 22.288551461448968 ], [ 73.222870014944121, 22.288551461448968 ], [ 73.22296610563302, 22.288551461448968 ], [ 73.223062196321933, 22.288551461448968 ], [ 73.223206332355289, 22.288507005780335 ], [ 73.22330242304416, 22.288507005780335 ], [ 73.22330242304416, 22.288418094400654 ], [ 73.223398513733073, 22.288418094400654 ], [ 73.223446559077502, 22.288329182964425 ], [ 73.223590695110857, 22.288284727225097 ], [ 73.223686785799771, 22.28824027147164 ], [ 73.22378287648867, 22.28824027147164 ], [ 73.223878967177555, 22.28824027147164 ], [ 73.223975057866454, 22.28824027147164 ], [ 73.224071148555339, 22.28824027147164 ], [ 73.224215284588695, 22.28824027147164 ], [ 73.224359420622037, 22.28824027147164 ], [ 73.224503556655392, 22.288151359922303 ], [ 73.224599647344291, 22.288151359922303 ], [ 73.224695738033176, 22.288151359922303 ], [ 73.224791828722076, 22.288151359922303 ], [ 73.224887919410975, 22.288151359922303 ], [ 73.224984010099874, 22.288151359922303 ], [ 73.225128146133201, 22.288151359922303 ], [ 73.225272282166557, 22.288151359922303 ], [ 73.225368372855442, 22.288151359922303 ], [ 73.225512508888798, 22.288151359922303 ], [ 73.225608599577683, 22.28810690412643 ], [ 73.225752735611039, 22.28810690412643 ], [ 73.225848826299938, 22.28810690412643 ], [ 73.225944916988837, 22.28810690412643 ], [ 73.226041007677736, 22.28810690412643 ], [ 73.226089053022193, 22.28801799249225 ], [ 73.226185143711092, 22.28801799249225 ], [ 73.226281234399963, 22.28801799249225 ], [ 73.226377325088848, 22.28801799249225 ], [ 73.226473415777761, 22.287973536653961 ], [ 73.226617551811117, 22.287973536653961 ], [ 73.226617551811117, 22.287884624934964 ], [ 73.226761687844473, 22.287884624934964 ], [ 73.226905823877786, 22.287884624934964 ], [ 73.227049959911142, 22.28784016905426 ], [ 73.227194095944498, 22.28784016905426 ], [ 73.227290186633397, 22.28784016905426 ], [ 73.227386277322282, 22.28784016905426 ], [ 73.227386277322282, 22.287751257250424 ], [ 73.227530413355623, 22.287751257250424 ], [ 73.227626504044537, 22.287751257250424 ], [ 73.227722594733436, 22.287751257250424 ], [ 73.227866730766777, 22.287751257250424 ], [ 73.228010866800105, 22.287751257250424 ], [ 73.228155002833461, 22.287751257250424 ], [ 73.228299138866817, 22.287751257250424 ], [ 73.228395229555701, 22.287751257250424 ], [ 73.228491320244586, 22.287751257250424 ], [ 73.228587410933486, 22.287751257250424 ], [ 73.228731546966841, 22.287751257250424 ], [ 73.228827637655755, 22.287751257250424 ], [ 73.22892372834464, 22.287751257250424 ], [ 73.229019819033539, 22.287751257250424 ], [ 73.229115909722424, 22.287751257250424 ], [ 73.229212000411323, 22.287751257250424 ], [ 73.229308091100222, 22.287751257250424 ], [ 73.229452227133564, 22.287751257250424 ], [ 73.229548317822449, 22.287751257250424 ], [ 73.229644408511348, 22.287751257250424 ], [ 73.229740499200261, 22.287751257250424 ], [ 73.229884635233603, 22.287751257250424 ], [ 73.229980725922502, 22.287751257250424 ], [ 73.230124861955829, 22.287751257250424 ], [ 73.230268997989185, 22.287751257250424 ], [ 73.230413134022541, 22.287751257250424 ], [ 73.23050922471144, 22.287751257250424 ], [ 73.230653360744782, 22.287751257250424 ], [ 73.230749451433667, 22.287751257250424 ], [ 73.230845542122566, 22.287751257250424 ], [ 73.230941632811465, 22.287751257250424 ], [ 73.231037723500364, 22.287751257250424 ], [ 73.231133814189263, 22.287751257250424 ], [ 73.231229904878163, 22.287751257250424 ], [ 73.231325995567047, 22.287751257250424 ], [ 73.231422086255947, 22.287706801327307 ], [ 73.231566222289302, 22.287706801327307 ], [ 73.231662312978202, 22.287706801327307 ], [ 73.231758403667101, 22.287706801327307 ], [ 73.231854494356, 22.287706801327307 ], [ 73.231950585044885, 22.287706801327307 ], [ 73.23204667573377, 22.287706801327307 ], [ 73.232142766422683, 22.287706801327307 ], [ 73.232238857111582, 22.287706801327307 ], [ 73.232334947800481, 22.287706801327307 ], [ 73.232431038489366, 22.287706801327307 ], [ 73.232527129178251, 22.287706801327307 ], [ 73.232623219867165, 22.287706801327307 ], [ 73.232719310556064, 22.287706801327307 ], [ 73.232815401244963, 22.287706801327307 ], [ 73.232911491933862, 22.287706801327307 ], [ 73.233007582622733, 22.287706801327307 ], [ 73.233103673311632, 22.287706801327307 ], [ 73.233199764000545, 22.287706801327307 ], [ 73.233295854689445, 22.287706801327307 ], [ 73.233391945378344, 22.287706801327307 ], [ 73.233488036067229, 22.287706801327307 ], [ 73.233584126756114, 22.287706801327307 ], [ 73.233680217445027, 22.287706801327307 ], [ 73.233776308133926, 22.287751257250424 ], [ 73.233776308133926, 22.28784016905426 ], [ 73.233872398822825, 22.287884624934964 ], [ 73.233872398822825, 22.287973536653961 ], [ 73.233920444167282, 22.28806244831641 ], [ 73.234016534856167, 22.288195815704039 ], [ 73.234112625545066, 22.28824027147164 ], [ 73.234160670889494, 22.288329182964425 ], [ 73.234208716233951, 22.28846255009756 ], [ 73.234256761578408, 22.288551461448968 ], [ 73.234352852267307, 22.288551461448968 ], [ 73.234400897611764, 22.288640372743814 ], [ 73.234448942956206, 22.288729283982104 ], [ 73.234545033645077, 22.288773739580041 ], [ 73.234545033645077, 22.288862650733492 ], [ 73.234593078989548, 22.288951561830402 ], [ 73.234689169678433, 22.288996017357647 ], [ 73.234689169678433, 22.289084928369714 ], [ 73.234785260367332, 22.289084928369714 ], [ 73.234785260367332, 22.28917383932523 ], [ 73.234881351056245, 22.289351661066597 ], [ 73.234977441745116, 22.289351661066597 ], [ 73.234977441745116, 22.289440571852449 ], [ 73.235073532434029, 22.289485027224163 ], [ 73.235073532434029, 22.28957393792518 ], [ 73.235169623122928, 22.28957393792518 ], [ 73.235217668467357, 22.289751759157536 ], [ 73.23531375915627, 22.289751759157536 ], [ 73.235361804500712, 22.28997403537986 ], [ 73.235457895189626, 22.28997403537986 ], [ 73.235457895189626, 22.290107400943572 ], [ 73.235553985878511, 22.290151856103204 ], [ 73.235553985878511, 22.290240766380037 ], [ 73.235553985878511, 22.290329676600315 ], [ 73.235602031222967, 22.290418586764048 ], [ 73.23565007656741, 22.290507496871204 ], [ 73.235698121911867, 22.290596406921811 ], [ 73.235794212600752, 22.290640861925905 ], [ 73.235794212600752, 22.290729771891673 ], [ 73.235842257945194, 22.290818681800886 ], [ 73.235890303289651, 22.290952046558655 ], [ 73.235938348634107, 22.291085411189162 ], [ 73.23598639397855, 22.29117432087213 ], [ 73.236034439322992, 22.29126323049854 ], [ 73.236082484667449, 22.291352140068401 ], [ 73.236130530011891, 22.291485504317126 ], [ 73.236226620700791, 22.291529959038428 ], [ 73.236226620700791, 22.291618868438601 ], [ 73.236274666045247, 22.291707777782214 ], [ 73.236322711389676, 22.291796687069269 ], [ 73.236322711389676, 22.291885596299753 ], [ 73.236370756734132, 22.292018960039442 ], [ 73.236466847423031, 22.292018960039442 ], [ 73.236466847423031, 22.292152323651859 ], [ 73.23651489276746, 22.29224123265611 ], [ 73.236610983456373, 22.29224123265611 ], [ 73.236610983456373, 22.292330141603792 ], [ 73.23665902880083, 22.292419050494914 ], [ 73.236707074145272, 22.292552413725545 ], [ 73.236803164834157, 22.292552413725545 ], [ 73.236803164834157, 22.292641322475269 ], [ 73.236899255523056, 22.292685776828915 ], [ 73.23699534621197, 22.292819139805012 ], [ 73.237091436900855, 22.292819139805012 ], [ 73.23723557293421, 22.292863594102101 ], [ 73.23733166362311, 22.292863594102101 ], [ 73.237427754311994, 22.292863594102101 ], [ 73.237523845000894, 22.292863594102101 ], [ 73.237619935689793, 22.292863594102101 ], [ 73.237716026378692, 22.292863594102101 ], [ 73.237812117067591, 22.292863594102101 ], [ 73.23790820775649, 22.292863594102101 ], [ 73.238004298445389, 22.292863594102101 ], [ 73.23810038913426, 22.292908048385041 ], [ 73.238196479823173, 22.292908048385041 ], [ 73.238292570512073, 22.292908048385041 ], [ 73.238436706545428, 22.292908048385041 ], [ 73.238532797234313, 22.292908048385041 ], [ 73.238628887923198, 22.292908048385041 ], [ 73.238724978612098, 22.292908048385041 ], [ 73.238869114645453, 22.292908048385041 ], [ 73.238965205334353, 22.292863594102101 ], [ 73.239061296023237, 22.292863594102101 ], [ 73.239157386712122, 22.292863594102101 ], [ 73.239253477401036, 22.292863594102101 ], [ 73.239349568089935, 22.292863594102101 ], [ 73.239445658778848, 22.292819139805012 ], [ 73.239541749467733, 22.292819139805012 ], [ 73.239685885501061, 22.292819139805012 ], [ 73.23978197618996, 22.292819139805012 ], [ 73.239878066878873, 22.292774685493789 ], [ 73.239974157567772, 22.292774685493789 ], [ 73.240070248256657, 22.292774685493789 ], [ 73.240166338945556, 22.292774685493789 ], [ 73.240262429634441, 22.292774685493789 ], [ 73.240358520323355, 22.292774685493789 ], [ 73.240502656356711, 22.292774685493789 ], [ 73.240598747045595, 22.292774685493789 ], [ 73.240694837734495, 22.292774685493789 ], [ 73.240838973767822, 22.292730231168427 ], [ 73.240935064456735, 22.292730231168427 ], [ 73.241031155145635, 22.292730231168427 ], [ 73.241127245834519, 22.292730231168427 ], [ 73.241223336523404, 22.292730231168427 ], [ 73.24136747255676, 22.292730231168427 ], [ 73.241511608590116, 22.292730231168427 ], [ 73.241607699279001, 22.292730231168427 ], [ 73.241703789967914, 22.292730231168427 ], [ 73.241847926001256, 22.292730231168427 ], [ 73.241944016690141, 22.292730231168427 ], [ 73.242040107379054, 22.292730231168427 ], [ 73.242184243412382, 22.292730231168427 ], [ 73.242280334101295, 22.292730231168427 ], [ 73.242376424790194, 22.292730231168427 ], [ 73.242520560823522, 22.292730231168427 ], [ 73.242664696856863, 22.292730231168427 ], [ 73.242760787545777, 22.292730231168427 ], [ 73.242856878234676, 22.292730231168427 ], [ 73.243001014268003, 22.292774685493789 ], [ 73.243097104956902, 22.292774685493789 ], [ 73.243241240990244, 22.292774685493789 ], [ 73.243337331679157, 22.292819139805012 ], [ 73.243433422368057, 22.292819139805012 ], [ 73.243529513056956, 22.292819139805012 ], [ 73.243625603745841, 22.292819139805012 ], [ 73.243721694434726, 22.292863594102101 ], [ 73.243817785123639, 22.292863594102101 ], [ 73.243913875812538, 22.292863594102101 ], [ 73.244009966501437, 22.292863594102101 ], [ 73.244106057190322, 22.292863594102101 ], [ 73.244202147879207, 22.292863594102101 ], [ 73.244298238568106, 22.292863594102101 ], [ 73.24439432925702, 22.292863594102101 ], [ 73.244490419945919, 22.292819139805012 ], [ 73.244682601323689, 22.292730231168427 ], [ 73.244826737357045, 22.292552413725545 ], [ 73.244922828045944, 22.292552413725545 ], [ 73.245018918734857, 22.292552413725545 ], [ 73.245115009423728, 22.292552413725545 ], [ 73.245259145457069, 22.292552413725545 ], [ 73.245355236145983, 22.292552413725545 ], [ 73.245451326834882, 22.292552413725545 ], [ 73.245547417523781, 22.292552413725545 ], [ 73.245643508212666, 22.292552413725545 ], [ 73.245739598901551, 22.292552413725545 ], [ 73.24583568959045, 22.292552413725545 ], [ 73.245979825623806, 22.292552413725545 ], [ 73.246123961657162, 22.292552413725545 ], [ 73.246268097690503, 22.292552413725545 ], [ 73.246364188379388, 22.292552413725545 ], [ 73.246508324412744, 22.292552413725545 ], [ 73.246604415101643, 22.292552413725545 ], [ 73.246604415101643, 22.292641322475269 ], [ 73.246700505790542, 22.292641322475269 ], [ 73.246796596479442, 22.292641322475269 ], [ 73.246892687168312, 22.292641322475269 ], [ 73.246940732512769, 22.292774685493789 ], [ 73.247036823201668, 22.292774685493789 ], [ 73.24718095923501, 22.292774685493789 ], [ 73.247325095268366, 22.292908048385041 ], [ 73.247421185957251, 22.292908048385041 ], [ 73.24751727664615, 22.292908048385041 ], [ 73.247613367335063, 22.292908048385041 ], [ 73.247709458023948, 22.292908048385041 ], [ 73.247805548712847, 22.292908048385041 ], [ 73.247901639401746, 22.292908048385041 ], [ 73.248045775435102, 22.292908048385041 ], [ 73.248141866123987, 22.292908048385041 ], [ 73.248237956812872, 22.292908048385041 ], [ 73.248334047501785, 22.292908048385041 ], [ 73.248430138190685, 22.292863594102101 ], [ 73.248574274224012, 22.292819139805012 ], [ 73.248670364912925, 22.292774685493789 ], [ 73.248670364912925, 22.292685776828915 ], [ 73.24876645560181, 22.292641322475269 ], [ 73.24876645560181, 22.292552413725545 ], [ 73.248862546290709, 22.292552413725545 ], [ 73.249006682324065, 22.292463504919269 ], [ 73.249102773012964, 22.292419050494914 ], [ 73.249150818357393, 22.292330141603792 ], [ 73.249246909046292, 22.292330141603792 ], [ 73.249342999735191, 22.292285687137024 ], [ 73.249439090424104, 22.29224123265611 ], [ 73.249535181113004, 22.29224123265611 ], [ 73.249631271801903, 22.29224123265611 ], [ 73.249775407835216, 22.29224123265611 ], [ 73.249919543868572, 22.29224123265611 ], [ 73.250015634557485, 22.29224123265611 ], [ 73.250111725246384, 22.29224123265611 ], [ 73.250207815935269, 22.29224123265611 ], [ 73.250303906624154, 22.29224123265611 ], [ 73.250399997313053, 22.29224123265611 ], [ 73.250496088001967, 22.29224123265611 ], [ 73.250592178690866, 22.29224123265611 ], [ 73.250736314724193, 22.29224123265611 ], [ 73.250832405413078, 22.29224123265611 ], [ 73.250928496101992, 22.29224123265611 ], [ 73.251024586790891, 22.29224123265611 ], [ 73.25112067747979, 22.29224123265611 ], [ 73.251216768168689, 22.29224123265611 ], [ 73.25131285885756, 22.29224123265611 ], [ 73.251408949546473, 22.29224123265611 ], [ 73.251505040235372, 22.29224123265611 ], [ 73.251601130924271, 22.29224123265611 ], [ 73.251697221613171, 22.29224123265611 ], [ 73.25179331230207, 22.29224123265611 ], [ 73.251889402990969, 22.29224123265611 ], [ 73.251985493679854, 22.29224123265611 ], [ 73.25212962971321, 22.29224123265611 ], [ 73.252225720402109, 22.29224123265611 ], [ 73.25236985643545, 22.29224123265611 ], [ 73.25246594712435, 22.29224123265611 ], [ 73.252562037813234, 22.29224123265611 ], [ 73.25270617384659, 22.292285687137024 ], [ 73.252802264535475, 22.292285687137024 ], [ 73.252850309879932, 22.29237459605643 ], [ 73.252850309879932, 22.292463504919269 ], [ 73.252850309879932, 22.292596868107474 ], [ 73.252898355224374, 22.292730231168427 ], [ 73.252898355224374, 22.292819139805012 ], [ 73.252946400568831, 22.292908048385041 ], [ 73.25304249125773, 22.292908048385041 ], [ 73.25304249125773, 22.29299695690851 ], [ 73.253090536602159, 22.293130319587657 ], [ 73.253138581946615, 22.293219227969715 ], [ 73.253186627291072, 22.293308136295199 ], [ 73.253186627291072, 22.293397044564138 ], [ 73.253234672635514, 22.293485952776503 ], [ 73.253234672635514, 22.293619314988995 ], [ 73.253330763324414, 22.29375267707421 ], [ 73.253330763324414, 22.293841585060324 ], [ 73.25337880866887, 22.293974946933421 ], [ 73.25337880866887, 22.29406385477813 ], [ 73.25337880866887, 22.294152762566252 ], [ 73.25337880866887, 22.294241670297815 ], [ 73.253474899357769, 22.294375031789109 ], [ 73.253474899357769, 22.294463939379249 ], [ 73.253474899357769, 22.29459730065842 ], [ 73.253522944702212, 22.294730661810302 ], [ 73.253522944702212, 22.294819569174194 ], [ 73.253619035391097, 22.294952930113961 ], [ 73.253619035391097, 22.295086290926442 ], [ 73.253667080735553, 22.29521965161166 ], [ 73.253715126079996, 22.295353012169588 ], [ 73.253811216768895, 22.295353012169588 ], [ 73.253907307457794, 22.295353012169588 ], [ 73.253955352802251, 22.29544191913751 ], [ 73.254003398146693, 22.29553082604885 ], [ 73.254099488835593, 22.295664186309804 ], [ 73.254195579524477, 22.295753093079725 ], [ 73.254243624868934, 22.295886453128546 ], [ 73.254291670213377, 22.295975359757048 ], [ 73.254291670213377, 22.29606426632898 ], [ 73.254291670213377, 22.296153172844345 ], [ 73.254243624868934, 22.296242079303134 ], [ 73.254147534180049, 22.296242079303134 ], [ 73.25405144349115, 22.296242079303134 ], [ 73.253955352802251, 22.296242079303134 ], [ 73.253811216768895, 22.296242079303134 ], [ 73.253715126079996, 22.296242079303134 ], [ 73.253619035391097, 22.296242079303134 ], [ 73.253522944702212, 22.296242079303134 ], [ 73.253426854013313, 22.296242079303134 ], [ 73.253234672635514, 22.296286532511321 ], [ 73.253138581946615, 22.296286532511321 ], [ 73.252994445913259, 22.296286532511321 ], [ 73.252850309879932, 22.296286532511321 ], [ 73.25270617384659, 22.29633098570536 ], [ 73.252610083157691, 22.29633098570536 ], [ 73.252513992468778, 22.29633098570536 ], [ 73.252321811090994, 22.296464345202622 ], [ 73.252225720402109, 22.296464345202622 ], [ 73.25212962971321, 22.296508798340092 ], [ 73.252081584368753, 22.296597704572612 ], [ 73.251985493679854, 22.296597704572612 ], [ 73.251841357646512, 22.296731063815312 ], [ 73.25179331230207, 22.296819969906402 ], [ 73.251697221613171, 22.296819969906402 ], [ 73.251601130924271, 22.296864422930732 ], [ 73.251505040235372, 22.296908875940915 ], [ 73.251360904202016, 22.297042234886618 ], [ 73.251216768168689, 22.297175593705031 ], [ 73.251024586790891, 22.297308952396168 ], [ 73.250880450757535, 22.297353405264925 ], [ 73.25078436006865, 22.297353405264925 ], [ 73.250688269379765, 22.297486763786349 ], [ 73.250592178690866, 22.297486763786349 ], [ 73.250496088001967, 22.297486763786349 ], [ 73.250399997313053, 22.297486763786349 ], [ 73.250303906624154, 22.297486763786349 ], [ 73.250207815935269, 22.297486763786349 ], [ 73.250063679901928, 22.297486763786349 ], [ 73.249919543868572, 22.297575669396569 ], [ 73.249823453179673, 22.297575669396569 ], [ 73.249631271801903, 22.297709027705839 ], [ 73.249535181113004, 22.297709027705839 ], [ 73.249439090424104, 22.297709027705839 ], [ 73.249342999735191, 22.297709027705839 ], [ 73.249150818357393, 22.297842385887822 ], [ 73.249054727668522, 22.297842385887822 ], [ 73.248958636979623, 22.297842385887822 ], [ 73.248862546290709, 22.297842385887822 ], [ 73.24876645560181, 22.297842385887822 ], [ 73.248670364912925, 22.297842385887822 ], [ 73.248526228879584, 22.297842385887822 ], [ 73.248430138190685, 22.297842385887822 ], [ 73.248286002157329, 22.297975743942516 ], [ 73.24809382077953, 22.298064649241599 ], [ 73.247997730090631, 22.298064649241599 ], [ 73.247853594057304, 22.298064649241599 ], [ 73.247709458023948, 22.298109101869919 ], [ 73.247613367335063, 22.298109101869919 ], [ 73.24751727664615, 22.298109101869919 ], [ 73.247373140612822, 22.298109101869919 ], [ 73.247325095268366, 22.298198007084142 ], [ 73.247229004579467, 22.298198007084142 ], [ 73.247036823201668, 22.298331364799388 ], [ 73.246940732512769, 22.298331364799388 ], [ 73.246844641823884, 22.298375817342855 ], [ 73.246796596479442, 22.298464722387354 ], [ 73.246700505790542, 22.298464722387354 ], [ 73.246508324412744, 22.29859807984802 ], [ 73.246316143034932, 22.298686984751082 ], [ 73.246220052346061, 22.298686984751082 ], [ 73.246123961657162, 22.298686984751082 ], [ 73.246027870968263, 22.298686984751082 ], [ 73.245931780279363, 22.298686984751082 ], [ 73.245787644246022, 22.298686984751082 ], [ 73.245691553557123, 22.298686984751082 ], [ 73.245595462868238, 22.298686984751082 ], [ 73.245499372179339, 22.298686984751082 ], [ 73.245403281490425, 22.298820341999601 ], [ 73.245307190801526, 22.298820341999601 ], [ 73.245163054768184, 22.298820341999601 ], [ 73.2450669640793, 22.298820341999601 ], [ 73.2449708733904, 22.298820341999601 ], [ 73.244874782701501, 22.298820341999601 ], [ 73.244778692012588, 22.298820341999601 ], [ 73.244682601323689, 22.298820341999601 ], [ 73.244490419945919, 22.298953699120819 ], [ 73.24439432925702, 22.298953699120819 ], [ 73.244298238568106, 22.298953699120819 ], [ 73.244202147879207, 22.298953699120819 ], [ 73.244106057190322, 22.298953699120819 ], [ 73.243961921156995, 22.29908705611475 ], [ 73.243865830468081, 22.29908705611475 ], [ 73.243769739779182, 22.29908705611475 ], [ 73.243673649090283, 22.29908705611475 ], [ 73.243577558401384, 22.29908705611475 ], [ 73.243481467712485, 22.29908705611475 ], [ 73.243337331679157, 22.29908705611475 ], [ 73.243241240990244, 22.29908705611475 ], [ 73.243097104956902, 22.29908705611475 ], [ 73.243001014268003, 22.29908705611475 ], [ 73.242904923579118, 22.29908705611475 ], [ 73.242808832890219, 22.29908705611475 ], [ 73.24271274220132, 22.29908705611475 ], [ 73.242616651512421, 22.29908705611475 ], [ 73.242520560823522, 22.29908705611475 ], [ 73.242424470134623, 22.29908705611475 ], [ 73.242328379445738, 22.29908705611475 ], [ 73.242184243412382, 22.299131508417773 ], [ 73.242088152723497, 22.299131508417773 ], [ 73.241944016690141, 22.299131508417773 ], [ 73.241799880656785, 22.299309317488419 ], [ 73.241703789967914, 22.299309317488419 ], [ 73.241607699279001, 22.299309317488419 ], [ 73.241511608590116, 22.299309317488419 ], [ 73.241415517901217, 22.299309317488419 ], [ 73.241319427212304, 22.299309317488419 ], [ 73.241223336523404, 22.299309317488419 ], [ 73.241127245834519, 22.299309317488419 ], [ 73.240983109801178, 22.299353769720717 ], [ 73.240838973767822, 22.299353769720717 ], [ 73.240742883078923, 22.299353769720717 ], [ 73.240646792390038, 22.299353769720717 ], [ 73.240454611012254, 22.299487126332757 ], [ 73.240358520323355, 22.299487126332757 ], [ 73.240262429634441, 22.299487126332757 ], [ 73.240166338945556, 22.299487126332757 ], [ 73.240070248256657, 22.299487126332757 ], [ 73.239974157567772, 22.299487126332757 ], [ 73.239878066878873, 22.299487126332757 ], [ 73.239685885501061, 22.299620482817506 ], [ 73.239589794812176, 22.299620482817506 ], [ 73.239493704123291, 22.299620482817506 ], [ 73.239301522745478, 22.299753839174947 ], [ 73.239205432056579, 22.299753839174947 ], [ 73.239109341367694, 22.299753839174947 ], [ 73.238965205334353, 22.299842743342531 ], [ 73.238869114645453, 22.299842743342531 ], [ 73.238773023956554, 22.299842743342531 ], [ 73.238676933267655, 22.299842743342531 ], [ 73.238580842578742, 22.299842743342531 ], [ 73.238436706545428, 22.299976099487818 ], [ 73.238340615856529, 22.299976099487818 ], [ 73.238196479823173, 22.299976099487818 ], [ 73.23810038913426, 22.299976099487818 ], [ 73.237956253100947, 22.299976099487818 ], [ 73.237812117067591, 22.300020551507952 ], [ 73.237667981034235, 22.300020551507952 ], [ 73.237571890345336, 22.300020551507952 ], [ 73.237475799656451, 22.300020551507952 ], [ 73.23733166362311, 22.300109455505797 ], [ 73.23723557293421, 22.300109455505797 ], [ 73.237139482245311, 22.300109455505797 ], [ 73.237043391556384, 22.300109455505797 ], [ 73.236947300867513, 22.300109455505797 ], [ 73.236851210178628, 22.300109455505797 ], [ 73.236755119489729, 22.300109455505797 ], [ 73.23665902880083, 22.300109455505797 ], [ 73.236466847423031, 22.300242811396487 ], [ 73.236370756734132, 22.300242811396487 ], [ 73.236274666045247, 22.300242811396487 ], [ 73.236178575356348, 22.300242811396487 ], [ 73.236082484667449, 22.300242811396487 ], [ 73.23598639397855, 22.300242811396487 ], [ 73.235842257945194, 22.300287263331764 ], [ 73.235698121911867, 22.300287263331764 ], [ 73.235602031222967, 22.300287263331764 ], [ 73.235505940534068, 22.300287263331764 ], [ 73.235361804500712, 22.300287263331764 ], [ 73.235217668467357, 22.300287263331764 ], [ 73.235073532434029, 22.300376167159875 ], [ 73.234977441745116, 22.300376167159875 ], [ 73.234881351056245, 22.300376167159875 ], [ 73.234785260367332, 22.300376167159875 ], [ 73.234689169678433, 22.300376167159875 ], [ 73.234545033645077, 22.300376167159875 ], [ 73.234448942956206, 22.300376167159875 ], [ 73.23430480692285, 22.300376167159875 ], [ 73.234208716233951, 22.300376167159875 ], [ 73.234112625545066, 22.300376167159875 ], [ 73.234016534856167, 22.300376167159875 ], [ 73.233920444167282, 22.300376167159875 ], [ 73.233824353478383, 22.300376167159875 ], [ 73.233728262789469, 22.300376167159875 ], [ 73.23363217210057, 22.300376167159875 ], [ 73.233536081411671, 22.300376167159875 ], [ 73.233439990722772, 22.300376167159875 ], [ 73.233343900033901, 22.300376167159875 ], [ 73.233247809344988, 22.300376167159875 ], [ 73.233151718656089, 22.300376167159875 ], [ 73.233007582622733, 22.300376167159875 ], [ 73.232815401244963, 22.300376167159875 ], [ 73.232719310556064, 22.300376167159875 ], [ 73.232623219867165, 22.300376167159875 ], [ 73.232479083833809, 22.300376167159875 ], [ 73.232238857111582, 22.300420619052709 ], [ 73.232142766422683, 22.300420619052709 ], [ 73.23204667573377, 22.300420619052709 ], [ 73.231902539700442, 22.300420619052709 ], [ 73.231806449011529, 22.300420619052709 ], [ 73.231710358322644, 22.300420619052709 ], [ 73.231614267633745, 22.300420619052709 ], [ 73.231470131600389, 22.300420619052709 ], [ 73.231325995567047, 22.300420619052709 ], [ 73.23118185953372, 22.300420619052709 ], [ 73.231037723500364, 22.300420619052709 ], [ 73.230941632811465, 22.300420619052709 ], [ 73.230845542122566, 22.300420619052709 ], [ 73.230605315400339, 22.300553974646366 ], [ 73.23050922471144, 22.300553974646366 ], [ 73.230413134022541, 22.300553974646366 ], [ 73.230317043333642, 22.300553974646366 ], [ 73.2301729073003, 22.300553974646366 ], [ 73.230076816611401, 22.300553974646366 ], [ 73.229980725922502, 22.300553974646366 ], [ 73.229884635233603, 22.300731781906546 ], [ 73.229884635233603, 22.300820685451761 ], [ 73.229884635233603, 22.300909588940407 ], [ 73.229884635233603, 22.300998492372475 ], [ 73.229884635233603, 22.301131847414485 ], [ 73.229884635233603, 22.301220750705092 ], [ 73.229884635233603, 22.301354105534926 ], [ 73.229884635233603, 22.301443008684103 ], [ 73.229884635233603, 22.301531911776685 ], [ 73.229884635233603, 22.301620814812694 ], [ 73.229884635233603, 22.301754169260612 ], [ 73.229884635233603, 22.301887523581225 ], [ 73.229884635233603, 22.301976426390901 ], [ 73.229884635233603, 22.302065329144003 ], [ 73.229884635233603, 22.302198683167568 ], [ 73.229884635233603, 22.302332037063817 ], [ 73.229884635233603, 22.302420939590593 ], [ 73.229884635233603, 22.30255429327466 ], [ 73.229884635233603, 22.302687646831426 ], [ 73.229884635233603, 22.302821000260874 ], [ 73.229884635233603, 22.30290990247644 ], [ 73.229884635233603, 22.302998804635429 ], [ 73.229884635233603, 22.303087706737838 ], [ 73.229884635233603, 22.303176608783659 ], [ 73.229740499200261, 22.303265510772896 ], [ 73.229692453855805, 22.303354412705545 ], [ 73.229548317822449, 22.303443314581617 ], [ 73.229452227133564, 22.303443314581617 ], [ 73.229404181789121, 22.303576667289626 ], [ 73.229308091100222, 22.303576667289626 ], [ 73.229163955066866, 22.303710019870323 ], [ 73.229115909722424, 22.303798921520052 ], [ 73.229067864377967, 22.303887823113193 ], [ 73.228971773689082, 22.303932273888556 ], [ 73.228971773689082, 22.304021175396826 ], [ 73.228827637655755, 22.304154527553123 ], [ 73.228731546966841, 22.304198978243601 ], [ 73.228635456277942, 22.304198978243601 ], [ 73.228539365589043, 22.304198978243601 ], [ 73.228443274900158, 22.304198978243601 ], [ 73.228347184211245, 22.304198978243601 ], [ 73.228203048177917, 22.304154527553123 ], [ 73.228058912144562, 22.304065626129738 ], [ 73.228058912144562, 22.303976724649765 ], [ 73.228058912144562, 22.303887823113193 ], [ 73.227962821455648, 22.303887823113193 ], [ 73.227818685422335, 22.303798921520052 ], [ 73.227818685422335, 22.303710019870323 ], [ 73.227818685422335, 22.303621118163999 ], [ 73.227722594733436, 22.303621118163999 ], [ 73.227722594733436, 22.303532216401095 ], [ 73.227674549388979, 22.303443314581617 ], [ 73.227626504044537, 22.303354412705545 ], [ 73.227530413355623, 22.303309961746294 ], [ 73.227386277322282, 22.303221059785351 ], [ 73.227242141288954, 22.303176608783659 ], [ 73.227146050600055, 22.303087706737838 ], [ 73.227049959911142, 22.303043255693709 ], [ 73.227001914566699, 22.302954353563006 ], [ 73.226905823877786, 22.302954353563006 ], [ 73.226761687844473, 22.302865451375734 ], [ 73.226713642500016, 22.30273209798872 ], [ 73.226617551811117, 22.30273209798872 ], [ 73.226473415777761, 22.302687646831426 ], [ 73.226329279744434, 22.302598744474395 ], [ 73.226281234399963, 22.302509842060783 ], [ 73.226233189055534, 22.302420939590593 ], [ 73.226089053022193, 22.302376488334279 ], [ 73.226089053022193, 22.302287585779219 ], [ 73.225944916988837, 22.302243134480467 ], [ 73.22589687164438, 22.302154231840525 ], [ 73.225800780955495, 22.302154231840525 ], [ 73.225752735611039, 22.302020877774524 ], [ 73.225656644922154, 22.302020877774524 ], [ 73.225608599577683, 22.301931974993135 ], [ 73.225512508888798, 22.301887523581225 ], [ 73.225368372855442, 22.301843072155158 ], [ 73.225320327511014, 22.301754169260612 ], [ 73.2252242368221, 22.301754169260612 ], [ 73.225176191477672, 22.301665266309477 ], [ 73.225080100788773, 22.301665266309477 ], [ 73.224984010099874, 22.301620814812694 ], [ 73.224935964755417, 22.301531911776685 ], [ 73.224839874066504, 22.301531911776685 ], [ 73.224839874066504, 22.301443008684103 ], [ 73.224695738033176, 22.301443008684103 ], [ 73.224551601999821, 22.301354105534926 ], [ 73.224359420622037, 22.301265202329187 ], [ 73.224359420622037, 22.301176299066867 ], [ 73.224263329933152, 22.301131847414485 ], [ 73.224167239244238, 22.301087395747956 ], [ 73.224023103210882, 22.301042944067287 ], [ 73.223927012522012, 22.300954040663516 ], [ 73.223830921833112, 22.300909588940407 ], [ 73.223734831144213, 22.300865137203164 ], [ 73.223638740455314, 22.300820685451761 ], [ 73.223638740455314, 22.300731781906546 ], [ 73.223542649766415, 22.300731781906546 ], [ 73.223350468388631, 22.300642878304739 ], [ 73.223254377699732, 22.30059842648263 ], [ 73.223110241666376, 22.300553974646366 ], [ 73.22296610563302, 22.300465070931409 ], [ 73.222821969599693, 22.300420619052709 ], [ 73.222725878910808, 22.300420619052709 ], [ 73.222629788221909, 22.300376167159875 ], [ 73.222533697532995, 22.300376167159875 ], [ 73.222389561499639, 22.300331715252888 ], [ 73.222293470810754, 22.300331715252888 ], [ 73.22219738012187, 22.300331715252888 ], [ 73.22210128943297, 22.300331715252888 ], [ 73.222005198744071, 22.300331715252888 ], [ 73.221909108055158, 22.300331715252888 ], [ 73.221668881332945, 22.300242811396487 ], [ 73.221572790644046, 22.300242811396487 ], [ 73.221476699955133, 22.300242811396487 ], [ 73.221380609266234, 22.300242811396487 ], [ 73.221284518577335, 22.300242811396487 ], [ 73.221188427888436, 22.300242811396487 ], [ 73.221044291855108, 22.300242811396487 ], [ 73.220900155821752, 22.300198359447062 ], [ 73.220804065132853, 22.300198359447062 ], [ 73.220707974443954, 22.300198359447062 ], [ 73.220611883755055, 22.300198359447062 ], [ 73.220611883755055, 22.300109455505797 ], [ 73.220467747721727, 22.300109455505797 ], [ 73.220275566343929, 22.30006500351395 ], [ 73.220131430310573, 22.299976099487818 ], [ 73.219987294277246, 22.299887195405102 ], [ 73.219891203588347, 22.299842743342531 ], [ 73.219891203588347, 22.299753839174947 ], [ 73.219795112899433, 22.299753839174947 ], [ 73.219650976866092, 22.299709387069946 ], [ 73.219506840832764, 22.299664934950798 ], [ 73.219458795488308, 22.299576030670067 ], [ 73.219362704799408, 22.299576030670067 ], [ 73.219218568766067, 22.299531578508482 ], [ 73.219122478077168, 22.299531578508482 ], [ 73.219074432732711, 22.299442674142888 ], [ 73.218978342043826, 22.299442674142888 ], [ 73.218882251354927, 22.299398221938873 ], [ 73.218738115321557, 22.299353769720717 ], [ 73.218690069977143, 22.299264865241973 ], [ 73.218593979288229, 22.299264865241973 ], [ 73.21849788859933, 22.299264865241973 ], [ 73.218353752565974, 22.299175960706645 ], [ 73.218209616532647, 22.299131508417773 ], [ 73.218065480499305, 22.299131508417773 ], [ 73.217921344465964, 22.29908705611475 ], [ 73.217825253777065, 22.29908705611475 ], [ 73.217681117743723, 22.298998151466272 ], [ 73.217536981710367, 22.298998151466272 ], [ 73.217440891021468, 22.298998151466272 ], [ 73.217344800332583, 22.298998151466272 ], [ 73.217248709643684, 22.298998151466272 ], [ 73.217104573610342, 22.298953699120819 ], [ 73.216960437576986, 22.298953699120819 ], [ 73.216816301543631, 22.298953699120819 ], [ 73.216672165510289, 22.298953699120819 ], [ 73.216576074821404, 22.298953699120819 ], [ 73.216479984132505, 22.298953699120819 ], [ 73.216383893443606, 22.298953699120819 ], [ 73.216287802754692, 22.298953699120819 ], [ 73.216143666721379, 22.298953699120819 ], [ 73.215999530688023, 22.298909246761223 ], [ 73.215903439999124, 22.298909246761223 ], [ 73.215759303965768, 22.298820341999601 ], [ 73.215663213276883, 22.298775889597568 ], [ 73.215615167932427, 22.298686984751082 ], [ 73.215615167932427, 22.29859807984802 ], [ 73.215615167932427, 22.298509174888384 ], [ 73.215615167932427, 22.298420269872175 ], [ 73.215615167932427, 22.298331364799388 ], [ 73.215615167932427, 22.298242459670035 ], [ 73.215615167932427, 22.298153554484109 ], [ 73.215615167932427, 22.298064649241599 ], [ 73.215615167932427, 22.297975743942516 ], [ 73.215615167932427, 22.297886838586869 ], [ 73.215615167932427, 22.297797933174643 ], [ 73.215471031899099, 22.297664574950225 ], [ 73.215471031899099, 22.297575669396569 ], [ 73.215471031899099, 22.297486763786349 ], [ 73.215471031899099, 22.297353405264925 ], [ 73.215326895865743, 22.297308952396168 ], [ 73.215326895865743, 22.297220046616218 ], [ 73.215326895865743, 22.297131140779708 ], [ 73.215278850521287, 22.297042234886618 ], [ 73.215278850521287, 22.296953328936958 ], [ 73.215278850521287, 22.296864422930732 ], [ 73.215278850521287, 22.296731063815312 ], [ 73.215278850521287, 22.296642157667655 ], [ 73.215278850521287, 22.296553251463418 ], [ 73.215278850521287, 22.296464345202622 ], [ 73.215278850521287, 22.29637543888526 ], [ 73.215278850521287, 22.296286532511321 ], [ 73.215278850521287, 22.296197626080808 ], [ 73.215278850521287, 22.296108719593736 ], [ 73.215278850521287, 22.29601981305008 ], [ 73.215182759832402, 22.29601981305008 ], [ 73.215086669143517, 22.29601981305008 ], [ 73.214990578454618, 22.29601981305008 ], [ 73.214894487765719, 22.29601981305008 ], [ 73.214798397076805, 22.29601981305008 ], [ 73.214702306387892, 22.29601981305008 ], [ 73.214606215699021, 22.29601981305008 ], [ 73.214510125010108, 22.29601981305008 ], [ 73.214414034321237, 22.29601981305008 ], [ 73.214317943632324, 22.29601981305008 ], [ 73.214221852943425, 22.29601981305008 ], [ 73.21412576225454, 22.29601981305008 ], [ 73.213981626221198, 22.296153172844345 ], [ 73.213885535532299, 22.296153172844345 ], [ 73.2137894448434, 22.296153172844345 ], [ 73.213693354154501, 22.296153172844345 ], [ 73.213597263465601, 22.296153172844345 ], [ 73.213501172776702, 22.296153172844345 ], [ 73.213405082087817, 22.296153172844345 ], [ 73.213308991398918, 22.296153172844345 ], [ 73.213260946054461, 22.296242079303134 ], [ 73.213164855365548, 22.296242079303134 ], [ 73.212972673987764, 22.296286532511321 ], [ 73.212876583298865, 22.296286532511321 ], [ 73.21278049260998, 22.296286532511321 ], [ 73.212684401921081, 22.296286532511321 ], [ 73.212588311232196, 22.296286532511321 ], [ 73.21244417519884, 22.296242079303134 ], [ 73.212348084509927, 22.296197626080808 ], [ 73.212348084509927, 22.296108719593736 ], [ 73.212348084509927, 22.29601981305008 ], [ 73.212251993821056, 22.295975359757048 ], [ 73.212251993821056, 22.295841999793083 ], [ 73.212107857787714, 22.295753093079725 ], [ 73.212107857787714, 22.295664186309804 ], [ 73.212011767098815, 22.295619732903624 ], [ 73.211915676409902, 22.295575279483312 ], [ 73.211819585721003, 22.29553082604885 ], [ 73.211819585721003, 22.29544191913751 ], [ 73.211819585721003, 22.295353012169588 ], [ 73.211915676409902, 22.295308558664424 ], [ 73.212011767098815, 22.295264105145112 ], [ 73.212107857787714, 22.295175198064065 ], [ 73.212203948476599, 22.295130744502323 ], [ 73.212251993821056, 22.294997383732266 ], [ 73.212348084509927, 22.294952930113961 ], [ 73.21244417519884, 22.29490847648151 ], [ 73.212540265887739, 22.294864022834918 ], [ 73.212636356576638, 22.294819569174194 ], [ 73.21278049260998, 22.294775115499316 ], [ 73.212924628643322, 22.294730661810302 ], [ 73.213020719332221, 22.294641754389861 ], [ 73.21311681002112, 22.294641754389861 ], [ 73.213212900710019, 22.294641754389861 ], [ 73.213308991398918, 22.294641754389861 ], [ 73.213308991398918, 22.29455284691284 ], [ 73.213405082087817, 22.29455284691284 ], [ 73.213549218121159, 22.294508393153123 ], [ 73.213645308810058, 22.294508393153123 ], [ 73.213693354154501, 22.294419485591249 ], [ 73.2137894448434, 22.294419485591249 ], [ 73.213933580876727, 22.294375031789109 ], [ 73.214029671565626, 22.294375031789109 ], [ 73.21412576225454, 22.294375031789109 ], [ 73.214221852943425, 22.294375031789109 ], [ 73.214317943632324, 22.294375031789109 ], [ 73.214414034321237, 22.294375031789109 ], [ 73.214510125010108, 22.294375031789109 ], [ 73.214606215699021, 22.294375031789109 ], [ 73.214702306387892, 22.294375031789109 ], [ 73.214798397076805, 22.294375031789109 ], [ 73.214894487765719, 22.294419485591249 ], [ 73.214942533110161, 22.294508393153123 ], [ 73.214990578454618, 22.29459730065842 ], [ 73.21503862379906, 22.294686208107159 ], [ 73.21503862379906, 22.294775115499316 ], [ 73.215086669143517, 22.294864022834918 ], [ 73.215086669143517, 22.294952930113961 ], [ 73.215134714487945, 22.295041837336424 ], [ 73.215182759832402, 22.295130744502323 ], [ 73.21523080517683, 22.29521965161166 ], [ 73.215326895865743, 22.29521965161166 ], [ 73.215422986554643, 22.295264105145112 ], [ 73.215471031899099, 22.295353012169588 ], [ 73.215567122587998, 22.295353012169588 ], [ 73.215663213276883, 22.295397465660614 ], [ 73.215807349310225, 22.295397465660614 ], [ 73.215903439999124, 22.29544191913751 ], [ 73.21604757603248, 22.29544191913751 ], [ 73.216143666721379, 22.295486372600251 ], [ 73.216239757410264, 22.295486372600251 ], [ 73.216335848099149, 22.295486372600251 ], [ 73.216431938788048, 22.295486372600251 ], [ 73.216576074821404, 22.29553082604885 ], [ 73.216672165510289, 22.29553082604885 ], [ 73.216768256199174, 22.29553082604885 ], [ 73.21691239223253, 22.29553082604885 ], [ 73.217008482921443, 22.29553082604885 ], [ 73.217152618954799, 22.29553082604885 ], [ 73.217296754988126, 22.29553082604885 ], [ 73.217440891021468, 22.29553082604885 ], [ 73.217585027054824, 22.29553082604885 ], [ 73.217681117743723, 22.29553082604885 ], [ 73.217777208432608, 22.29553082604885 ], [ 73.217873299121493, 22.29553082604885 ], [ 73.217969389810392, 22.29553082604885 ], [ 73.218065480499305, 22.295486372600251 ], [ 73.218209616532647, 22.295486372600251 ], [ 73.218305707221546, 22.295486372600251 ], [ 73.218305707221546, 22.295397465660614 ], [ 73.218401797910445, 22.295397465660614 ], [ 73.218449843254874, 22.295264105145112 ], [ 73.218545933943787, 22.295264105145112 ], [ 73.218642024632686, 22.29521965161166 ], [ 73.218690069977143, 22.295130744502323 ], [ 73.218786160666028, 22.295130744502323 ], [ 73.218834206010484, 22.294997383732266 ], [ 73.218930296699384, 22.294997383732266 ], [ 73.218930296699384, 22.29490847648151 ], [ 73.219026387388254, 22.29490847648151 ], [ 73.219122478077168, 22.294864022834918 ], [ 73.219218568766067, 22.294864022834918 ], [ 73.219314659454952, 22.294864022834918 ], [ 73.219410750143865, 22.294819569174194 ], [ 73.219458795488308, 22.294730661810302 ], [ 73.219554886177193, 22.294730661810302 ], [ 73.219699022210548, 22.294730661810302 ], [ 73.21984315824389, 22.294686208107159 ], [ 73.219987294277246, 22.294686208107159 ], [ 73.220035339621688, 22.29459730065842 ], [ 73.220131430310573, 22.29459730065842 ], [ 73.220275566343929, 22.29459730065842 ], [ 73.220419702377271, 22.29455284691284 ], [ 73.220563838410627, 22.29455284691284 ], [ 73.220611883755055, 22.294463939379249 ], [ 73.220707974443954, 22.294463939379249 ], [ 73.220804065132853, 22.294463939379249 ], [ 73.220900155821752, 22.294419485591249 ], [ 73.220996246510651, 22.294375031789109 ], [ 73.221044291855108, 22.294286124142385 ], [ 73.221140382544007, 22.294241670297815 ], [ 73.221188427888436, 22.294108308679256 ], [ 73.221284518577335, 22.294019400862847 ], [ 73.221332563921777, 22.293886039032163 ], [ 73.221380609266234, 22.29375267707421 ], [ 73.221380609266234, 22.293663769031543 ], [ 73.221476699955133, 22.293663769031543 ], [ 73.221476699955133, 22.293530406861475 ], [ 73.221476699955133, 22.293441498677389 ], [ 73.221476699955133, 22.293352590436744 ], [ 73.221476699955133, 22.293263682139528 ], [ 73.221476699955133, 22.293174773785751 ], [ 73.221380609266234, 22.293085865375406 ], [ 73.221380609266234, 22.29299695690851 ], [ 73.221332563921777, 22.292908048385041 ], [ 73.221236473232906, 22.292863594102101 ], [ 73.221236473232906, 22.292774685493789 ], [ 73.221236473232906, 22.292641322475269 ], [ 73.221188427888436, 22.29250795932948 ], [ 73.221140382544007, 22.292419050494914 ], [ 73.221140382544007, 22.292330141603792 ], [ 73.221044291855108, 22.292285687137024 ], [ 73.221044291855108, 22.29219677816106 ], [ 73.220996246510651, 22.292063414591055 ], [ 73.220996246510651, 22.291974505473693 ], [ 73.220996246510651, 22.291885596299753 ], [ 73.220996246510651, 22.291796687069269 ], [ 73.220996246510651, 22.291707777782214 ], [ 73.220996246510651, 22.291618868438601 ], [ 73.220996246510651, 22.291529959038428 ], [ 73.221092337199565, 22.291529959038428 ], [ 73.221188427888436, 22.291485504317126 ], [ 73.221284518577335, 22.291485504317126 ], [ 73.221380609266234, 22.291441049581689 ], [ 73.221476699955133, 22.291396594832111 ], [ 73.221572790644046, 22.291396594832111 ], [ 73.221572790644046, 22.291307685290544 ], [ 73.221716926677388, 22.29126323049854 ], [ 73.221716926677388, 22.29117432087213 ], [ 73.221861062710715, 22.291129866037718 ], [ 73.221909108055158, 22.291040956326466 ], [ 73.222005198744071, 22.291040956326466 ], [ 73.22210128943297, 22.290996501449623 ], [ 73.22219738012187, 22.290952046558655 ], [ 73.222293470810754, 22.290907591653536 ], [ 73.222389561499639, 22.290907591653536 ], [ 73.222485652188553, 22.290863136734281 ], [ 73.222581742877452, 22.290818681800886 ], [ 73.222581742877452, 22.290729771891673 ], [ 73.222677833566351, 22.290640861925905 ], [ 73.222677833566351, 22.290551951903584 ], [ 73.222725878910808, 22.290463041824697 ], [ 73.222725878910808, 22.290374131689255 ], [ 73.22277392425525, 22.290285221497246 ], [ 73.22277392425525, 22.290196311248692 ], [ 73.22277392425525, 22.290107400943572 ], [ 73.22277392425525, 22.2900184905819 ], [ 73.22277392425525, 22.289929580163676 ], [ 73.22277392425525, 22.289840669688882 ], [ 73.22277392425525, 22.289751759157536 ], [ 73.22277392425525, 22.289662848569638 ], [ 73.22277392425525, 22.28957393792518 ], [ 73.22277392425525, 22.289440571852449 ], [ 73.22277392425525, 22.289307205652467 ], [ 73.22277392425525, 22.289218294781783 ], [ 73.22277392425525, 22.28912938385454 ], [ 73.22277392425525, 22.288996017357647 ], [ 73.22277392425525, 22.288862650733492 ], [ 73.22277392425525, 22.288729283982104 ], [ 73.22277392425525, 22.288595917103457 ], [ 73.22277392425525, 22.288507005780335 ], [ 73.222725878910808, 22.288418094400654 ], [ 73.222629788221909, 22.288551461448968 ] ] ] } },
{ "type": "Feature", "properties": { "fid": 5, "ward_id": 6 }, "geometry": { "type": "Polygon", "coordinates": [ [ [ 73.207495504720654, 22.307843886720374 ], [ 73.207159187309514, 22.307799437189981 ], [ 73.20696700593173, 22.307710538086734 ], [ 73.206630688520562, 22.307621638926911 ], [ 73.206486552487249, 22.307621638926911 ], [ 73.206198280420537, 22.307577189325773 ], [ 73.20605414438721, 22.307577189325773 ], [ 73.205861963009411, 22.307577189325773 ], [ 73.205717826976056, 22.307577189325773 ], [ 73.205573690942714, 22.307577189325773 ], [ 73.205477600253815, 22.307577189325773 ], [ 73.205333464220487, 22.307577189325773 ], [ 73.205189328187132, 22.307577189325773 ], [ 73.20504519215379, 22.307577189325773 ], [ 73.204949101464877, 22.307577189325773 ], [ 73.204804965431549, 22.307577189325773 ], [ 73.204660829398193, 22.307577189325773 ], [ 73.204516693364866, 22.307577189325773 ], [ 73.204372557331496, 22.307621638926911 ], [ 73.204468648020395, 22.307621638926911 ], [ 73.204468648020395, 22.307710538086734 ], [ 73.204516693364866, 22.307799437189981 ], [ 73.20456473870928, 22.307888336236623 ], [ 73.204660829398193, 22.307932785738718 ], [ 73.204660829398193, 22.308021684700478 ], [ 73.204660829398193, 22.308110583605639 ], [ 73.204660829398193, 22.308199482454199 ], [ 73.204660829398193, 22.308288381246175 ], [ 73.204660829398193, 22.30837727998156 ], [ 73.20470887474265, 22.308466178660339 ], [ 73.20470887474265, 22.308555077282541 ], [ 73.204756920087107, 22.308732874357137 ], [ 73.204853010775977, 22.308866222014537 ], [ 73.204901056120448, 22.308999569544589 ], [ 73.204949101464877, 22.309088467827205 ], [ 73.20504519215379, 22.309310713286159 ], [ 73.205141282842675, 22.309310713286159 ], [ 73.205189328187132, 22.309444060391744 ], [ 73.205237373531574, 22.309577407369993 ], [ 73.205237373531574, 22.30966630528474 ], [ 73.205333464220487, 22.30966630528474 ], [ 73.205333464220487, 22.309799652050742 ], [ 73.20538150956493, 22.309888549824009 ], [ 73.20538150956493, 22.309977447540664 ], [ 73.205429554909387, 22.310110794009542 ], [ 73.205525645598271, 22.310155242804196 ], [ 73.205525645598271, 22.310244140351067 ], [ 73.205621736287156, 22.310288589103273 ], [ 73.205621736287156, 22.310377486565251 ], [ 73.205669781631613, 22.310510832652081 ], [ 73.205717826976056, 22.310599729972566 ], [ 73.205813917664969, 22.31073307584715 ], [ 73.205861963009411, 22.310866421594405 ], [ 73.205910008353868, 22.310955318688482 ], [ 73.206006099042767, 22.310999767214305 ], [ 73.206006099042767, 22.311088664223483 ], [ 73.20615023507608, 22.311133112706848 ], [ 73.20615023507608, 22.311222009631134 ], [ 73.206246325764994, 22.311355354911434 ], [ 73.206342416453893, 22.311355354911434 ], [ 73.206486552487249, 22.311444251694219 ], [ 73.206582643176134, 22.311444251694219 ], [ 73.206678733865019, 22.311444251694219 ], [ 73.206774824553918, 22.311444251694219 ], [ 73.206870915242831, 22.311444251694219 ], [ 73.20696700593173, 22.311444251694219 ], [ 73.207063096620601, 22.311444251694219 ], [ 73.207159187309514, 22.311444251694219 ], [ 73.207255277998399, 22.311444251694219 ], [ 73.207351368687299, 22.311444251694219 ], [ 73.207495504720654, 22.311444251694219 ], [ 73.207591595409554, 22.311444251694219 ], [ 73.207687686098453, 22.311444251694219 ], [ 73.207783776787338, 22.311444251694219 ], [ 73.207927912820693, 22.3113998033099 ], [ 73.208024003509593, 22.311355354911434 ], [ 73.208168139542934, 22.311355354911434 ], [ 73.208312275576262, 22.311355354911434 ], [ 73.208312275576262, 22.311266458072055 ], [ 73.208408366265161, 22.311266458072055 ], [ 73.208504456954074, 22.311222009631134 ], [ 73.208600547642945, 22.311177561176066 ], [ 73.208696638331858, 22.311177561176066 ], [ 73.208792729020743, 22.311177561176066 ], [ 73.208792729020743, 22.311088664223483 ], [ 73.208888819709642, 22.311088664223483 ], [ 73.209032955742998, 22.311088664223483 ], [ 73.209129046431897, 22.311044215725971 ], [ 73.209225137120796, 22.311044215725971 ], [ 73.209321227809696, 22.311044215725971 ], [ 73.209465363843023, 22.311044215725971 ], [ 73.209609499876379, 22.311044215725971 ], [ 73.209705590565278, 22.311044215725971 ], [ 73.209801681254177, 22.311044215725971 ], [ 73.209897771943076, 22.310999767214305 ], [ 73.209993862631961, 22.310955318688482 ], [ 73.209993862631961, 22.310866421594405 ], [ 73.210089953320875, 22.310821973026137 ], [ 73.210089953320875, 22.31073307584715 ], [ 73.210137998665317, 22.310644178611579 ], [ 73.21018604400976, 22.310555281319399 ], [ 73.21018604400976, 22.310466383970621 ], [ 73.210282134698659, 22.310466383970621 ], [ 73.210282134698659, 22.310377486565251 ], [ 73.210330180043115, 22.310288589103273 ], [ 73.210426270732015, 22.310244140351067 ], [ 73.210522361420914, 22.310244140351067 ], [ 73.210666497454241, 22.310244140351067 ], [ 73.21076258814314, 22.310244140351067 ], [ 73.210906724176496, 22.310288589103273 ], [ 73.210954769520939, 22.310377486565251 ], [ 73.211050860209824, 22.310377486565251 ], [ 73.211098905554294, 22.310466383970621 ], [ 73.211098905554294, 22.310555281319399 ], [ 73.211098905554294, 22.310644178611579 ], [ 73.211002814865395, 22.310777524443722 ], [ 73.211002814865395, 22.310866421594405 ], [ 73.211002814865395, 22.310999767214305 ], [ 73.211002814865395, 22.311088664223483 ], [ 73.211002814865395, 22.311177561176066 ], [ 73.211002814865395, 22.311266458072055 ], [ 73.211002814865395, 22.311355354911434 ], [ 73.211002814865395, 22.311488700064384 ], [ 73.210954769520939, 22.311666493403557 ], [ 73.210954769520939, 22.311755389988239 ], [ 73.210954769520939, 22.311844286516319 ], [ 73.210954769520939, 22.311933182987804 ], [ 73.210954769520939, 22.312022079402681 ], [ 73.210954769520939, 22.312110975760962 ], [ 73.210954769520939, 22.312199872062642 ], [ 73.210954769520939, 22.312288768307713 ], [ 73.211002814865395, 22.312422112569205 ], [ 73.211002814865395, 22.312511008672772 ], [ 73.211050860209824, 22.312644352722 ], [ 73.211098905554294, 22.312733248684061 ], [ 73.211194996243165, 22.312733248684061 ], [ 73.211339132276521, 22.312777696643867 ], [ 73.211387177620978, 22.312911040438383 ], [ 73.211531313654305, 22.31308883196629 ], [ 73.211531313654305, 22.313177727645343 ], [ 73.211531313654305, 22.313266623267786 ], [ 73.211531313654305, 22.313355518833628 ], [ 73.211531313654305, 22.313444414342865 ], [ 73.211579358998776, 22.313533309795499 ], [ 73.211579358998776, 22.313622205191532 ], [ 73.211627404343218, 22.313711100530949 ], [ 73.211627404343218, 22.313799995813774 ], [ 73.211627404343218, 22.313888891039987 ], [ 73.211627404343218, 22.313977786209605 ], [ 73.211627404343218, 22.314111128857881 ], [ 73.211627404343218, 22.314200023885974 ], [ 73.211627404343218, 22.314288918857468 ], [ 73.211627404343218, 22.314422261208566 ], [ 73.211627404343218, 22.314511156038545 ], [ 73.211627404343218, 22.314600050811908 ], [ 73.211675449687661, 22.314733392865826 ], [ 73.211723495032103, 22.314822287497684 ], [ 73.211771540376546, 22.314911182072922 ], [ 73.211867631065459, 22.315088971053605 ], [ 73.211915676409902, 22.315222312640511 ], [ 73.212011767098815, 22.315355654100049 ], [ 73.212011767098815, 22.315444548335648 ], [ 73.212011767098815, 22.315533442514642 ], [ 73.212011767098815, 22.315622336637034 ], [ 73.212011767098815, 22.31571123070281 ], [ 73.212011767098815, 22.315844571695322 ], [ 73.212011767098815, 22.315933465619583 ], [ 73.212011767098815, 22.316022359487231 ], [ 73.212011767098815, 22.316155700182552 ], [ 73.212011767098815, 22.316289040750512 ], [ 73.212011767098815, 22.316377934391713 ], [ 73.212011767098815, 22.316466827976306 ], [ 73.212011767098815, 22.316555721504301 ], [ 73.212011767098815, 22.316644614975676 ], [ 73.212011767098815, 22.316777955076592 ], [ 73.212011767098815, 22.316866848406438 ], [ 73.212011767098815, 22.316955741679671 ], [ 73.212059812443258, 22.317089081483388 ], [ 73.212059812443258, 22.317177974615095 ], [ 73.212059812443258, 22.317266867690201 ], [ 73.212059812443258, 22.317400207196695 ], [ 73.212059812443258, 22.31748910013027 ], [ 73.212155903132142, 22.317622439424468 ], [ 73.212155903132142, 22.317755778591298 ], [ 73.212155903132142, 22.317844671298413 ], [ 73.212203948476585, 22.317978010252943 ], [ 73.212203948476585, 22.318066902818526 ], [ 73.212203948476585, 22.318155795327502 ], [ 73.212203948476585, 22.318244687779863 ], [ 73.212251993821027, 22.318333580175601 ], [ 73.212251993821027, 22.318422472514737 ], [ 73.212251993821027, 22.318511364797246 ], [ 73.212396129854383, 22.318689149192444 ], [ 73.21244417519884, 22.318822487340224 ], [ 73.212588311232196, 22.318866933361168 ], [ 73.212588311232196, 22.318955825360618 ], [ 73.212636356576638, 22.319089163253626 ], [ 73.212732447265509, 22.319133609189659 ], [ 73.212828537954408, 22.319133609189659 ], [ 73.212924628643322, 22.319133609189659 ], [ 73.213020719332221, 22.319133609189659 ], [ 73.21311681002112, 22.319133609189659 ], [ 73.213212900710005, 22.319133609189659 ], [ 73.21330899139889, 22.319133609189659 ], [ 73.213405082087789, 22.319133609189659 ], [ 73.213501172776702, 22.319133609189659 ], [ 73.213597263465601, 22.319133609189659 ], [ 73.213693354154501, 22.319133609189659 ], [ 73.213789444843371, 22.319133609189659 ], [ 73.21388553553227, 22.319133609189659 ], [ 73.214029671565626, 22.319133609189659 ], [ 73.21412576225454, 22.319133609189659 ], [ 73.214269898287881, 22.319089163253626 ], [ 73.214414034321209, 22.319089163253626 ], [ 73.214462079665665, 22.319000271339107 ], [ 73.214558170354564, 22.319000271339107 ], [ 73.214702306387892, 22.319000271339107 ], [ 73.214846442421262, 22.319000271339107 ], [ 73.214990578454589, 22.318955825360618 ], [ 73.215086669143489, 22.318955825360618 ], [ 73.215182759832402, 22.318955825360618 ], [ 73.215182759832402, 22.318866933361168 ], [ 73.215278850521287, 22.318866933361168 ], [ 73.215374941210186, 22.318866933361168 ], [ 73.215471031899071, 22.318866933361168 ], [ 73.21556712258797, 22.318822487340224 ], [ 73.215663213276883, 22.318822487340224 ], [ 73.215759303965768, 22.318822487340224 ], [ 73.215855394654668, 22.318822487340224 ], [ 73.215951485343581, 22.318822487340224 ], [ 73.216047576032452, 22.318822487340224 ], [ 73.216143666721351, 22.318822487340224 ], [ 73.216239757410236, 22.318822487340224 ], [ 73.216383893443606, 22.318822487340224 ], [ 73.216479984132505, 22.318822487340224 ], [ 73.216576074821404, 22.318822487340224 ], [ 73.216672165510289, 22.318822487340224 ], [ 73.216768256199174, 22.318822487340224 ], [ 73.216864346888087, 22.318822487340224 ], [ 73.216960437576986, 22.318822487340224 ], [ 73.217104573610342, 22.318822487340224 ], [ 73.21724870964367, 22.318822487340224 ], [ 73.217344800332555, 22.318822487340224 ], [ 73.217440891021468, 22.318822487340224 ], [ 73.217536981710367, 22.318822487340224 ], [ 73.217633072399266, 22.318822487340224 ], [ 73.217729163088165, 22.318822487340224 ], [ 73.217825253777036, 22.318822487340224 ], [ 73.21792134446595, 22.318822487340224 ], [ 73.218017435154849, 22.318822487340224 ], [ 73.218113525843748, 22.318822487340224 ], [ 73.218209616532647, 22.318778041305112 ], [ 73.21825766187709, 22.318689149192444 ], [ 73.218353752565974, 22.318689149192444 ], [ 73.21849788859933, 22.318644703114877 ], [ 73.21849788859933, 22.318555810917278 ], [ 73.218642024632686, 22.318511364797246 ], [ 73.218738115321557, 22.318378026352249 ], [ 73.21883420601047, 22.318333580175601 ], [ 73.218978342043812, 22.318289133984809 ], [ 73.218978342043812, 22.318200241560756 ], [ 73.219122478077168, 22.318155795327502 ], [ 73.21917052342161, 22.318066902818526 ], [ 73.219314659454952, 22.31802245654281 ], [ 73.219362704799408, 22.317889117630738 ], [ 73.219458795488293, 22.317889117630738 ], [ 73.219554886177193, 22.317755778591298 ], [ 73.219650976866092, 22.317711332216511 ], [ 73.219747067554991, 22.317666885827567 ], [ 73.219795112899433, 22.317533546575817 ], [ 73.219939248932789, 22.31748910013027 ], [ 73.219987294277217, 22.317400207196695 ], [ 73.220083384966117, 22.31731131420651 ], [ 73.220227520999472, 22.317266867690201 ], [ 73.220275566343929, 22.317133528056324 ], [ 73.220419702377271, 22.317089081483388 ], [ 73.220419702377271, 22.317000188295072 ], [ 73.22051579306617, 22.316955741679671 ], [ 73.220563838410598, 22.316866848406438 ], [ 73.220659929099511, 22.316866848406438 ], [ 73.220659929099511, 22.316777955076592 ], [ 73.220756019788411, 22.316733508390431 ], [ 73.220804065132853, 22.316600168247057 ], [ 73.220852110477296, 22.316511274747381 ], [ 73.220948201166209, 22.316511274747381 ], [ 73.220996246510651, 22.316377934391713 ], [ 73.221092337199551, 22.316377934391713 ], [ 73.221092337199551, 22.316289040750512 ], [ 73.221140382543979, 22.316200147052694 ], [ 73.221236473232892, 22.316155700182552 ], [ 73.221236473232892, 22.316066806399817 ], [ 73.221284518577335, 22.315933465619583 ], [ 73.221380609266234, 22.315889018664535 ], [ 73.221428654610676, 22.315755677714463 ], [ 73.221428654610676, 22.315666783676999 ], [ 73.221476699955133, 22.315577889582908 ], [ 73.22152474529959, 22.315488995432226 ], [ 73.221620835988489, 22.315444548335648 ], [ 73.221620835988489, 22.31531120696102 ], [ 73.221668881332917, 22.315177865459027 ], [ 73.221716926677374, 22.315044523829656 ], [ 73.221813017366273, 22.315044523829656 ], [ 73.221909108055158, 22.31500007659157 ], [ 73.221909108055158, 22.314911182072922 ], [ 73.221957153399615, 22.314777840188832 ], [ 73.222005198744071, 22.31468894552868 ], [ 73.22210128943297, 22.31468894552868 ], [ 73.22210128943297, 22.314600050811908 ], [ 73.222149334777413, 22.314511156038545 ], [ 73.22219738012187, 22.314422261208566 ], [ 73.222293470810754, 22.314377813772349 ], [ 73.222341516155197, 22.314288918857468 ], [ 73.222437606844096, 22.314244471378803 ], [ 73.222581742877452, 22.314288918857468 ], [ 73.222581742877452, 22.314377813772349 ], [ 73.222629788221894, 22.314466708630636 ], [ 73.222725878910779, 22.314511156038545 ], [ 73.222725878910779, 22.314600050811908 ], [ 73.222821969599678, 22.314600050811908 ], [ 73.222918060288578, 22.314644498177369 ], [ 73.223014150977477, 22.314644498177369 ], [ 73.223110241666376, 22.314644498177369 ], [ 73.223254377699732, 22.314644498177369 ], [ 73.223398513733059, 22.31468894552868 ], [ 73.223494604421958, 22.31468894552868 ], [ 73.223494604421958, 22.314777840188832 ], [ 73.223638740455314, 22.314777840188832 ], [ 73.22378287648867, 22.314822287497684 ], [ 73.223927012521983, 22.31495562933932 ], [ 73.224071148555339, 22.315088971053605 ], [ 73.224167239244238, 22.315088971053605 ], [ 73.224263329933152, 22.315133418263393 ], [ 73.224311375277594, 22.315222312640511 ], [ 73.224359420622037, 22.31531120696102 ], [ 73.224455511310936, 22.315444548335648 ], [ 73.224551601999821, 22.315577889582908 ], [ 73.224695738033176, 22.315755677714463 ], [ 73.224743783377633, 22.315889018664535 ], [ 73.224839874066504, 22.315889018664535 ], [ 73.224887919410961, 22.315977912560481 ], [ 73.224935964755417, 22.316066806399817 ], [ 73.225032055444316, 22.316066806399817 ], [ 73.225128146133201, 22.316111253298267 ], [ 73.225128146133201, 22.316244593908671 ], [ 73.225272282166557, 22.316377934391713 ], [ 73.225368372855442, 22.316422381191085 ], [ 73.225416418199899, 22.316511274747381 ], [ 73.225512508888798, 22.316644614975676 ], [ 73.22565664492214, 22.316822401748592 ], [ 73.225704690266582, 22.316955741679671 ], [ 73.225800780955495, 22.316955741679671 ], [ 73.22589687164438, 22.317000188295072 ], [ 73.225944916988837, 22.317133528056324 ], [ 73.226041007677736, 22.317133528056324 ], [ 73.226089053022179, 22.317222421159727 ], [ 73.22623318905552, 22.317266867690201 ], [ 73.22623318905552, 22.317355760708683 ], [ 73.226377325088848, 22.31748910013027 ], [ 73.226521461122218, 22.317533546575817 ], [ 73.226521461122218, 22.317622439424468 ], [ 73.226617551811117, 22.317622439424468 ], [ 73.226761687844444, 22.317666885827567 ], [ 73.226761687844444, 22.317755778591298 ], [ 73.226905823877772, 22.317800224951931 ], [ 73.226905823877772, 22.317889117630738 ], [ 73.227049959911142, 22.317933563948923 ], [ 73.227049959911142, 22.31802245654281 ], [ 73.227146050600041, 22.318066902818526 ], [ 73.227194095944498, 22.318155795327502 ], [ 73.227338231977825, 22.318289133984809 ], [ 73.227434322666724, 22.318289133984809 ], [ 73.227434322666724, 22.318422472514737 ], [ 73.22757845870008, 22.31846691866307 ], [ 73.22757845870008, 22.318555810917278 ], [ 73.227626504044537, 22.318644703114877 ], [ 73.227722594733407, 22.318822487340224 ], [ 73.227866730766777, 22.318822487340224 ], [ 73.227866730766777, 22.318911379367975 ], [ 73.227866730766777, 22.319000271339107 ], [ 73.227914776111206, 22.319089163253626 ], [ 73.228010866800105, 22.319222501019254 ], [ 73.228106957489004, 22.319222501019254 ], [ 73.228106957489004, 22.319311392792237 ], [ 73.228155002833461, 22.319444730345548 ], [ 73.22825109352236, 22.319489176168354 ], [ 73.22825109352236, 22.319578067771488 ], [ 73.228347184211245, 22.319711405070024 ], [ 73.22844327490013, 22.319844742241187 ], [ 73.228587410933486, 22.319844742241187 ], [ 73.228635456277942, 22.319978079284951 ], [ 73.228731546966841, 22.320111416201335 ], [ 73.228779592311298, 22.320200307408143 ], [ 73.228875683000169, 22.320244752990323 ], [ 73.228875683000169, 22.320333644112207 ], [ 73.22901981903351, 22.320378089651921 ], [ 73.229067864377967, 22.320466980688884 ], [ 73.229163955066866, 22.320511426186133 ], [ 73.229308091100222, 22.320555871669225 ], [ 73.229308091100222, 22.320644762592956 ], [ 73.229356136444679, 22.320778098872374 ], [ 73.229404181789121, 22.320866989654554 ], [ 73.229500272477992, 22.320866989654554 ], [ 73.229596363166905, 22.320911435024414 ], [ 73.229740499200261, 22.321044771049053 ], [ 73.22983658988916, 22.321044771049053 ], [ 73.229884635233603, 22.321133661661371 ], [ 73.229980725922488, 22.321178106946299 ], [ 73.230076816611373, 22.321222552217076 ], [ 73.230220952644729, 22.321355887944456 ], [ 73.230268997989185, 22.321444778358611 ], [ 73.230365088678084, 22.321533668716139 ], [ 73.230461179366984, 22.321533668716139 ], [ 73.230509224711426, 22.321622559017054 ], [ 73.230605315400311, 22.321667004146278 ], [ 73.23070140608921, 22.321711449261343 ], [ 73.23070140608921, 22.321800339449013 ], [ 73.230797496778123, 22.321800339449013 ], [ 73.230797496778123, 22.321889229580062 ], [ 73.230845542122566, 22.322022564670462 ], [ 73.230941632811465, 22.322022564670462 ], [ 73.231085768844807, 22.322155899633476 ], [ 73.231133814189263, 22.322289234469089 ], [ 73.231229904878148, 22.322289234469089 ], [ 73.231325995567047, 22.322289234469089 ], [ 73.231374040911504, 22.322200344592833 ], [ 73.231374040911504, 22.322111454659964 ], [ 73.231374040911504, 22.322022564670462 ], [ 73.231374040911504, 22.321933674624351 ], [ 73.231422086255947, 22.321844784521616 ], [ 73.231518176944846, 22.321800339449013 ], [ 73.231566222289288, 22.321711449261343 ], [ 73.231662312978173, 22.321667004146278 ], [ 73.231758403667072, 22.321622559017054 ], [ 73.231758403667072, 22.321533668716139 ], [ 73.231854494355986, 22.321489223544454 ], [ 73.231902539700428, 22.321400333158614 ], [ 73.231998630389327, 22.321355887944456 ], [ 73.232142766422669, 22.321222552217076 ], [ 73.232238857111554, 22.321089216362285 ], [ 73.232334947800467, 22.321044771049053 ], [ 73.23238299314491, 22.320955880380115 ], [ 73.23238299314491, 22.320866989654554 ], [ 73.232527129178251, 22.32073365346006 ], [ 73.232527129178251, 22.320644762592956 ], [ 73.232623219867165, 22.320644762592956 ], [ 73.232623219867165, 22.320511426186133 ], [ 73.232719310556064, 22.320466980688884 ], [ 73.232767355900506, 22.320333644112207 ], [ 73.232863446589391, 22.320333644112207 ], [ 73.232863446589391, 22.320244752990323 ], [ 73.23295953727829, 22.320244752990323 ], [ 73.23305562796719, 22.320200307408143 ], [ 73.233103673311632, 22.320111416201335 ], [ 73.233199764000545, 22.320111416201335 ], [ 73.233247809344988, 22.320022524937905 ], [ 73.233391945378344, 22.319978079284951 ], [ 73.233488036067229, 22.319933633617847 ], [ 73.233488036067229, 22.319844742241187 ], [ 73.233584126756114, 22.319800296531621 ], [ 73.233680217445027, 22.319755850807905 ], [ 73.233776308133926, 22.319711405070024 ], [ 73.233872398822825, 22.319666959317995 ], [ 73.23396848951171, 22.319578067771488 ], [ 73.234064580200595, 22.319533621976998 ], [ 73.234112625545052, 22.319444730345548 ], [ 73.234160670889494, 22.31935583865749 ], [ 73.234256761578408, 22.31935583865749 ], [ 73.23430480692285, 22.319222501019254 ], [ 73.234400897611735, 22.319222501019254 ], [ 73.234448942956206, 22.319089163253626 ], [ 73.234545033645077, 22.319089163253626 ], [ 73.234593078989533, 22.318955825360618 ], [ 73.234689169678433, 22.318911379367975 ], [ 73.234689169678433, 22.318822487340224 ], [ 73.234833305711788, 22.318778041305112 ], [ 73.234833305711788, 22.318689149192444 ], [ 73.234881351056245, 22.318555810917278 ], [ 73.234929396400688, 22.318422472514737 ], [ 73.235025487089572, 22.318422472514737 ], [ 73.235073532434001, 22.318333580175601 ], [ 73.235073532434001, 22.318244687779863 ], [ 73.235217668467357, 22.318200241560756 ], [ 73.235217668467357, 22.318111349080088 ], [ 73.235265713811813, 22.31802245654281 ], [ 73.235361804500712, 22.317978010252943 ], [ 73.235361804500712, 22.317889117630738 ], [ 73.235505940534054, 22.317844671298413 ], [ 73.235553985878511, 22.317755778591298 ], [ 73.235650076567396, 22.317666885827567 ], [ 73.235746167256295, 22.317622439424468 ], [ 73.235746167256295, 22.317533546575817 ], [ 73.235746167256295, 22.317444653670563 ], [ 73.235746167256295, 22.317355760708683 ], [ 73.235746167256295, 22.317222421159727 ], [ 73.235746167256295, 22.317133528056324 ], [ 73.235746167256295, 22.317044634896305 ], [ 73.235650076567396, 22.317044634896305 ], [ 73.235553985878511, 22.317000188295072 ], [ 73.235457895189626, 22.316955741679671 ], [ 73.235409849845169, 22.316866848406438 ], [ 73.23531375915627, 22.316866848406438 ], [ 73.23531375915627, 22.316777955076592 ], [ 73.235169623122914, 22.316733508390431 ], [ 73.235169623122914, 22.316644614975676 ], [ 73.235121577778457, 22.316555721504301 ], [ 73.235073532434001, 22.316466827976306 ], [ 73.234977441745116, 22.316422381191085 ], [ 73.234881351056245, 22.316333487578188 ], [ 73.234881351056245, 22.316244593908671 ], [ 73.234881351056245, 22.316155700182552 ], [ 73.234785260367332, 22.316111253298267 ], [ 73.234785260367332, 22.316022359487231 ], [ 73.234785260367332, 22.315933465619583 ], [ 73.234737215022889, 22.315844571695322 ], [ 73.234737215022889, 22.315755677714463 ], [ 73.234689169678433, 22.315666783676999 ], [ 73.234689169678433, 22.315577889582908 ], [ 73.234689169678433, 22.315488995432226 ], [ 73.234689169678433, 22.315400101224924 ], [ 73.234689169678433, 22.31531120696102 ], [ 73.234689169678433, 22.315177865459027 ], [ 73.234785260367332, 22.315133418263393 ], [ 73.234833305711788, 22.315044523829656 ], [ 73.234881351056245, 22.31495562933932 ], [ 73.234977441745116, 22.31495562933932 ], [ 73.235025487089572, 22.314866734792378 ], [ 73.235073532434001, 22.314777840188832 ], [ 73.235217668467357, 22.314644498177369 ], [ 73.235121577778457, 22.314644498177369 ], [ 73.235025487089572, 22.314644498177369 ], [ 73.234929396400688, 22.314644498177369 ], [ 73.234833305711788, 22.314600050811908 ], [ 73.234785260367332, 22.314466708630636 ], [ 73.234689169678433, 22.314466708630636 ], [ 73.234593078989533, 22.314422261208566 ], [ 73.234593078989533, 22.314333366321986 ], [ 73.234496988300648, 22.314288918857468 ], [ 73.234400897611735, 22.314244471378803 ], [ 73.234400897611735, 22.314155576379001 ], [ 73.234352852267307, 22.314066681322604 ], [ 73.234256761578408, 22.314066681322604 ], [ 73.234208716233951, 22.313977786209605 ], [ 73.234112625545052, 22.31393333863187 ], [ 73.234016534856153, 22.313844443433958 ], [ 73.233920444167254, 22.313844443433958 ], [ 73.233824353478369, 22.313844443433958 ], [ 73.233728262789469, 22.313844443433958 ], [ 73.233584126756114, 22.313844443433958 ], [ 73.233488036067229, 22.313844443433958 ], [ 73.233391945378344, 22.313844443433958 ], [ 73.233247809344988, 22.313844443433958 ], [ 73.233151718656089, 22.313844443433958 ], [ 73.23305562796719, 22.313844443433958 ], [ 73.23295953727829, 22.313844443433958 ], [ 73.232863446589391, 22.313844443433958 ], [ 73.232863446589391, 22.313755548179433 ], [ 73.232767355900506, 22.313755548179433 ], [ 73.232575174522708, 22.313666652868317 ], [ 73.232527129178251, 22.313577757500592 ], [ 73.232431038489366, 22.313488862076255 ], [ 73.232334947800467, 22.313399966595323 ], [ 73.232334947800467, 22.313311071057786 ], [ 73.232238857111554, 22.313311071057786 ], [ 73.232094721078226, 22.31322217546364 ], [ 73.231998630389327, 22.313177727645343 ], [ 73.231854494355986, 22.313133279812892 ], [ 73.231854494355986, 22.313044384105538 ], [ 73.231614267633745, 22.312911040438383 ], [ 73.231470131600389, 22.312866592521029 ], [ 73.231374040911504, 22.312866592521029 ], [ 73.231277950222591, 22.312822144589529 ], [ 73.231277950222591, 22.312733248684061 ], [ 73.231181859533692, 22.312733248684061 ], [ 73.231085768844807, 22.312688800710102 ], [ 73.230941632811465, 22.312644352722 ], [ 73.230797496778123, 22.312599904719743 ], [ 73.230749451433667, 22.312511008672772 ], [ 73.230653360744768, 22.312511008672772 ], [ 73.230509224711426, 22.312466560628064 ], [ 73.230509224711426, 22.312377664496189 ], [ 73.230413134022541, 22.312377664496189 ], [ 73.230317043333642, 22.312333216409026 ], [ 73.230268997989185, 22.312199872062642 ], [ 73.230172907300286, 22.312199872062642 ], [ 73.230124861955829, 22.312066527588893 ], [ 73.230028771266944, 22.312066527588893 ], [ 73.229980725922488, 22.311933182987804 ], [ 73.229884635233603, 22.311933182987804 ], [ 73.22983658988916, 22.311799838259351 ], [ 73.229740499200261, 22.311799838259351 ], [ 73.229692453855805, 22.311710941702966 ], [ 73.229500272477992, 22.31157759676227 ], [ 73.229404181789121, 22.311533148420406 ], [ 73.229404181789121, 22.311444251694219 ], [ 73.229308091100222, 22.3113998033099 ], [ 73.229308091100222, 22.311310906498822 ], [ 73.229212000411323, 22.311266458072055 ], [ 73.229115909722424, 22.311222009631134 ], [ 73.229115909722424, 22.311133112706848 ], [ 73.228971773689068, 22.311133112706848 ], [ 73.228923728344625, 22.311044215725971 ], [ 73.228731546966841, 22.310999767214305 ], [ 73.228683501622399, 22.310866421594405 ], [ 73.228587410933486, 22.310866421594405 ], [ 73.228395229555701, 22.310777524443722 ], [ 73.228347184211245, 22.310688627236441 ], [ 73.22825109352236, 22.310688627236441 ], [ 73.228155002833461, 22.310644178611579 ], [ 73.228155002833461, 22.310555281319399 ], [ 73.228058912144562, 22.310555281319399 ], [ 73.228010866800105, 22.310466383970621 ], [ 73.227962821455648, 22.310377486565251 ], [ 73.227866730766777, 22.310377486565251 ], [ 73.227722594733407, 22.310333037841339 ], [ 73.227722594733407, 22.310244140351067 ], [ 73.227530413355623, 22.310199691584703 ], [ 73.227338231977825, 22.310066345200735 ], [ 73.227242141288926, 22.310021896377769 ], [ 73.227098005255598, 22.309932998689408 ], [ 73.227049959911142, 22.309844100944453 ], [ 73.226953869222243, 22.309844100944453 ], [ 73.226761687844444, 22.309755203142892 ], [ 73.226617551811117, 22.30966630528474 ], [ 73.226425370433304, 22.309577407369993 ], [ 73.226329279744419, 22.309488509398644 ], [ 73.226329279744419, 22.309399611370697 ], [ 73.226329279744419, 22.309310713286159 ], [ 73.22623318905552, 22.309310713286159 ], [ 73.226089053022179, 22.309266264222668 ], [ 73.226089053022179, 22.309177366053238 ], [ 73.225944916988837, 22.309132916947295 ], [ 73.225800780955495, 22.309044018692969 ], [ 73.225752735611039, 22.308910671205368 ], [ 73.225752735611039, 22.308821772809555 ], [ 73.22565664492214, 22.308821772809555 ], [ 73.225608599577683, 22.308732874357137 ], [ 73.225512508888798, 22.308688425109718 ], [ 73.225512508888798, 22.308599526572412 ], [ 73.225368372855442, 22.308555077282541 ], [ 73.225320327511014, 22.308421729328025 ], [ 73.2252242368221, 22.308421729328025 ], [ 73.225080100788745, 22.308332830620945 ], [ 73.224935964755417, 22.308288381246175 ], [ 73.224935964755417, 22.308199482454199 ], [ 73.224887919410961, 22.308110583605639 ], [ 73.224791828722076, 22.308110583605639 ], [ 73.224551601999821, 22.307977235226666 ], [ 73.224455511310936, 22.307932785738718 ], [ 73.224215284588695, 22.307843886720374 ], [ 73.224215284588695, 22.307754987645435 ], [ 73.224023103210882, 22.307710538086734 ], [ 73.223927012521983, 22.307666088513898 ], [ 73.22378287648867, 22.307577189325773 ], [ 73.223590695110857, 22.307443840437465 ], [ 73.223350468388617, 22.307310491421831 ], [ 73.223254377699732, 22.307266041721661 ], [ 73.223254377699732, 22.307177142278874 ], [ 73.223110241666376, 22.307132692536261 ], [ 73.223014150977477, 22.307132692536261 ], [ 73.222870014944121, 22.306999343223513 ], [ 73.22277392425525, 22.306954893424312 ], [ 73.222629788221894, 22.306910443610953 ], [ 73.222485652188553, 22.306821543941798 ], [ 73.222341516155197, 22.306777094085994 ], [ 73.222341516155197, 22.306688194331951 ], [ 73.22219738012187, 22.30664374443371 ], [ 73.222053244088514, 22.306554844594782 ], [ 73.221861062710715, 22.30642149473028 ], [ 73.22176497202183, 22.306377044747148 ], [ 73.22176497202183, 22.306288144738453 ], [ 73.221620835988489, 22.306288144738453 ], [ 73.221572790644032, 22.3061547946193 ], [ 73.221476699955133, 22.3061547946193 ], [ 73.221332563921777, 22.306110344551282 ], [ 73.221188427888436, 22.306065894469121 ], [ 73.221092337199551, 22.306021444372821 ], [ 73.221092337199551, 22.305932544137764 ], [ 73.220948201166209, 22.305932544137764 ], [ 73.220852110477296, 22.305888093999009 ], [ 73.220804065132853, 22.305799193679068 ], [ 73.220611883755055, 22.305754743497882 ], [ 73.22051579306617, 22.305710293302543 ], [ 73.220419702377271, 22.305710293302543 ], [ 73.220323611688372, 22.305665843093049 ], [ 73.22017947565503, 22.305576942631642 ], [ 73.220083384966117, 22.305576942631642 ], [ 73.219987294277217, 22.305532492379715 ], [ 73.219891203588332, 22.305532492379715 ], [ 73.219795112899433, 22.305488042113645 ], [ 73.219699022210548, 22.305488042113645 ], [ 73.219554886177193, 22.305399141539045 ], [ 73.219458795488293, 22.305399141539045 ], [ 73.219314659454952, 22.305399141539045 ], [ 73.219218568766067, 22.305354691230534 ], [ 73.219074432732711, 22.305354691230534 ], [ 73.218930296699355, 22.305354691230534 ], [ 73.218930296699355, 22.305265790571063 ], [ 73.21883420601047, 22.305265790571063 ], [ 73.218690069977143, 22.305265790571063 ], [ 73.218545933943787, 22.305221340220104 ], [ 73.21849788859933, 22.305132439475752 ], [ 73.218401797910417, 22.305132439475752 ], [ 73.218305707221518, 22.305132439475752 ], [ 73.218209616532647, 22.305087989082359 ], [ 73.218161571188205, 22.304999088253119 ], [ 73.218065480499305, 22.304999088253119 ], [ 73.21792134446595, 22.304954637817286 ], [ 73.217825253777036, 22.304954637817286 ], [ 73.217825253777036, 22.304865736903174 ], [ 73.217729163088165, 22.304865736903174 ], [ 73.217633072399266, 22.304821286424886 ], [ 73.21748893636591, 22.304821286424886 ], [ 73.217392845677011, 22.304776835932472 ], [ 73.21724870964367, 22.304776835932472 ], [ 73.217152618954785, 22.304687934905179 ], [ 73.217056528265886, 22.304687934905179 ], [ 73.21691239223253, 22.30464348437031 ], [ 73.216816301543631, 22.30464348437031 ], [ 73.216720210854746, 22.304599033821308 ], [ 73.216576074821404, 22.304599033821308 ], [ 73.216431938788048, 22.304599033821308 ], [ 73.216431938788048, 22.304510132680843 ], [ 73.216287802754692, 22.304510132680843 ], [ 73.216143666721351, 22.304510132680843 ], [ 73.215999530688023, 22.304465682089386 ], [ 73.215855394654668, 22.304465682089386 ], [ 73.215807349310225, 22.30437678086405 ], [ 73.215711258621326, 22.30437678086405 ], [ 73.215615167932427, 22.30437678086405 ], [ 73.215471031899071, 22.304287879582127 ], [ 73.215471031899071, 22.304198978243612 ], [ 73.215471031899071, 22.304110076848513 ], [ 73.215471031899071, 22.304021175396826 ], [ 73.215471031899071, 22.303932273888563 ], [ 73.215471031899071, 22.303843372323698 ], [ 73.215471031899071, 22.303754470702263 ], [ 73.215374941210186, 22.30366556902424 ], [ 73.215374941210186, 22.303576667289626 ], [ 73.215374941210186, 22.303487765498438 ], [ 73.215374941210186, 22.303398863650663 ], [ 73.215374941210186, 22.303309961746297 ], [ 73.215374941210186, 22.303221059785351 ], [ 73.215374941210186, 22.30313215776782 ], [ 73.215374941210186, 22.303043255693709 ], [ 73.215374941210186, 22.30295435356302 ], [ 73.215374941210186, 22.302865451375734 ], [ 73.215374941210186, 22.302776549131874 ], [ 73.215374941210186, 22.302687646831426 ], [ 73.215278850521287, 22.302598744474395 ], [ 73.215134714487945, 22.302554293274671 ], [ 73.214942533110161, 22.302509842060793 ], [ 73.214798397076805, 22.302509842060793 ], [ 73.214606215699021, 22.302420939590593 ], [ 73.214510125010108, 22.302420939590593 ], [ 73.214414034321209, 22.302420939590593 ], [ 73.214414034321209, 22.302509842060793 ], [ 73.214414034321209, 22.302598744474395 ], [ 73.214414034321209, 22.302776549131874 ], [ 73.214414034321209, 22.302865451375734 ], [ 73.214414034321209, 22.30295435356302 ], [ 73.214414034321209, 22.303043255693709 ], [ 73.214414034321209, 22.30313215776782 ], [ 73.214414034321209, 22.303221059785351 ], [ 73.214414034321209, 22.303309961746297 ], [ 73.214414034321209, 22.303398863650663 ], [ 73.214414034321209, 22.303487765498438 ], [ 73.214269898287881, 22.303532216401095 ], [ 73.21412576225454, 22.30362111816401 ], [ 73.214029671565626, 22.30362111816401 ], [ 73.213933580876727, 22.30362111816401 ], [ 73.213837490187842, 22.30362111816401 ], [ 73.213741399498943, 22.30362111816401 ], [ 73.213645308810058, 22.30362111816401 ], [ 73.213549218121159, 22.30362111816401 ], [ 73.213453127432246, 22.30362111816401 ], [ 73.213357036743361, 22.30362111816401 ], [ 73.213260946054461, 22.30362111816401 ], [ 73.213164855365548, 22.30362111816401 ], [ 73.213020719332221, 22.30362111816401 ], [ 73.212876583298865, 22.30362111816401 ], [ 73.212780492609966, 22.30362111816401 ], [ 73.212684401921081, 22.30362111816401 ], [ 73.212588311232196, 22.30362111816401 ], [ 73.212492220543282, 22.30362111816401 ], [ 73.212396129854383, 22.30362111816401 ], [ 73.212251993821027, 22.30362111816401 ], [ 73.212059812443258, 22.303576667289626 ], [ 73.211963721754358, 22.303576667289626 ], [ 73.211819585721003, 22.303576667289626 ], [ 73.211675449687661, 22.303576667289626 ], [ 73.211579358998776, 22.303576667289626 ], [ 73.21143522296542, 22.303576667289626 ], [ 73.211339132276521, 22.303576667289626 ], [ 73.211243041587622, 22.303576667289626 ], [ 73.211098905554294, 22.303576667289626 ], [ 73.211002814865395, 22.303576667289626 ], [ 73.210906724176496, 22.303576667289626 ], [ 73.210858678832039, 22.30366556902424 ], [ 73.210810633487597, 22.303754470702263 ], [ 73.21076258814314, 22.303887823113204 ], [ 73.210714542798684, 22.304021175396826 ], [ 73.210618452109799, 22.304065626129738 ], [ 73.210618452109799, 22.304154527553134 ], [ 73.210570406765342, 22.304287879582127 ], [ 73.210570406765342, 22.30437678086405 ], [ 73.210522361420914, 22.304510132680843 ], [ 73.210522361420914, 22.304599033821308 ], [ 73.210522361420914, 22.304687934905179 ], [ 73.210522361420914, 22.304776835932472 ], [ 73.210426270732015, 22.304910187367302 ], [ 73.210426270732015, 22.304999088253119 ], [ 73.210426270732015, 22.305087989082359 ], [ 73.210426270732015, 22.305221340220104 ], [ 73.210426270732015, 22.305310240907875 ], [ 73.210426270732015, 22.305399141539045 ], [ 73.210426270732015, 22.305488042113645 ], [ 73.210426270732015, 22.305576942631642 ], [ 73.210426270732015, 22.305665843093049 ], [ 73.210426270732015, 22.305754743497882 ], [ 73.210426270732015, 22.305843643846114 ], [ 73.210426270732015, 22.305932544137764 ], [ 73.210426270732015, 22.306021444372821 ], [ 73.210426270732015, 22.3061547946193 ], [ 73.210426270732015, 22.306288144738453 ], [ 73.210426270732015, 22.30642149473028 ], [ 73.210426270732015, 22.306554844594782 ], [ 73.210426270732015, 22.306688194331951 ], [ 73.210426270732015, 22.306777094085994 ], [ 73.210426270732015, 22.306910443610953 ], [ 73.210378225387558, 22.307177142278874 ], [ 73.210378225387558, 22.307266041721661 ], [ 73.210378225387558, 22.307354941107864 ], [ 73.210378225387558, 22.307488290081047 ], [ 73.210378225387558, 22.307621638926911 ], [ 73.210378225387558, 22.307710538086734 ], [ 73.210330180043115, 22.307799437189981 ], [ 73.210234089354202, 22.307799437189981 ], [ 73.210041907976418, 22.307843886720374 ], [ 73.209849726598634, 22.307843886720374 ], [ 73.209657545220821, 22.307754987645435 ], [ 73.20951340918748, 22.307710538086734 ], [ 73.20951340918748, 22.307621638926911 ], [ 73.209417318498581, 22.307621638926911 ], [ 73.209273182465253, 22.307577189325773 ], [ 73.20917709177634, 22.307532739710489 ], [ 73.209081001087455, 22.307532739710489 ], [ 73.208936865054099, 22.307532739710489 ], [ 73.208792729020743, 22.307532739710489 ], [ 73.208648592987416, 22.307532739710489 ], [ 73.208504456954074, 22.307532739710489 ], [ 73.208408366265161, 22.307621638926911 ], [ 73.208312275576262, 22.307666088513898 ], [ 73.208216184887377, 22.307666088513898 ], [ 73.208072048854035, 22.307799437189981 ], [ 73.207927912820693, 22.307932785738718 ], [ 73.20783182213178, 22.307932785738718 ], [ 73.207735731442881, 22.307932785738718 ], [ 73.207639640753996, 22.307932785738718 ], [ 73.207543550065111, 22.307932785738718 ], [ 73.207447459376212, 22.307932785738718 ], [ 73.207351368687299, 22.307932785738718 ], [ 73.207255277998399, 22.307932785738718 ], [ 73.207495504720654, 22.307843886720374 ] ] ] } },
{ "type": "Feature", "properties": { "fid": 6, "ward_id": 7 }, "geometry": { "type": "Polygon", "coordinates": [ [ [ 73.188853911074688, 22.308510627978521 ], [ 73.188950001763573, 22.308643975848135 ], [ 73.189046092452472, 22.308643975848135 ], [ 73.189142183141385, 22.308688425109718 ], [ 73.189238273830284, 22.308821772809555 ], [ 73.189334364519169, 22.308821772809555 ], [ 73.189430455208068, 22.308866222014537 ], [ 73.189478500552497, 22.308955120382052 ], [ 73.189526545896953, 22.309088467827205 ], [ 73.189622636585852, 22.309177366053238 ], [ 73.189670681930309, 22.309355162335503 ], [ 73.189670681930309, 22.309444060391744 ], [ 73.189766772619208, 22.309444060391744 ], [ 73.189766772619208, 22.30953295839139 ], [ 73.189814817963651, 22.309621856334434 ], [ 73.189862863308107, 22.309710754220891 ], [ 73.18991090865255, 22.309844100944453 ], [ 73.190006999341435, 22.309888549824006 ], [ 73.190006999341435, 22.309977447540664 ], [ 73.190006999341435, 22.310066345200735 ], [ 73.190055044685892, 22.310155242804196 ], [ 73.190151135374791, 22.310199691584703 ], [ 73.19024722606369, 22.310244140351067 ], [ 73.190391362097031, 22.310244140351067 ], [ 73.190535498130387, 22.310421935275006 ], [ 73.190631588819272, 22.310421935275006 ], [ 73.190775724852628, 22.310421935275006 ], [ 73.190871815541513, 22.310510832652081 ], [ 73.190967906230426, 22.310555281319399 ], [ 73.191112042263768, 22.310555281319399 ], [ 73.19125617829711, 22.310555281319399 ], [ 73.191400314330451, 22.310555281319399 ], [ 73.191544450363807, 22.310555281319399 ], [ 73.191640541052678, 22.310555281319399 ], [ 73.191784677086034, 22.310644178611579 ], [ 73.191928813119375, 22.310644178611579 ], [ 73.192024903808289, 22.310644178611579 ], [ 73.19216903984163, 22.310644178611579 ], [ 73.192313175874972, 22.310644178611579 ], [ 73.192409266563857, 22.310644178611579 ], [ 73.192505357252756, 22.310644178611579 ], [ 73.192601447941669, 22.310644178611579 ], [ 73.192697538630568, 22.310644178611579 ], [ 73.192745583974997, 22.310777524443722 ], [ 73.192841674663896, 22.310910870148515 ], [ 73.192937765352795, 22.310999767214305 ], [ 73.192985810697238, 22.311088664223483 ], [ 73.193081901386151, 22.311133112706848 ], [ 73.193129946730593, 22.311310906498822 ], [ 73.19317799207505, 22.3113998033099 ], [ 73.193274082763949, 22.3113998033099 ], [ 73.193274082763949, 22.311533148420406 ], [ 73.193370173452834, 22.311666493403557 ], [ 73.193418218797262, 22.311799838259351 ], [ 73.193514309486176, 22.311933182987801 ], [ 73.193562354830618, 22.312022079402681 ], [ 73.193610400175075, 22.312110975760962 ], [ 73.193706490863974, 22.312244320192253 ], [ 73.193754536208431, 22.312377664496189 ], [ 73.193898672241758, 22.312599904719743 ], [ 73.193898672241758, 22.312733248684061 ], [ 73.193898672241758, 22.312822144589521 ], [ 73.193994762930657, 22.312999936230636 ], [ 73.1940428082751, 22.313133279812892 ], [ 73.1940428082751, 22.31322217546364 ], [ 73.1940428082751, 22.313311071057786 ], [ 73.194090853619556, 22.313399966595323 ], [ 73.194138898964013, 22.313533309795499 ], [ 73.194234989652912, 22.313666652868317 ], [ 73.194283034997369, 22.313799995813774 ], [ 73.194379125686254, 22.31393333863187 ], [ 73.194379125686254, 22.31402223377318 ], [ 73.194427171030696, 22.314155576379001 ], [ 73.194427171030696, 22.314244471378803 ], [ 73.194571307064038, 22.314422261208566 ], [ 73.194667397752937, 22.314600050811908 ], [ 73.194667397752937, 22.314733392865826 ], [ 73.194763488441851, 22.314866734792378 ], [ 73.194763488441851, 22.31495562933932 ], [ 73.194763488441851, 22.315044523829656 ], [ 73.194763488441851, 22.315133418263393 ], [ 73.194763488441851, 22.315222312640511 ], [ 73.194763488441851, 22.31531120696102 ], [ 73.194763488441851, 22.315444548335648 ], [ 73.194763488441851, 22.315533442514642 ], [ 73.194763488441851, 22.315622336637034 ], [ 73.194907624475178, 22.315622336637034 ], [ 73.195051760508534, 22.315622336637034 ], [ 73.195147851197419, 22.315622336637034 ], [ 73.195243941886318, 22.315622336637034 ], [ 73.195340032575231, 22.315622336637034 ], [ 73.195436123264116, 22.315622336637034 ], [ 73.195532213953015, 22.315622336637034 ], [ 73.1956283046419, 22.315622336637034 ], [ 73.195724395330799, 22.315622336637034 ], [ 73.195820486019713, 22.315622336637034 ], [ 73.195916576708598, 22.315622336637034 ], [ 73.196012667397497, 22.315622336637034 ], [ 73.196108758086396, 22.315622336637034 ], [ 73.196252894119738, 22.315622336637034 ], [ 73.196348984808637, 22.315622336637034 ], [ 73.196445075497522, 22.315622336637034 ], [ 73.196541166186435, 22.315622336637034 ], [ 73.196637256875334, 22.315622336637034 ], [ 73.196733347564219, 22.315666783676999 ], [ 73.196829438253118, 22.315666783676999 ], [ 73.196925528941989, 22.315755677714463 ], [ 73.197021619630917, 22.315755677714463 ], [ 73.197117710319816, 22.315755677714463 ], [ 73.197165755664258, 22.315889018664535 ], [ 73.197261846353143, 22.315889018664535 ], [ 73.197357937042042, 22.316022359487231 ], [ 73.197502073075384, 22.316066806399817 ], [ 73.197550118419841, 22.316155700182552 ], [ 73.19764620910874, 22.316155700182552 ], [ 73.197742299797625, 22.316289040750512 ], [ 73.197886435830995, 22.316289040750512 ], [ 73.197982526519866, 22.316289040750512 ], [ 73.198030571864322, 22.316377934391713 ], [ 73.198078617208779, 22.316466827976306 ], [ 73.198174707897678, 22.316466827976306 ], [ 73.198222753242135, 22.316600168247057 ], [ 73.198318843931006, 22.316644614975676 ], [ 73.198318843931006, 22.316733508390431 ], [ 73.198366889275476, 22.316822401748592 ], [ 73.198366889275476, 22.316911295050136 ], [ 73.198366889275476, 22.317000188295072 ], [ 73.198366889275476, 22.317089081483388 ], [ 73.198366889275476, 22.317177974615095 ], [ 73.198366889275476, 22.317266867690201 ], [ 73.198366889275476, 22.317400207196695 ], [ 73.198366889275476, 22.31748910013027 ], [ 73.198366889275476, 22.317577993007223 ], [ 73.198366889275476, 22.317666885827567 ], [ 73.198366889275476, 22.317755778591298 ], [ 73.198366889275476, 22.317889117630738 ], [ 73.198366889275476, 22.31802245654281 ], [ 73.198366889275476, 22.318111349080088 ], [ 73.198366889275476, 22.318200241560756 ], [ 73.198222753242135, 22.318333580175601 ], [ 73.198222753242135, 22.318422472514737 ], [ 73.198126662553221, 22.31846691866307 ], [ 73.197982526519866, 22.318511364797246 ], [ 73.197790345142096, 22.318689149192441 ], [ 73.19764620910874, 22.318733595255857 ], [ 73.197598163764297, 22.318866933361168 ], [ 73.197502073075384, 22.318866933361168 ], [ 73.197502073075384, 22.318955825360618 ], [ 73.197454027730942, 22.319089163253626 ], [ 73.197454027730942, 22.319222501019254 ], [ 73.197357937042042, 22.319266946912823 ], [ 73.197357937042042, 22.31935583865749 ], [ 73.197357937042042, 22.319489176168354 ], [ 73.197357937042042, 22.319578067771488 ], [ 73.197357937042042, 22.319666959317995 ], [ 73.197309891697614, 22.319800296531621 ], [ 73.197309891697614, 22.319889187936596 ], [ 73.197309891697614, 22.319978079284951 ], [ 73.197309891697614, 22.320066970576693 ], [ 73.197309891697614, 22.320155861811813 ], [ 73.197309891697614, 22.320244752990323 ], [ 73.197309891697614, 22.320333644112207 ], [ 73.197454027730942, 22.320511426186133 ], [ 73.197502073075384, 22.320644762592956 ], [ 73.197598163764297, 22.320644762592956 ], [ 73.197742299797625, 22.320778098872374 ], [ 73.197838390486524, 22.320778098872374 ], [ 73.197934481175423, 22.320866989654554 ], [ 73.198030571864322, 22.320866989654554 ], [ 73.198174707897678, 22.320866989654554 ], [ 73.198270798586577, 22.320866989654554 ], [ 73.198366889275476, 22.320866989654554 ], [ 73.198462979964347, 22.320866989654554 ], [ 73.198559070653246, 22.320778098872374 ], [ 73.19865516134216, 22.320778098872374 ], [ 73.198751252031059, 22.320778098872374 ], [ 73.198895388064386, 22.320778098872374 ], [ 73.198991478753285, 22.320733653460056 ], [ 73.199087569442185, 22.320644762592956 ], [ 73.19923170547554, 22.320600317138162 ], [ 73.19932779616444, 22.320600317138162 ], [ 73.199375841508896, 22.320511426186133 ], [ 73.199471932197781, 22.320466980688884 ], [ 73.199568022886666, 22.320422535177485 ], [ 73.199712158920022, 22.320333644112207 ], [ 73.199856294953378, 22.320333644112207 ], [ 73.199856294953378, 22.320244752990323 ], [ 73.200000430986705, 22.320244752990323 ], [ 73.20009652167559, 22.320244752990323 ], [ 73.200192612364503, 22.320200307408143 ], [ 73.200288703053403, 22.320200307408143 ], [ 73.200384793742302, 22.320200307408143 ], [ 73.200480884431201, 22.320200307408143 ], [ 73.200625020464528, 22.320244752990323 ], [ 73.200673065808985, 22.320333644112207 ], [ 73.200769156497884, 22.320333644112207 ], [ 73.200817201842341, 22.320422535177485 ], [ 73.20091329253124, 22.320422535177485 ], [ 73.201009383220125, 22.320422535177485 ], [ 73.201105473909024, 22.320422535177485 ], [ 73.201201564597909, 22.320422535177485 ], [ 73.201201564597909, 22.320511426186133 ], [ 73.201297655286808, 22.320644762592956 ], [ 73.201297655286808, 22.320733653460056 ], [ 73.201297655286808, 22.320822544270541 ], [ 73.201345700631265, 22.320955880380115 ], [ 73.201345700631265, 22.321044771049053 ], [ 73.201441791320164, 22.321266997473685 ], [ 73.201441791320164, 22.321400333158614 ], [ 73.201441791320164, 22.321533668716139 ], [ 73.201489836664592, 22.321622559017047 ], [ 73.201489836664592, 22.321755894362255 ], [ 73.201489836664592, 22.321844784521616 ], [ 73.201537882009063, 22.321933674624351 ], [ 73.201585927353506, 22.322067009672292 ], [ 73.201682018042391, 22.322111454659964 ], [ 73.201682018042391, 22.322200344592833 ], [ 73.201730063386862, 22.322333679385981 ], [ 73.201730063386862, 22.322422569177299 ], [ 73.201826154075746, 22.322422569177299 ], [ 73.201826154075746, 22.322555903758111 ], [ 73.201874199420203, 22.322644793407871 ], [ 73.201874199420203, 22.322733683001012 ], [ 73.201874199420203, 22.322822572537532 ], [ 73.201874199420203, 22.322911462017426 ], [ 73.201874199420203, 22.323000351440704 ], [ 73.201874199420203, 22.323089240807349 ], [ 73.201874199420203, 22.323178130117373 ], [ 73.201922244764646, 22.323311463976239 ], [ 73.201922244764646, 22.323444797707705 ], [ 73.201922244764646, 22.32353368679124 ], [ 73.201970290109102, 22.323667020310353 ], [ 73.201970290109102, 22.323755909252331 ], [ 73.201970290109102, 22.323844798137674 ], [ 73.201970290109102, 22.323978131359514 ], [ 73.201970290109102, 22.324111464453956 ], [ 73.201922244764646, 22.324289241715007 ], [ 73.201922244764646, 22.324467018749569 ], [ 73.201922244764646, 22.324555907181907 ], [ 73.201922244764646, 22.324644795557621 ], [ 73.201922244764646, 22.324778128015019 ], [ 73.201922244764646, 22.324911460344989 ], [ 73.201922244764646, 22.325044792547573 ], [ 73.201922244764646, 22.325133680611831 ], [ 73.201922244764646, 22.32522256861947 ], [ 73.201922244764646, 22.325355900524748 ], [ 73.201922244764646, 22.325444788390808 ], [ 73.201970290109102, 22.325533676200255 ], [ 73.202018335453545, 22.325622563953061 ], [ 73.202114426142444, 22.325755895476096 ], [ 73.202162471486886, 22.32588922687172 ], [ 73.202258562175771, 22.326067001867685 ], [ 73.202306607520242, 22.326155889280713 ], [ 73.20235465286467, 22.326289220294093 ], [ 73.202450743553584, 22.326289220294093 ], [ 73.202498788898026, 22.326422551180052 ], [ 73.202594879586925, 22.326422551180052 ], [ 73.202739015620253, 22.326422551180052 ], [ 73.202835106309152, 22.326422551180052 ], [ 73.202979242342508, 22.326422551180052 ], [ 73.203075333031407, 22.326422551180052 ], [ 73.203171423720306, 22.326422551180052 ], [ 73.203315559753662, 22.326422551180052 ], [ 73.203411650442533, 22.326422551180052 ], [ 73.203459695786989, 22.326511438366566 ], [ 73.203555786475874, 22.326511438366566 ], [ 73.203699922509244, 22.326511438366566 ], [ 73.203796013198144, 22.326511438366566 ], [ 73.203892103887043, 22.326511438366566 ], [ 73.203988194575928, 22.326511438366566 ], [ 73.204084285264813, 22.326511438366566 ], [ 73.204132330609269, 22.326600325496447 ], [ 73.204228421298168, 22.326600325496447 ], [ 73.204324511987068, 22.326600325496447 ], [ 73.204468648020423, 22.326600325496447 ], [ 73.204564738709294, 22.326600325496447 ], [ 73.204660829398193, 22.326733656085104 ], [ 73.204804965431549, 22.326733656085104 ], [ 73.204949101464905, 22.326733656085104 ], [ 73.20504519215379, 22.326733656085104 ], [ 73.205141282842675, 22.326733656085104 ], [ 73.205237373531574, 22.326778099586335 ], [ 73.20538150956493, 22.326778099586335 ], [ 73.20538150956493, 22.326866986546328 ], [ 73.205525645598271, 22.326866986546328 ], [ 73.205621736287156, 22.327000316880142 ], [ 73.205765872320512, 22.327000316880142 ], [ 73.205861963009411, 22.327000316880142 ], [ 73.205958053698325, 22.327000316880142 ], [ 73.206102189731652, 22.327044760296431 ], [ 73.206198280420537, 22.327222533819995 ], [ 73.206294371109436, 22.327222533819995 ], [ 73.20639046179835, 22.327222533819995 ], [ 73.206486552487249, 22.327266977165493 ], [ 73.206534597831677, 22.327355863814013 ], [ 73.20663068852059, 22.327355863814013 ], [ 73.20672677920949, 22.327355863814013 ], [ 73.206870915242831, 22.327355863814013 ], [ 73.20696700593173, 22.327355863814013 ], [ 73.207063096620601, 22.327355863814013 ], [ 73.207207232653971, 22.327355863814013 ], [ 73.20730332334287, 22.327400307117045 ], [ 73.207447459376212, 22.327400307117045 ], [ 73.207543550065111, 22.327400307117045 ], [ 73.207639640753996, 22.327355863814013 ], [ 73.207735731442909, 22.327355863814013 ], [ 73.207735731442909, 22.327266977165493 ], [ 73.20783182213178, 22.327266977165493 ], [ 73.20783182213178, 22.327178090460343 ], [ 73.207879867476237, 22.327044760296431 ], [ 73.207879867476237, 22.326955873449691 ], [ 73.207879867476237, 22.326866986546328 ], [ 73.207879867476237, 22.326778099586335 ], [ 73.207879867476237, 22.326689212569715 ], [ 73.207879867476237, 22.326600325496447 ], [ 73.207879867476237, 22.326511438366566 ], [ 73.207879867476237, 22.326422551180052 ], [ 73.207879867476237, 22.3263336639369 ], [ 73.207735731442909, 22.326200332965996 ], [ 73.207735731442909, 22.326067001867685 ], [ 73.207591595409554, 22.326022558139929 ], [ 73.207591595409554, 22.325933670641952 ], [ 73.207591595409554, 22.325844783087341 ], [ 73.207591595409554, 22.325755895476096 ], [ 73.207591595409554, 22.325667007808228 ], [ 73.207591595409554, 22.325578120083737 ], [ 73.207591595409554, 22.325489232302608 ], [ 73.207591595409554, 22.325400344464864 ], [ 73.207639640753996, 22.325311456570486 ], [ 73.207735731442909, 22.325267012602048 ], [ 73.207735731442909, 22.325178124622727 ], [ 73.207783776787352, 22.325089236586781 ], [ 73.207879867476237, 22.325089236586781 ], [ 73.207879867476237, 22.325000348494196 ], [ 73.207975958165136, 22.325000348494196 ], [ 73.208072048854035, 22.325000348494196 ], [ 73.208168139542934, 22.325000348494196 ], [ 73.20831227557629, 22.325000348494196 ], [ 73.208456411609617, 22.325000348494196 ], [ 73.208552502298531, 22.325000348494196 ], [ 73.208696638331872, 22.325000348494196 ], [ 73.208840774365214, 22.325000348494196 ], [ 73.20898491039857, 22.325000348494196 ], [ 73.209081001087455, 22.325000348494196 ], [ 73.20917709177634, 22.325000348494196 ], [ 73.209273182465253, 22.325000348494196 ], [ 73.209417318498581, 22.325000348494196 ], [ 73.20951340918748, 22.325000348494196 ], [ 73.209657545220821, 22.325000348494196 ], [ 73.209753635909735, 22.325000348494196 ], [ 73.209849726598634, 22.325000348494196 ], [ 73.20999386263199, 22.325000348494196 ], [ 73.210089953320875, 22.325000348494196 ], [ 73.21018604400976, 22.325000348494196 ], [ 73.210282134698659, 22.325000348494196 ], [ 73.210426270732015, 22.325000348494196 ], [ 73.21057040676537, 22.325000348494196 ], [ 73.210666497454255, 22.325000348494196 ], [ 73.21076258814314, 22.325000348494196 ], [ 73.210858678832039, 22.325000348494196 ], [ 73.210954769520953, 22.325000348494196 ], [ 73.211050860209852, 22.325000348494196 ], [ 73.211194996243165, 22.325000348494196 ], [ 73.211291086932064, 22.325000348494196 ], [ 73.211387177620978, 22.325000348494196 ], [ 73.211483268309877, 22.325000348494196 ], [ 73.211579358998776, 22.325000348494196 ], [ 73.211723495032118, 22.325000348494196 ], [ 73.211819585721003, 22.325000348494196 ], [ 73.211963721754358, 22.324955904426673 ], [ 73.212107857787714, 22.324955904426673 ], [ 73.212155903132157, 22.324867016249158 ], [ 73.212251993821056, 22.324867016249158 ], [ 73.212348084509927, 22.324867016249158 ], [ 73.21244417519884, 22.324867016249158 ], [ 73.212540265887739, 22.324822572139169 ], [ 73.212636356576638, 22.324822572139169 ], [ 73.212732447265537, 22.324822572139169 ], [ 73.212876583298865, 22.324822572139169 ], [ 73.212972673987764, 22.324778128015019 ], [ 73.213068764676677, 22.324778128015019 ], [ 73.213068764676677, 22.32468923972424 ], [ 73.21311681002112, 22.324555907181907 ], [ 73.213164855365548, 22.324467018749569 ], [ 73.213164855365548, 22.324378130260605 ], [ 73.213164855365548, 22.324289241715007 ], [ 73.213164855365548, 22.324200353112797 ], [ 73.213164855365548, 22.324111464453956 ], [ 73.213164855365548, 22.324022575738486 ], [ 73.213164855365548, 22.323933686966392 ], [ 73.213164855365548, 22.323844798137674 ], [ 73.213164855365548, 22.323711464788417 ], [ 73.213164855365548, 22.323622575818142 ], [ 73.213164855365548, 22.323489242256553 ], [ 73.213164855365548, 22.323400353144709 ], [ 73.213164855365548, 22.323311463976239 ], [ 73.213164855365548, 22.323222574751146 ], [ 73.213164855365548, 22.32313368546944 ], [ 73.213164855365548, 22.323000351440704 ], [ 73.213164855365548, 22.322911462017426 ], [ 73.213164855365548, 22.322778127776353 ], [ 73.213164855365548, 22.322644793407871 ], [ 73.213164855365548, 22.32251145891199 ], [ 73.213164855365548, 22.322422569177299 ], [ 73.213164855365548, 22.322333679385981 ], [ 73.213164855365548, 22.322200344592833 ], [ 73.213164855365548, 22.322111454659964 ], [ 73.213164855365548, 22.321978119654482 ], [ 73.213164855365548, 22.321889229580062 ], [ 73.213164855365548, 22.321800339449013 ], [ 73.213164855365548, 22.321711449261343 ], [ 73.213164855365548, 22.321622559017047 ], [ 73.213164855365548, 22.321489223544454 ], [ 73.213164855365548, 22.321400333158614 ], [ 73.213164855365548, 22.321266997473685 ], [ 73.213164855365548, 22.321178106946299 ], [ 73.21311681002112, 22.321089216362285 ], [ 73.21311681002112, 22.321000325721656 ], [ 73.21311681002112, 22.320911435024414 ], [ 73.213068764676677, 22.320822544270541 ], [ 73.213068764676677, 22.320733653460056 ], [ 73.213068764676677, 22.320600317138162 ], [ 73.213020719332221, 22.320511426186133 ], [ 73.213020719332221, 22.320422535177485 ], [ 73.213020719332221, 22.320289198558346 ], [ 73.213020719332221, 22.320200307408143 ], [ 73.212876583298865, 22.320155861811813 ], [ 73.212876583298865, 22.320066970576693 ], [ 73.212876583298865, 22.319933633617847 ], [ 73.212876583298865, 22.319800296531621 ], [ 73.212876583298865, 22.319666959317995 ], [ 73.212876583298865, 22.319578067771488 ], [ 73.212828537954437, 22.319489176168354 ], [ 73.21278049260998, 22.319400284508603 ], [ 73.212684401921081, 22.31935583865749 ], [ 73.212684401921081, 22.319266946912823 ], [ 73.212684401921081, 22.319178055111529 ], [ 73.212636356576638, 22.318778041305112 ], [ 73.212540265887739, 22.318733595255857 ], [ 73.212492220543282, 22.318644703114877 ], [ 73.212396129854383, 22.318511364797246 ], [ 73.212348084509927, 22.318422472514737 ], [ 73.212348084509927, 22.318333580175601 ], [ 73.212348084509927, 22.318244687779863 ], [ 73.212348084509927, 22.318155795327502 ], [ 73.212348084509927, 22.318066902818526 ], [ 73.212348084509927, 22.317978010252943 ], [ 73.212348084509927, 22.317889117630738 ], [ 73.212348084509927, 22.317800224951931 ], [ 73.212300039165498, 22.317666885827567 ], [ 73.212300039165498, 22.317533546575817 ], [ 73.212300039165498, 22.317400207196695 ], [ 73.212300039165498, 22.317266867690201 ], [ 73.212300039165498, 22.317133528056324 ], [ 73.212203948476599, 22.317089081483388 ], [ 73.212203948476599, 22.317000188295072 ], [ 73.212203948476599, 22.316911295050136 ], [ 73.212107857787714, 22.316777955076592 ], [ 73.212107857787714, 22.316689061690127 ], [ 73.212107857787714, 22.316555721504301 ], [ 73.212107857787714, 22.316466827976306 ], [ 73.212107857787714, 22.316377934391713 ], [ 73.212107857787714, 22.316289040750512 ], [ 73.211963721754358, 22.316155700182552 ], [ 73.211963721754358, 22.316022359487231 ], [ 73.211963721754358, 22.315889018664535 ], [ 73.211963721754358, 22.31580012471197 ], [ 73.211819585721003, 22.31571123070281 ], [ 73.211819585721003, 22.315577889582908 ], [ 73.211819585721003, 22.315444548335648 ], [ 73.211819585721003, 22.31531120696102 ], [ 73.211819585721003, 22.315222312640511 ], [ 73.211819585721003, 22.315133418263393 ], [ 73.211819585721003, 22.315044523829656 ], [ 73.211723495032118, 22.31495562933932 ], [ 73.211723495032118, 22.314866734792378 ], [ 73.211723495032118, 22.314733392865826 ], [ 73.211723495032118, 22.314644498177369 ], [ 73.211723495032118, 22.314555603432307 ], [ 73.211723495032118, 22.314466708630636 ], [ 73.211723495032118, 22.314377813772349 ], [ 73.211723495032118, 22.314288918857464 ], [ 73.211723495032118, 22.314200023885974 ], [ 73.211723495032118, 22.314111128857881 ], [ 73.211723495032118, 22.31402223377318 ], [ 73.211579358998776, 22.313977786209591 ], [ 73.211579358998776, 22.313888891039987 ], [ 73.211579358998776, 22.313799995813774 ], [ 73.211579358998776, 22.313711100530949 ], [ 73.211483268309877, 22.313666652868317 ], [ 73.211483268309877, 22.313577757500592 ], [ 73.211483268309877, 22.313488862076255 ], [ 73.211339132276521, 22.313444414342865 ], [ 73.211339132276521, 22.313355518833628 ], [ 73.211291086932064, 22.313266623267786 ], [ 73.211243041587636, 22.313133279812892 ], [ 73.211243041587636, 22.313044384105538 ], [ 73.211243041587636, 22.312955488341579 ], [ 73.211243041587636, 22.312866592521029 ], [ 73.211098905554294, 22.312777696643867 ], [ 73.211098905554294, 22.312688800710102 ], [ 73.211002814865395, 22.312599904719743 ], [ 73.211002814865395, 22.312466560628064 ], [ 73.211002814865395, 22.312377664496189 ], [ 73.211002814865395, 22.312288768307713 ], [ 73.211002814865395, 22.312199872062642 ], [ 73.211002814865395, 22.312110975760962 ], [ 73.211002814865395, 22.312022079402681 ], [ 73.211002814865395, 22.311888734759137 ], [ 73.210954769520953, 22.311799838259351 ], [ 73.210954769520953, 22.311710941702966 ], [ 73.210954769520953, 22.311622045089987 ], [ 73.210810633487597, 22.31157759676227 ], [ 73.210810633487597, 22.311488700064384 ], [ 73.210810633487597, 22.3113998033099 ], [ 73.210810633487597, 22.311310906498822 ], [ 73.210810633487597, 22.311222009631134 ], [ 73.210810633487597, 22.311133112706848 ], [ 73.210810633487597, 22.311044215725968 ], [ 73.210810633487597, 22.310955318688482 ], [ 73.21076258814314, 22.310866421594405 ], [ 73.21076258814314, 22.310777524443722 ], [ 73.210714542798684, 22.310688627236441 ], [ 73.210714542798684, 22.310599729972566 ], [ 73.210714542798684, 22.310466383970621 ], [ 73.210618452109799, 22.310466383970621 ], [ 73.210618452109799, 22.310377486565251 ], [ 73.210618452109799, 22.310466383970621 ], [ 73.21057040676537, 22.310555281319399 ], [ 73.210426270732015, 22.310688627236441 ], [ 73.210426270732015, 22.310777524443722 ], [ 73.210378225387558, 22.310866421594405 ], [ 73.210282134698659, 22.310910870148515 ], [ 73.210282134698659, 22.310999767214305 ], [ 73.210137998665317, 22.311044215725968 ], [ 73.209945817287533, 22.311222009631134 ], [ 73.209849726598634, 22.311222009631134 ], [ 73.209849726598634, 22.311310906498822 ], [ 73.209753635909735, 22.311310906498822 ], [ 73.209657545220821, 22.311355354911434 ], [ 73.209561454531951, 22.3113998033099 ], [ 73.209417318498581, 22.311444251694219 ], [ 73.209321227809696, 22.311488700064384 ], [ 73.209225137120796, 22.311488700064384 ], [ 73.209081001087455, 22.311533148420406 ], [ 73.208936865054099, 22.31157759676227 ], [ 73.208840774365214, 22.31157759676227 ], [ 73.208744683676315, 22.311622045089987 ], [ 73.208648592987416, 22.311622045089987 ], [ 73.208552502298531, 22.311666493403557 ], [ 73.208456411609617, 22.311666493403557 ], [ 73.208408366265189, 22.311755389988239 ], [ 73.20831227557629, 22.311755389988239 ], [ 73.208216184887391, 22.311755389988239 ], [ 73.208120094198478, 22.311755389988239 ], [ 73.208024003509593, 22.311755389988239 ], [ 73.207927912820693, 22.311755389988239 ], [ 73.20783182213178, 22.311755389988239 ], [ 73.207735731442909, 22.311755389988239 ], [ 73.207639640753996, 22.311755389988239 ], [ 73.207543550065111, 22.311755389988239 ], [ 73.207399414031755, 22.311844286516319 ], [ 73.207255277998399, 22.311844286516319 ], [ 73.207159187309529, 22.311844286516319 ], [ 73.207063096620601, 22.311844286516319 ], [ 73.20696700593173, 22.311844286516319 ], [ 73.206822869898375, 22.311799838259351 ], [ 73.20663068852059, 22.311666493403557 ], [ 73.20663068852059, 22.31157759676227 ], [ 73.206438507142792, 22.311444251694219 ], [ 73.20639046179835, 22.311355354911434 ], [ 73.206246325764994, 22.311222009631134 ], [ 73.206246325764994, 22.311133112706848 ], [ 73.206150235076109, 22.311133112706848 ], [ 73.206102189731652, 22.311044215725968 ], [ 73.206006099042767, 22.310999767214305 ], [ 73.205958053698325, 22.310910870148515 ], [ 73.205910008353868, 22.310821973026137 ], [ 73.205717826976056, 22.31073307584715 ], [ 73.205669781631613, 22.310599729972566 ], [ 73.205621736287156, 22.310466383970621 ], [ 73.20538150956493, 22.310333037841339 ], [ 73.20538150956493, 22.310199691584703 ], [ 73.205189328187132, 22.310066345200735 ], [ 73.205189328187132, 22.309977447540664 ], [ 73.205141282842675, 22.309888549824006 ], [ 73.204997146809333, 22.309844100944453 ], [ 73.204997146809333, 22.309755203142892 ], [ 73.204949101464905, 22.30966630528474 ], [ 73.204804965431549, 22.309621856334434 ], [ 73.204804965431549, 22.30953295839139 ], [ 73.20470887474265, 22.309488509398644 ], [ 73.20470887474265, 22.309399611370697 ], [ 73.204612784053751, 22.309355162335503 ], [ 73.204468648020423, 22.309221815145026 ], [ 73.204468648020423, 22.309132916947295 ], [ 73.204420602675967, 22.308999569544582 ], [ 73.204372557331524, 22.308910671205368 ], [ 73.204276466642625, 22.308866222014537 ], [ 73.204276466642625, 22.308777323590423 ], [ 73.204276466642625, 22.308688425109718 ], [ 73.204276466642625, 22.308599526572412 ], [ 73.204180375953712, 22.308599526572412 ], [ 73.204180375953712, 22.308466178660339 ], [ 73.204180375953712, 22.30837727998156 ], [ 73.204180375953712, 22.308288381246175 ], [ 73.204180375953712, 22.308155033036993 ], [ 73.204132330609269, 22.308066134160136 ], [ 73.204132330609269, 22.307977235226666 ], [ 73.204132330609269, 22.307888336236623 ], [ 73.204132330609269, 22.307799437189981 ], [ 73.204132330609269, 22.307710538086734 ], [ 73.204228421298168, 22.307666088513898 ], [ 73.204324511987068, 22.307621638926911 ], [ 73.204420602675967, 22.307621638926911 ], [ 73.204516693364866, 22.307577189325773 ], [ 73.204612784053751, 22.307577189325773 ], [ 73.20470887474265, 22.307577189325773 ], [ 73.204804965431549, 22.307577189325773 ], [ 73.204901056120462, 22.307577189325773 ], [ 73.20504519215379, 22.307577189325773 ], [ 73.205189328187132, 22.307577189325773 ], [ 73.205333464220487, 22.307577189325773 ], [ 73.205429554909387, 22.307577189325773 ], [ 73.205573690942728, 22.307577189325773 ], [ 73.205717826976056, 22.307488290081047 ], [ 73.205813917664969, 22.307488290081047 ], [ 73.205958053698325, 22.307488290081047 ], [ 73.20605414438721, 22.307488290081047 ], [ 73.206150235076109, 22.307488290081047 ], [ 73.206246325764994, 22.307488290081047 ], [ 73.206342416453893, 22.307443840437465 ], [ 73.206486552487249, 22.307443840437465 ], [ 73.206582643176134, 22.307443840437465 ], [ 73.206678733865019, 22.307443840437465 ], [ 73.206774824553918, 22.307443840437465 ], [ 73.206870915242831, 22.307443840437465 ], [ 73.20696700593173, 22.307443840437465 ], [ 73.207015051276187, 22.307532739710481 ], [ 73.207111141965072, 22.307532739710481 ], [ 73.207207232653971, 22.307532739710481 ], [ 73.207255277998399, 22.307621638926911 ], [ 73.207351368687299, 22.307710538086734 ], [ 73.207447459376212, 22.307710538086734 ], [ 73.207543550065111, 22.307710538086734 ], [ 73.207639640753996, 22.307710538086734 ], [ 73.207735731442909, 22.307710538086734 ], [ 73.20783182213178, 22.307710538086734 ], [ 73.207927912820693, 22.307710538086734 ], [ 73.208024003509593, 22.307710538086734 ], [ 73.208120094198478, 22.307710538086734 ], [ 73.208216184887391, 22.307710538086734 ], [ 73.20831227557629, 22.307666088513898 ], [ 73.208408366265189, 22.307666088513898 ], [ 73.208408366265189, 22.307577189325773 ], [ 73.208504456954074, 22.307577189325773 ], [ 73.208600547642945, 22.307532739710481 ], [ 73.208696638331872, 22.307488290081047 ], [ 73.208744683676315, 22.307399390779739 ], [ 73.208840774365214, 22.307399390779739 ], [ 73.208936865054099, 22.307354941107864 ], [ 73.209081001087455, 22.307354941107864 ], [ 73.20917709177634, 22.307354941107864 ], [ 73.209273182465253, 22.307354941107864 ], [ 73.209369273154152, 22.307354941107864 ], [ 73.209465363843051, 22.307354941107864 ], [ 73.209609499876379, 22.307354941107864 ], [ 73.209753635909735, 22.307354941107864 ], [ 73.209849726598634, 22.307354941107864 ], [ 73.209945817287533, 22.307354941107864 ], [ 73.20999386263199, 22.307266041721661 ], [ 73.20999386263199, 22.307177142278874 ], [ 73.210041907976432, 22.307088242779486 ], [ 73.210041907976432, 22.306999343223513 ], [ 73.210137998665317, 22.306999343223513 ], [ 73.210137998665317, 22.306910443610953 ], [ 73.21018604400976, 22.306821543941798 ], [ 73.21018604400976, 22.306688194331951 ], [ 73.21018604400976, 22.306554844594782 ], [ 73.21018604400976, 22.306465944699262 ], [ 73.210234089354202, 22.306332594749875 ], [ 73.210234089354202, 22.306243694712879 ], [ 73.210234089354202, 22.3061547946193 ], [ 73.210234089354202, 22.306065894469121 ], [ 73.210234089354202, 22.305976994262366 ], [ 73.210234089354202, 22.305888093999009 ], [ 73.210282134698659, 22.305799193679068 ], [ 73.210282134698659, 22.305710293302543 ], [ 73.210282134698659, 22.305621392869419 ], [ 73.210282134698659, 22.305532492379715 ], [ 73.210282134698659, 22.305443591833416 ], [ 73.210282134698659, 22.305354691230534 ], [ 73.210234089354202, 22.305265790571063 ], [ 73.210234089354202, 22.305176889855002 ], [ 73.21018604400976, 22.305087989082359 ], [ 73.210089953320875, 22.305043538674816 ], [ 73.20999386263199, 22.305043538674816 ], [ 73.209897771943091, 22.305043538674816 ], [ 73.209801681254177, 22.305043538674816 ], [ 73.209705590565278, 22.305043538674816 ], [ 73.209609499876379, 22.305043538674816 ], [ 73.20951340918748, 22.305043538674816 ], [ 73.209417318498581, 22.305043538674816 ], [ 73.209321227809696, 22.305043538674816 ], [ 73.209225137120796, 22.305043538674816 ], [ 73.209129046431897, 22.305043538674816 ], [ 73.209032955742998, 22.305043538674816 ], [ 73.208936865054099, 22.305043538674816 ], [ 73.208840774365214, 22.305043538674816 ], [ 73.208744683676315, 22.305043538674816 ], [ 73.208648592987416, 22.305043538674816 ], [ 73.208552502298531, 22.305043538674816 ], [ 73.208456411609617, 22.305043538674816 ], [ 73.208360320920733, 22.305043538674816 ], [ 73.208264230231833, 22.305043538674816 ], [ 73.208168139542934, 22.305043538674816 ], [ 73.208072048854035, 22.305043538674816 ], [ 73.207927912820693, 22.305176889855002 ], [ 73.20783182213178, 22.305176889855002 ], [ 73.207735731442909, 22.305176889855002 ], [ 73.207639640753996, 22.305176889855002 ], [ 73.207543550065111, 22.305176889855002 ], [ 73.207447459376212, 22.305176889855002 ], [ 73.207351368687299, 22.305176889855002 ], [ 73.207207232653971, 22.305176889855002 ], [ 73.207111141965072, 22.305176889855002 ], [ 73.20696700593173, 22.305176889855002 ], [ 73.206774824553918, 22.305087989082359 ], [ 73.206678733865019, 22.305087989082359 ], [ 73.206582643176134, 22.305087989082359 ], [ 73.206486552487249, 22.305087989082359 ], [ 73.20639046179835, 22.305043538674816 ], [ 73.206198280420537, 22.304910187367302 ], [ 73.206150235076109, 22.304821286424886 ], [ 73.20605414438721, 22.304821286424886 ], [ 73.20605414438721, 22.304732385425893 ], [ 73.205958053698325, 22.304732385425893 ], [ 73.205813917664969, 22.30464348437031 ], [ 73.205669781631613, 22.304554583258152 ], [ 73.205525645598271, 22.304465682089386 ], [ 73.205429554909387, 22.30437678086405 ], [ 73.205285418876031, 22.304332330230157 ], [ 73.205189328187132, 22.304287879582127 ], [ 73.20504519215379, 22.304243428919936 ], [ 73.204901056120462, 22.304198978243612 ], [ 73.204901056120462, 22.304110076848513 ], [ 73.204804965431549, 22.304110076848513 ], [ 73.20470887474265, 22.304065626129738 ], [ 73.204564738709294, 22.304021175396826 ], [ 73.204468648020423, 22.304021175396826 ], [ 73.204468648020423, 22.303932273888563 ], [ 73.204324511987068, 22.303932273888563 ], [ 73.204228421298168, 22.303887823113204 ], [ 73.20403623992037, 22.303843372323698 ], [ 73.203940149231471, 22.303798921520052 ], [ 73.203844058542586, 22.303798921520052 ], [ 73.203844058542586, 22.303710019870323 ], [ 73.203747967853687, 22.303710019870323 ], [ 73.203651877164788, 22.303710019870323 ], [ 73.203555786475874, 22.30366556902424 ], [ 73.203459695786989, 22.30366556902424 ], [ 73.203363605098104, 22.30366556902424 ], [ 73.203219469064763, 22.30366556902424 ], [ 73.203075333031407, 22.30366556902424 ], [ 73.202931196998065, 22.30366556902424 ], [ 73.202787060964724, 22.30366556902424 ], [ 73.202690970275825, 22.30366556902424 ], [ 73.202594879586925, 22.30366556902424 ], [ 73.202498788898026, 22.30366556902424 ], [ 73.202402698209127, 22.30366556902424 ], [ 73.202306607520242, 22.30366556902424 ], [ 73.202210516831343, 22.30366556902424 ], [ 73.202114426142444, 22.30366556902424 ], [ 73.202018335453545, 22.30366556902424 ], [ 73.201970290109102, 22.303754470702263 ], [ 73.201874199420203, 22.303754470702263 ], [ 73.201730063386862, 22.303798921520052 ], [ 73.201585927353506, 22.303887823113204 ], [ 73.201489836664592, 22.303887823113204 ], [ 73.201441791320164, 22.303976724649765 ], [ 73.201345700631265, 22.303976724649765 ], [ 73.201201564597909, 22.304021175396826 ], [ 73.201009383220125, 22.304154527553134 ], [ 73.20091329253124, 22.304154527553134 ], [ 73.200769156497884, 22.304154527553134 ], [ 73.200625020464528, 22.304287879582127 ], [ 73.200528929775643, 22.304287879582127 ], [ 73.200432839086758, 22.304287879582127 ], [ 73.200336748397859, 22.304287879582127 ], [ 73.200240657708946, 22.304287879582127 ], [ 73.200048476331162, 22.304332330230157 ], [ 73.199952385642263, 22.304332330230157 ], [ 73.199856294953378, 22.304332330230157 ], [ 73.199712158920022, 22.304332330230157 ], [ 73.199568022886666, 22.304332330230157 ], [ 73.199423886853339, 22.304332330230157 ], [ 73.199279750819997, 22.304332330230157 ], [ 73.199135614786641, 22.304332330230157 ], [ 73.198991478753285, 22.304332330230157 ], [ 73.198847342719958, 22.304332330230157 ], [ 73.198751252031059, 22.304332330230157 ], [ 73.19865516134216, 22.304332330230157 ], [ 73.198559070653246, 22.304332330230157 ], [ 73.198414934619919, 22.304332330230157 ], [ 73.198270798586577, 22.304332330230157 ], [ 73.198126662553221, 22.304332330230157 ], [ 73.197982526519866, 22.304332330230157 ], [ 73.197886435830995, 22.304332330230157 ], [ 73.197742299797625, 22.304332330230157 ], [ 73.197598163764297, 22.304332330230157 ], [ 73.197454027730942, 22.304332330230157 ], [ 73.197357937042042, 22.304332330230157 ], [ 73.197165755664258, 22.304421231483797 ], [ 73.197069664975359, 22.304421231483797 ], [ 73.196925528941989, 22.304421231483797 ], [ 73.196781392908662, 22.304510132680843 ], [ 73.196637256875334, 22.304510132680843 ], [ 73.196493120841978, 22.304510132680843 ], [ 73.196348984808637, 22.304554583258152 ], [ 73.196252894119738, 22.304554583258152 ], [ 73.196108758086396, 22.304554583258152 ], [ 73.195916576708598, 22.30464348437031 ], [ 73.195820486019713, 22.304687934905179 ], [ 73.195772440675256, 22.304776835932472 ], [ 73.195724395330799, 22.304910187367302 ], [ 73.195724395330799, 22.304999088253119 ], [ 73.195724395330799, 22.305087989082359 ], [ 73.195772440675256, 22.305221340220104 ], [ 73.195772440675256, 22.305310240907875 ], [ 73.195772440675256, 22.305399141539045 ], [ 73.195772440675256, 22.305488042113634 ], [ 73.195772440675256, 22.305576942631642 ], [ 73.1956283046419, 22.305754743497882 ], [ 73.1956283046419, 22.305843643846114 ], [ 73.195436123264116, 22.305976994262366 ], [ 73.195340032575231, 22.306065894469121 ], [ 73.195243941886318, 22.306065894469121 ], [ 73.195147851197419, 22.306065894469121 ], [ 73.195003715164063, 22.306110344551282 ], [ 73.194907624475178, 22.306110344551282 ], [ 73.194811533786293, 22.306110344551282 ], [ 73.194715443097394, 22.306110344551282 ], [ 73.19461935240848, 22.306110344551282 ], [ 73.194523261719581, 22.306110344551282 ], [ 73.194427171030696, 22.306110344551282 ], [ 73.194331080341811, 22.306110344551282 ], [ 73.1940428082751, 22.306110344551282 ], [ 73.193946717586201, 22.306110344551282 ], [ 73.193850626897316, 22.306110344551282 ], [ 73.193754536208431, 22.306110344551282 ], [ 73.193658445519532, 22.306110344551282 ], [ 73.193562354830618, 22.306110344551282 ], [ 73.193466264141719, 22.306110344551282 ], [ 73.193370173452834, 22.306110344551282 ], [ 73.193274082763949, 22.306110344551282 ], [ 73.193129946730593, 22.306110344551282 ], [ 73.193033856041694, 22.306110344551282 ], [ 73.192937765352795, 22.306110344551282 ], [ 73.192793629319468, 22.306110344551282 ], [ 73.192649493286112, 22.306110344551282 ], [ 73.192505357252756, 22.306110344551282 ], [ 73.192361221219414, 22.306110344551282 ], [ 73.192265130530515, 22.306110344551282 ], [ 73.19216903984163, 22.306110344551282 ], [ 73.192072949152731, 22.306110344551282 ], [ 73.191976858463832, 22.306110344551282 ], [ 73.19183272243049, 22.306110344551282 ], [ 73.191736631741591, 22.306110344551282 ], [ 73.19159249570825, 22.3061547946193 ], [ 73.19149640501935, 22.3061547946193 ], [ 73.191400314330451, 22.3061547946193 ], [ 73.19135226898598, 22.306288144738453 ], [ 73.191208132952653, 22.30642149473028 ], [ 73.191208132952653, 22.306554844594782 ], [ 73.191063996919297, 22.306688194331951 ], [ 73.191063996919297, 22.306777094085994 ], [ 73.191015951574869, 22.30686599378345 ], [ 73.190871815541513, 22.306999343223513 ], [ 73.190775724852628, 22.306999343223513 ], [ 73.190727679508171, 22.307088242779486 ], [ 73.190487452785931, 22.307221592007338 ], [ 73.190343316752589, 22.307354941107864 ], [ 73.190151135374791, 22.307488290081047 ], [ 73.190006999341435, 22.307577189325773 ], [ 73.18991090865255, 22.307621638926911 ], [ 73.189814817963651, 22.307666088513898 ], [ 73.189670681930309, 22.307754987645435 ], [ 73.189526545896953, 22.307843886720374 ], [ 73.189430455208068, 22.307843886720374 ], [ 73.189286319174727, 22.307843886720374 ], [ 73.189286319174727, 22.307932785738718 ], [ 73.189190228485828, 22.307932785738718 ], [ 73.189046092452472, 22.308066134160136 ], [ 73.188998047108029, 22.308155033036993 ], [ 73.188998047108029, 22.308243931857273 ], [ 73.188950001763573, 22.30837727998156 ], [ 73.188950001763573, 22.308466178660339 ], [ 73.188853911074688, 22.308510627978521 ] ] ] } },
{ "type": "Feature", "properties": { "fid": 7, "ward_id": 12 }, "geometry": { "type": "Polygon", "coordinates": [ [ [ 73.137349301826021, 22.27112375604527 ], [ 73.137349301826021, 22.270945911123551 ], [ 73.137349301826021, 22.270679143317068 ], [ 73.137349301826021, 22.270501297830148 ], [ 73.137349301826021, 22.270323452117157 ], [ 73.137349301826021, 22.270145606178097 ], [ 73.137349301826021, 22.269967760012968 ], [ 73.137445392514906, 22.269789913621768 ], [ 73.137637573892704, 22.269789913621768 ], [ 73.137829755270502, 22.269789913621768 ], [ 73.1380219366483, 22.269789913621768 ], [ 73.138214118026085, 22.269789913621768 ], [ 73.138406299403883, 22.269789913621768 ], [ 73.138502390092768, 22.269967760012968 ], [ 73.138598480781667, 22.270145606178097 ], [ 73.138694571470566, 22.270323452117157 ], [ 73.138886752848364, 22.270501297830148 ], [ 73.139078934226148, 22.270501297830148 ], [ 73.139271115603947, 22.270501297830148 ], [ 73.139367206292846, 22.270768065975744 ], [ 73.139559387670644, 22.270768065975744 ], [ 73.139847659737327, 22.271034833612671 ], [ 73.14023202249291, 22.271034833612671 ], [ 73.140424203870708, 22.271034833612671 ], [ 73.140616385248507, 22.271034833612671 ], [ 73.140808566626305, 22.271034833612671 ], [ 73.141000748004089, 22.271034833612671 ], [ 73.141192929381887, 22.271034833612671 ], [ 73.141385110759671, 22.271034833612671 ], [ 73.141577292137484, 22.271034833612671 ], [ 73.141673382826369, 22.271212678421367 ], [ 73.141865564204167, 22.271212678421367 ], [ 73.14215383627085, 22.271568367360505 ], [ 73.142346017648649, 22.271568367360505 ], [ 73.142634289715332, 22.271657289453998 ], [ 73.142634289715332, 22.271835133471399 ], [ 73.142922561782015, 22.271835133471399 ], [ 73.143018652470914, 22.272012977262722 ], [ 73.143210833848713, 22.272012977262722 ], [ 73.143403015226511, 22.272012977262722 ], [ 73.143691287293194, 22.272101899073615 ], [ 73.143883468670992, 22.272101899073615 ], [ 73.144075650048777, 22.272190820827976 ], [ 73.144267831426575, 22.272279742525811 ], [ 73.144460012804387, 22.272279742525811 ], [ 73.144460012804387, 22.272457585751923 ], [ 73.144748284871056, 22.272457585751923 ], [ 73.144748284871056, 22.272635428751947 ], [ 73.145036556937768, 22.272902192828063 ], [ 73.145228738315552, 22.272902192828063 ], [ 73.145420919693336, 22.272991114073726 ], [ 73.145613101071149, 22.273168956395473 ], [ 73.145805282448933, 22.273168956395473 ], [ 73.145997463826731, 22.273435719454181 ], [ 73.146189645204515, 22.273435719454181 ], [ 73.146381826582299, 22.273435719454181 ], [ 73.146574007960112, 22.273435719454181 ], [ 73.146766189337896, 22.273435719454181 ], [ 73.14695837071568, 22.273435719454181 ], [ 73.147150552093493, 22.273702482004165 ], [ 73.147438824160162, 22.273702482004165 ], [ 73.147727096226859, 22.273702482004165 ], [ 73.148015368293542, 22.273702482004165 ], [ 73.14830364036024, 22.273791402741107 ], [ 73.148495821738024, 22.273791402741107 ], [ 73.148591912426923, 22.274147085123648 ], [ 73.148784093804721, 22.274147085123648 ], [ 73.149072365871433, 22.274413846317032 ], [ 73.149264547249203, 22.274413846317032 ], [ 73.149456728627015, 22.274413846317032 ], [ 73.149648910004814, 22.274413846317032 ], [ 73.149745000693699, 22.274591686829989 ], [ 73.149937182071483, 22.274591686829989 ], [ 73.150129363449295, 22.274858447175482 ], [ 73.150321544827065, 22.274858447175482 ], [ 73.150513726204878, 22.274858447175482 ], [ 73.150801998271561, 22.275214126844752 ], [ 73.150898088960446, 22.27548088600318 ], [ 73.150994179649359, 22.275658725159481 ], [ 73.151282451716042, 22.275658725159481 ], [ 73.151474633093827, 22.275836564089676 ], [ 73.151666814471639, 22.275836564089676 ], [ 73.15176290516051, 22.276014402793756 ], [ 73.151955086538308, 22.276014402793756 ], [ 73.152051177227222, 22.276192241271715 ], [ 73.15224335860502, 22.276192241271715 ], [ 73.15243553998279, 22.276192241271715 ], [ 73.152531630671689, 22.276370079523552 ], [ 73.152723812049501, 22.276370079523552 ], [ 73.152915993427271, 22.276370079523552 ], [ 73.153204265493983, 22.276370079523552 ], [ 73.153396446871781, 22.276458998564681 ], [ 73.153588628249551, 22.276458998564681 ], [ 73.153780809627364, 22.276458998564681 ], [ 73.153972991005162, 22.27654791754928 ], [ 73.154165172382946, 22.276636836477348 ], [ 73.154261263071845, 22.276903592922363 ], [ 73.154453444449643, 22.276903592922363 ], [ 73.154549535138543, 22.277170348858601 ], [ 73.154741716516341, 22.277170348858601 ], [ 73.154933897894125, 22.277170348858601 ], [ 73.155126079271923, 22.277170348858601 ], [ 73.155318260649707, 22.277259267390949 ], [ 73.155318260649707, 22.277437104286047 ], [ 73.155510442027506, 22.277437104286047 ], [ 73.155606532716405, 22.277703859204713 ], [ 73.155894804783074, 22.277703859204713 ], [ 73.156086986160886, 22.277703859204713 ], [ 73.156183076849786, 22.277881695534493 ], [ 73.156471348916455, 22.277881695534493 ], [ 73.156567439605368, 22.278059531638142 ], [ 73.156759620983166, 22.278237367515651 ], [ 73.156951802360936, 22.278237367515651 ], [ 73.15704789304985, 22.278415203167039 ], [ 73.157240074427648, 22.278415203167039 ], [ 73.157432255805418, 22.278504120907929 ], [ 73.15762443718323, 22.278504120907929 ], [ 73.157816618561029, 22.27859303859228 ], [ 73.158008799938798, 22.27859303859228 ], [ 73.158200981316611, 22.27859303859228 ], [ 73.158200981316611, 22.278770873791387 ], [ 73.158393162694409, 22.278770873791387 ], [ 73.158585344072208, 22.278859791306139 ], [ 73.158777525449992, 22.278948708764361 ], [ 73.158873616138891, 22.279126543511182 ], [ 73.159161888205588, 22.279304378031867 ], [ 73.159354069583372, 22.279571129388881 ], [ 73.159546250961171, 22.279571129388881 ], [ 73.159738432338969, 22.279571129388881 ], [ 73.159930613716753, 22.279571129388881 ], [ 73.160026704405652, 22.279748963344211 ], [ 73.160218885783451, 22.279748963344211 ], [ 73.160411067161235, 22.279837880237064 ], [ 73.160603248539033, 22.279837880237064 ], [ 73.160603248539033, 22.280015713853174 ], [ 73.160795429916817, 22.280015713853174 ], [ 73.160891520605716, 22.280282463853304 ], [ 73.161083701983515, 22.280282463853304 ], [ 73.161275883361313, 22.28037138040694 ], [ 73.161468064739083, 22.280460296904032 ], [ 73.161564155427996, 22.280638129728612 ], [ 73.161756336805794, 22.280638129728612 ], [ 73.161852427494679, 22.280815962327036 ], [ 73.162140699561377, 22.280815962327036 ], [ 73.162332880939189, 22.280904878541438 ], [ 73.162525062316945, 22.280993794699302 ], [ 73.162813334383657, 22.281349458765373 ], [ 73.163005515761455, 22.28143837464054 ], [ 73.16310160645034, 22.281616206221255 ], [ 73.163293787828138, 22.281616206221255 ], [ 73.163582059894836, 22.281705121926802 ], [ 73.163870331961533, 22.282060784183578 ], [ 73.164062513339317, 22.282060784183578 ], [ 73.164158604028216, 22.282238614972727 ], [ 73.164350785406, 22.28232753028248 ], [ 73.164542966783799, 22.282416445535699 ], [ 73.164639057472698, 22.282594275872505 ], [ 73.164831238850482, 22.282594275872505 ], [ 73.164927329539395, 22.282772105983142 ], [ 73.165119510917179, 22.28286102095365 ], [ 73.165119510917179, 22.283038850725038 ], [ 73.165119510917179, 22.283216680270243 ], [ 73.165119510917179, 22.283394509589282 ], [ 73.16502342022828, 22.283572338682138 ], [ 73.16502342022828, 22.28375016754881 ], [ 73.16502342022828, 22.283927996189316 ], [ 73.16502342022828, 22.284105824603635 ], [ 73.16502342022828, 22.284283652791782 ], [ 73.16502342022828, 22.284461480753738 ], [ 73.164927329539395, 22.28472822227257 ], [ 73.164927329539395, 22.284906049669075 ], [ 73.164831238850482, 22.285083876839373 ], [ 73.164831238850482, 22.28526170378349 ], [ 73.164831238850482, 22.285439530501417 ], [ 73.164831238850482, 22.28561735699315 ], [ 73.164831238850482, 22.285795183258688 ], [ 73.164831238850482, 22.285973009298033 ], [ 73.164831238850482, 22.286150835111179 ], [ 73.164831238850482, 22.286328660698135 ], [ 73.164735148161583, 22.286595398654431 ], [ 73.164735148161583, 22.286773223675876 ], [ 73.164735148161583, 22.286951048471114 ], [ 73.164735148161583, 22.287128873040164 ], [ 73.164735148161583, 22.287306697382988 ], [ 73.164639057472698, 22.287484521499621 ], [ 73.164639057472698, 22.287662345390039 ], [ 73.164639057472698, 22.287840169054252 ], [ 73.164639057472698, 22.28801799249225 ], [ 73.164639057472698, 22.288195815704036 ], [ 73.164639057472698, 22.28837363868961 ], [ 73.164639057472698, 22.288551461448954 ], [ 73.164639057472698, 22.288729283982093 ], [ 73.164639057472698, 22.288907106289013 ], [ 73.164639057472698, 22.289084928369711 ], [ 73.164639057472698, 22.289262750224186 ], [ 73.164639057472698, 22.289440571852442 ], [ 73.164542966783799, 22.289618393254472 ], [ 73.164542966783799, 22.289796214430279 ], [ 73.164542966783799, 22.289974035379846 ], [ 73.164542966783799, 22.290240766380034 ], [ 73.164542966783799, 22.290418586764044 ], [ 73.164542966783799, 22.290596406921807 ], [ 73.164542966783799, 22.290774226853348 ], [ 73.164542966783799, 22.290952046558647 ], [ 73.164542966783799, 22.291129866037704 ], [ 73.164542966783799, 22.291307685290537 ], [ 73.164542966783799, 22.291485504317126 ], [ 73.164542966783799, 22.291663323117461 ], [ 73.164542966783799, 22.291841141691581 ], [ 73.164542966783799, 22.292018960039439 ], [ 73.164542966783799, 22.292285687137014 ], [ 73.164542966783799, 22.292463504919262 ], [ 73.164542966783799, 22.292641322475259 ], [ 73.164542966783799, 22.292819139805012 ], [ 73.164542966783799, 22.292996956908507 ], [ 73.164542966783799, 22.293263682139525 ], [ 73.164542966783799, 22.293530406861468 ], [ 73.164542966783799, 22.293708223059944 ], [ 73.164542966783799, 22.293886039032163 ], [ 73.164542966783799, 22.294063854778113 ], [ 73.164542966783799, 22.294241670297815 ], [ 73.164542966783799, 22.294508393153116 ], [ 73.164542966783799, 22.294775115499316 ], [ 73.164542966783799, 22.29504183733642 ], [ 73.164542966783799, 22.295219651611649 ], [ 73.164542966783799, 22.295397465660614 ], [ 73.164542966783799, 22.295575279483305 ], [ 73.164542966783799, 22.295753093079725 ], [ 73.164542966783799, 22.295930906449858 ], [ 73.164542966783799, 22.296108719593725 ], [ 73.164542966783799, 22.296286532511317 ], [ 73.164542966783799, 22.296553251463418 ], [ 73.164542966783799, 22.296731063815308 ], [ 73.164542966783799, 22.296908875940908 ], [ 73.164639057472698, 22.297264499513265 ], [ 73.164639057472698, 22.297531216598518 ], [ 73.164831238850482, 22.297531216598518 ], [ 73.164831238850482, 22.297709027705839 ], [ 73.164831238850482, 22.297886838586862 ], [ 73.164927329539395, 22.298153554484095 ], [ 73.164927329539395, 22.298420269872167 ], [ 73.164927329539395, 22.298686984751082 ], [ 73.164927329539395, 22.29886479438748 ], [ 73.164927329539395, 22.299042603797577 ], [ 73.164927329539395, 22.299220412981377 ], [ 73.164927329539395, 22.299398221938866 ], [ 73.164927329539395, 22.299576030670064 ], [ 73.165119510917179, 22.299664934950783 ], [ 73.165215601606079, 22.299931647453526 ], [ 73.165407782983863, 22.300198359447059 ], [ 73.165599964361661, 22.300198359447059 ], [ 73.16569605505056, 22.300465070931402 ], [ 73.165888236428344, 22.300465070931402 ], [ 73.165888236428344, 22.300642878304739 ], [ 73.165888236428344, 22.300820685451757 ], [ 73.165888236428344, 22.300998492372472 ], [ 73.165888236428344, 22.30126520232918 ], [ 73.165888236428344, 22.301531911776681 ], [ 73.165888236428344, 22.301709717792104 ], [ 73.165888236428344, 22.301976426390894 ], [ 73.165888236428344, 22.302154231840522 ], [ 73.165888236428344, 22.30233203706381 ], [ 73.165888236428344, 22.302687646831419 ], [ 73.165888236428344, 22.30286545137572 ], [ 73.165888236428344, 22.303043255693698 ], [ 73.165888236428344, 22.303221059785344 ], [ 73.165888236428344, 22.303398863650656 ], [ 73.165984327117243, 22.303665569024233 ], [ 73.166080417806143, 22.304021175396809 ], [ 73.166272599183941, 22.304287879582116 ], [ 73.166464780561739, 22.304287879582116 ], [ 73.166656961939523, 22.304287879582116 ], [ 73.166753052628422, 22.304465682089386 ], [ 73.166945234006207, 22.304465682089386 ], [ 73.167137415384005, 22.304465682089386 ], [ 73.167233506072904, 22.304198978243601 ], [ 73.167425687450717, 22.304198978243601 ], [ 73.167425687450717, 22.304021175396809 ], [ 73.167617868828486, 22.304021175396809 ], [ 73.167617868828486, 22.303843372323698 ], [ 73.167810050206285, 22.303754470702255 ], [ 73.168002231584083, 22.303665569024233 ], [ 73.168290503650766, 22.303576667289626 ], [ 73.168482685028579, 22.303487765498424 ], [ 73.168578775717464, 22.303309961746294 ], [ 73.168770957095248, 22.303309961746294 ], [ 73.16896313847306, 22.303309961746294 ], [ 73.169155319850844, 22.303309961746294 ], [ 73.169347501228629, 22.303309961746294 ], [ 73.169539682606427, 22.303132157767813 ], [ 73.169731863984211, 22.303132157767813 ], [ 73.169924045362023, 22.303132157767813 ], [ 73.170116226739808, 22.303043255693698 ], [ 73.170308408117592, 22.303043255693698 ], [ 73.170500589495404, 22.303043255693698 ], [ 73.170692770873188, 22.302954353563006 ], [ 73.170884952250972, 22.302954353563006 ], [ 73.171077133628756, 22.302954353563006 ], [ 73.171269315006583, 22.30286545137572 ], [ 73.171461496384353, 22.30286545137572 ], [ 73.171653677762151, 22.302776549131863 ], [ 73.171845859139964, 22.302776549131863 ], [ 73.172038040517748, 22.302776549131863 ], [ 73.172230221895532, 22.302687646831419 ], [ 73.172518493962244, 22.302687646831419 ], [ 73.172710675340014, 22.302687646831419 ], [ 73.172902856717826, 22.302687646831419 ], [ 73.17309503809561, 22.302687646831419 ], [ 73.17309503809561, 22.30286545137572 ], [ 73.17309503809561, 22.303132157767813 ], [ 73.17309503809561, 22.303309961746294 ], [ 73.17309503809561, 22.303487765498424 ], [ 73.17309503809561, 22.303665569024233 ], [ 73.17309503809561, 22.303932273888545 ], [ 73.17309503809561, 22.304110076848502 ], [ 73.17309503809561, 22.304287879582116 ], [ 73.173191128784495, 22.304465682089386 ], [ 73.173191128784495, 22.304643484370303 ], [ 73.173191128784495, 22.304821286424886 ], [ 73.173191128784495, 22.304999088253116 ], [ 73.173191128784495, 22.305176889854991 ], [ 73.173287219473394, 22.30535469123053 ], [ 73.173287219473394, 22.305532492379704 ], [ 73.173287219473394, 22.305710293302532 ], [ 73.173287219473394, 22.305976994262355 ], [ 73.173479400851207, 22.306243694712879 ], [ 73.173479400851207, 22.306510394654087 ], [ 73.173575491540078, 22.306777094085994 ], [ 73.173767672917876, 22.30686599378344 ], [ 73.173767672917876, 22.307043793008571 ], [ 73.173767672917876, 22.307310491421831 ], [ 73.173863763606789, 22.307577189325762 ], [ 73.173863763606789, 22.307754987645428 ], [ 73.173863763606789, 22.307932785738711 ], [ 73.173863763606789, 22.308110583605625 ], [ 73.174055944984588, 22.308110583605625 ], [ 73.174344217051257, 22.308110583605625 ], [ 73.174536398429069, 22.308110583605625 ], [ 73.174728579806839, 22.308110583605625 ], [ 73.174920761184651, 22.308110583605625 ], [ 73.175112942562421, 22.308110583605625 ], [ 73.17530512394022, 22.308110583605625 ], [ 73.175497305318032, 22.308110583605625 ], [ 73.175689486695816, 22.308110583605625 ], [ 73.175977758762514, 22.308110583605625 ], [ 73.176169940140298, 22.308110583605625 ], [ 73.176362121518082, 22.308110583605625 ], [ 73.176554302895894, 22.308110583605625 ], [ 73.176842574962592, 22.308021684700467 ], [ 73.177034756340376, 22.307932785738711 ], [ 73.17722693771816, 22.307843886720363 ], [ 73.177419119095973, 22.307843886720363 ], [ 73.177515209784872, 22.307666088513891 ], [ 73.177803481851555, 22.307666088513891 ], [ 73.178091753918252, 22.307577189325762 ], [ 73.178283935296022, 22.307488290081047 ], [ 73.178476116673835, 22.307488290081047 ], [ 73.178668298051619, 22.307399390779736 ], [ 73.178860479429417, 22.307399390779736 ], [ 73.179052660807216, 22.307399390779736 ], [ 73.179244842184985, 22.307310491421831 ], [ 73.179437023562798, 22.307310491421831 ], [ 73.179725295629481, 22.30722159200733 ], [ 73.17991747700728, 22.30722159200733 ], [ 73.180013567696179, 22.307043793008571 ], [ 73.180205749073963, 22.307043793008571 ], [ 73.180397930451747, 22.306954893424294 ], [ 73.180397930451747, 22.306777094085994 ], [ 73.180686202518459, 22.306688194331944 ], [ 73.180878383896228, 22.306599294521313 ], [ 73.181070565274041, 22.306599294521313 ], [ 73.181262746651839, 22.306599294521313 ], [ 73.181454928029609, 22.306599294521313 ], [ 73.181647109407422, 22.306599294521313 ], [ 73.18183929078522, 22.306599294521313 ], [ 73.182127562851903, 22.306599294521313 ], [ 73.182319744229702, 22.306599294521313 ], [ 73.1825119256075, 22.306599294521313 ], [ 73.182704106985284, 22.306599294521313 ], [ 73.182896288363082, 22.306599294521313 ], [ 73.183088469740881, 22.306599294521313 ], [ 73.18328065111865, 22.306599294521313 ], [ 73.183472832496463, 22.306599294521313 ], [ 73.183665013874247, 22.306599294521313 ], [ 73.183857195252045, 22.306510394654087 ], [ 73.184145467318743, 22.306332594749872 ], [ 73.184433739385426, 22.306332594749872 ], [ 73.184625920763224, 22.306243694712879 ], [ 73.184722011452109, 22.306065894469111 ], [ 73.184914192829908, 22.306065894469111 ], [ 73.185010283518807, 22.305799193679057 ], [ 73.185202464896619, 22.305799193679057 ], [ 73.185490736963288, 22.305532492379704 ], [ 73.185779009029986, 22.305443591833416 ], [ 73.185779009029986, 22.305265790571056 ], [ 73.186067281096669, 22.305176889854991 ], [ 73.186067281096669, 22.304999088253116 ], [ 73.186163371785568, 22.304821286424886 ], [ 73.186259462474467, 22.304643484370303 ], [ 73.186163371785568, 22.304465682089386 ], [ 73.18597119040777, 22.304465682089386 ], [ 73.185779009029986, 22.304376780864043 ], [ 73.185586827652187, 22.304287879582116 ], [ 73.185490736963288, 22.304021175396809 ], [ 73.18529855558549, 22.303932273888545 ], [ 73.185106374207706, 22.303843372323698 ], [ 73.185106374207706, 22.303665569024233 ], [ 73.184818102140994, 22.303487765498424 ], [ 73.184529830074325, 22.303398863650656 ], [ 73.184433739385426, 22.303221059785344 ], [ 73.184241558007642, 22.302954353563006 ], [ 73.184049376629844, 22.30286545137572 ], [ 73.183953285940945, 22.302687646831419 ], [ 73.183953285940945, 22.302509842060783 ], [ 73.183665013874247, 22.30233203706381 ], [ 73.183665013874247, 22.302065329144 ], [ 73.183376741807564, 22.301798620714951 ], [ 73.183376741807564, 22.301620814812679 ], [ 73.183376741807564, 22.301443008684089 ], [ 73.18328065111865, 22.30126520232918 ], [ 73.183088469740881, 22.301176299066853 ], [ 73.183088469740881, 22.300998492372472 ], [ 73.182992379051981, 22.300820685451757 ], [ 73.182800197674183, 22.300820685451757 ], [ 73.182800197674183, 22.300642878304739 ], [ 73.182800197674183, 22.300465070931402 ], [ 73.182704106985284, 22.30028726333175 ], [ 73.1825119256075, 22.300109455505797 ], [ 73.1825119256075, 22.299931647453526 ], [ 73.1825119256075, 22.299753839174947 ], [ 73.182415834918601, 22.299576030670064 ], [ 73.182415834918601, 22.299398221938866 ], [ 73.182127562851903, 22.299309317488408 ], [ 73.182127562851903, 22.299131508417766 ], [ 73.182127562851903, 22.298953699120819 ], [ 73.182031472163018, 22.298775889597565 ], [ 73.181935381474119, 22.29859807984802 ], [ 73.18183929078522, 22.298420269872167 ], [ 73.181743200096307, 22.298242459670021 ], [ 73.181551018718523, 22.298242459670021 ], [ 73.181551018718523, 22.298064649241596 ], [ 73.181454928029609, 22.297797933174639 ], [ 73.181070565274041, 22.297620122180469 ], [ 73.181070565274041, 22.297442310960012 ], [ 73.180878383896228, 22.297353405264918 ], [ 73.180878383896228, 22.297175593705031 ], [ 73.180878383896228, 22.296997781918851 ], [ 73.180686202518459, 22.296997781918851 ], [ 73.180686202518459, 22.296819969906391 ], [ 73.180301839762848, 22.296553251463418 ], [ 73.180301839762848, 22.296375438885249 ], [ 73.180301839762848, 22.296197626080804 ], [ 73.180301839762848, 22.295930906449858 ], [ 73.180205749073963, 22.295753093079725 ], [ 73.180205749073963, 22.295575279483305 ], [ 73.180205749073963, 22.295397465660614 ], [ 73.180205749073963, 22.295219651611649 ], [ 73.180205749073963, 22.294952930113954 ], [ 73.180205749073963, 22.294775115499316 ], [ 73.180205749073963, 22.294597300658413 ], [ 73.180205749073963, 22.294419485591249 ], [ 73.180205749073963, 22.294241670297815 ], [ 73.180205749073963, 22.294063854778113 ], [ 73.180109658385078, 22.293886039032163 ], [ 73.180109658385078, 22.293708223059944 ], [ 73.180013567696179, 22.293530406861468 ], [ 73.179821386318366, 22.293441498677378 ], [ 73.179821386318366, 22.293263682139525 ], [ 73.179629204940596, 22.293085865375406 ], [ 73.179629204940596, 22.29290804838503 ], [ 73.179533114251697, 22.292730231168413 ], [ 73.179533114251697, 22.292463504919262 ], [ 73.179437023562798, 22.292285687137014 ], [ 73.179244842184985, 22.292196778161049 ], [ 73.179244842184985, 22.291930050893789 ], [ 73.179244842184985, 22.291752232432803 ], [ 73.178860479429417, 22.291574413745586 ], [ 73.178572207362734, 22.291307685290537 ], [ 73.178283935296022, 22.291040956326462 ], [ 73.178283935296022, 22.290863136734274 ], [ 73.178283935296022, 22.290596406921807 ], [ 73.178283935296022, 22.290418586764044 ], [ 73.178187844607123, 22.290240766380034 ], [ 73.177995663229353, 22.290240766380034 ], [ 73.177995663229353, 22.289974035379846 ], [ 73.177995663229353, 22.289796214430279 ], [ 73.177995663229353, 22.289618393254472 ], [ 73.177995663229353, 22.289440571852442 ], [ 73.177995663229353, 22.289262750224186 ], [ 73.177995663229353, 22.28899601735764 ], [ 73.177995663229353, 22.288818195163831 ], [ 73.177995663229353, 22.288640372743806 ], [ 73.177995663229353, 22.28846255009756 ], [ 73.177899572540454, 22.288195815704036 ], [ 73.177899572540454, 22.28801799249225 ], [ 73.177899572540454, 22.287840169054252 ], [ 73.177899572540454, 22.287662345390039 ], [ 73.177899572540454, 22.287395609469584 ], [ 73.177899572540454, 22.287217785239861 ], [ 73.177899572540454, 22.286951048471114 ], [ 73.177899572540454, 22.286684311193426 ], [ 73.177899572540454, 22.28641757340678 ], [ 73.177899572540454, 22.286239747932925 ], [ 73.177899572540454, 22.285973009298033 ], [ 73.177899572540454, 22.285706270154197 ], [ 73.177899572540454, 22.285439530501417 ], [ 73.177899572540454, 22.285172790339708 ], [ 73.177899572540454, 22.2849949632825 ], [ 73.177899572540454, 22.28472822227257 ], [ 73.177899572540454, 22.284550394649898 ], [ 73.177899572540454, 22.284372566801032 ], [ 73.177899572540454, 22.284194738725979 ], [ 73.177899572540454, 22.283927996189316 ], [ 73.177899572540454, 22.28375016754881 ], [ 73.177899572540454, 22.283572338682138 ], [ 73.177899572540454, 22.283394509589282 ], [ 73.177899572540454, 22.283216680270243 ], [ 73.177899572540454, 22.283038850725038 ], [ 73.177899572540454, 22.28286102095365 ], [ 73.177995663229353, 22.282683190956099 ], [ 73.177995663229353, 22.282416445535699 ], [ 73.177995663229353, 22.282238614972727 ], [ 73.177995663229353, 22.282060784183578 ], [ 73.178380025984936, 22.281705121926802 ], [ 73.178572207362734, 22.28143837464054 ], [ 73.178380025984936, 22.281349458765373 ], [ 73.178380025984936, 22.281171626845417 ], [ 73.178380025984936, 22.280904878541438 ], [ 73.178380025984936, 22.280638129728612 ], [ 73.178380025984936, 22.28037138040694 ], [ 73.178380025984936, 22.280193547243126 ], [ 73.178380025984936, 22.280015713853174 ], [ 73.178380025984936, 22.279837880237064 ], [ 73.178380025984936, 22.279660046394817 ], [ 73.178380025984936, 22.279393295207409 ], [ 73.178380025984936, 22.279126543511182 ], [ 73.178380025984936, 22.278948708764361 ], [ 73.178380025984936, 22.278770873791387 ], [ 73.178380025984936, 22.27859303859228 ], [ 73.178380025984936, 22.278326285369609 ], [ 73.178380025984936, 22.278148449605165 ], [ 73.178091753918252, 22.278059531638142 ], [ 73.178091753918252, 22.277881695534493 ], [ 73.178091753918252, 22.277703859204713 ], [ 73.178091753918252, 22.277526022648797 ], [ 73.178091753918252, 22.277348185866764 ], [ 73.178091753918252, 22.277170348858601 ], [ 73.177803481851555, 22.2769925116243 ], [ 73.177803481851555, 22.27681467416388 ], [ 73.177803481851555, 22.27654791754928 ], [ 73.177803481851555, 22.276281160425903 ], [ 73.177707391162642, 22.276014402793756 ], [ 73.177707391162642, 22.275747644652846 ], [ 73.177707391162642, 22.27548088600318 ], [ 73.177707391162642, 22.275214126844752 ], [ 73.177707391162642, 22.274947367177589 ], [ 73.177707391162642, 22.274769527116835 ], [ 73.177707391162642, 22.274591686829989 ], [ 73.177707391162642, 22.274324925975765 ], [ 73.177707391162642, 22.274147085123648 ], [ 73.177707391162642, 22.273880323421533 ], [ 73.177707391162642, 22.273702482004165 ], [ 73.177707391162642, 22.273524640360698 ], [ 73.177707391162642, 22.273346798491133 ], [ 73.177515209784872, 22.273080035262868 ], [ 73.177515209784872, 22.272902192828063 ], [ 73.177515209784872, 22.272635428751947 ], [ 73.177515209784872, 22.272457585751923 ], [ 73.177515209784872, 22.272279742525811 ], [ 73.177515209784872, 22.272101899073615 ], [ 73.177515209784872, 22.271924055395331 ], [ 73.177515209784872, 22.271746211490957 ], [ 73.177515209784872, 22.271568367360505 ], [ 73.177515209784872, 22.271301600740927 ], [ 73.177515209784872, 22.271034833612671 ], [ 73.177515209784872, 22.270856988577904 ], [ 73.177515209784872, 22.270679143317068 ], [ 73.177515209784872, 22.270412375001904 ], [ 73.177515209784872, 22.270234529175887 ], [ 73.177515209784872, 22.269967760012968 ], [ 73.177515209784872, 22.269700990341391 ], [ 73.177515209784872, 22.269434220161173 ], [ 73.177515209784872, 22.269256373091775 ], [ 73.177515209784872, 22.269078525796317 ], [ 73.177515209784872, 22.268900678274804 ], [ 73.177515209784872, 22.268722830527224 ], [ 73.177515209784872, 22.268544982553589 ], [ 73.177515209784872, 22.268278210169282 ], [ 73.177515209784872, 22.268100361630498 ], [ 73.177515209784872, 22.267922512865677 ], [ 73.177515209784872, 22.267744663874794 ], [ 73.177515209784872, 22.267477889964628 ], [ 73.177515209784872, 22.267211115545852 ], [ 73.177515209784872, 22.267033265650774 ], [ 73.177515209784872, 22.266766490384338 ], [ 73.177515209784872, 22.266588639924155 ], [ 73.177515209784872, 22.266410789237927 ], [ 73.177515209784872, 22.266232938325665 ], [ 73.177515209784872, 22.265966161533449 ], [ 73.177515209784872, 22.265788310056095 ], [ 73.177515209784872, 22.265521532416241 ], [ 73.177515209784872, 22.265343680373796 ], [ 73.177515209784872, 22.265165828105324 ], [ 73.177130847029275, 22.264899049278817 ], [ 73.177034756340376, 22.264632269943743 ], [ 73.177034756340376, 22.264454416771159 ], [ 73.177034756340376, 22.264187636588485 ], [ 73.177034756340376, 22.264009782850849 ], [ 73.177034756340376, 22.263831928887182 ], [ 73.177034756340376, 22.263654074697506 ], [ 73.177034756340376, 22.263476220281806 ], [ 73.177034756340376, 22.263298365640093 ], [ 73.176746484273679, 22.263120510772371 ], [ 73.176746484273679, 22.262942655678625 ], [ 73.176746484273679, 22.26276480035887 ], [ 73.176746484273679, 22.262586944813112 ], [ 73.176746484273679, 22.262409089041338 ], [ 73.176746484273679, 22.262142304959902 ], [ 73.176746484273679, 22.261875520369973 ], [ 73.176746484273679, 22.261697663694182 ], [ 73.176746484273679, 22.261519806792375 ], [ 73.176554302895894, 22.261430878256725 ], [ 73.176362121518082, 22.261341949664583 ], [ 73.176169940140298, 22.261341949664583 ], [ 73.175977758762514, 22.261341949664583 ], [ 73.175785577384701, 22.261341949664583 ], [ 73.175593396006931, 22.261341949664583 ], [ 73.175401214629119, 22.261341949664583 ], [ 73.175209033251335, 22.261341949664583 ], [ 73.175016851873551, 22.261341949664583 ], [ 73.174824670495738, 22.261341949664583 ], [ 73.174536398429069, 22.261608735271526 ], [ 73.174344217051257, 22.261608735271526 ], [ 73.174152035673472, 22.261786592060325 ], [ 73.173863763606789, 22.261964448623122 ], [ 73.173671582228977, 22.262053376819765 ], [ 73.173479400851207, 22.262053376819765 ], [ 73.173191128784495, 22.262320161070694 ], [ 73.172998947406725, 22.262320161070694 ], [ 73.172998947406725, 22.262498016955469 ], [ 73.172806766028927, 22.262498016955469 ], [ 73.1726145846511, 22.262675872614231 ], [ 73.172422403273345, 22.262675872614231 ], [ 73.172134131206633, 22.26276480035887 ], [ 73.172038040517748, 22.262942655678625 ], [ 73.17174976845105, 22.262942655678625 ], [ 73.171269315006583, 22.263298365640093 ], [ 73.171077133628756, 22.263298365640093 ], [ 73.170884952250972, 22.263387292989208 ], [ 73.170692770873188, 22.263654074697506 ], [ 73.170404498806491, 22.263920855897275 ], [ 73.170212317428707, 22.263920855897275 ], [ 73.170020136050923, 22.263920855897275 ], [ 73.16982795467311, 22.264009782850849 ], [ 73.169539682606427, 22.264276563372551 ], [ 73.169155319850844, 22.264543343385704 ], [ 73.16896313847306, 22.264543343385704 ], [ 73.168770957095248, 22.264632269943743 ], [ 73.168674866406363, 22.264810122890299 ], [ 73.168482685028579, 22.264810122890299 ], [ 73.168098322272982, 22.265165828105324 ], [ 73.167906140895198, 22.265343680373796 ], [ 73.167810050206285, 22.265165828105324 ], [ 73.167617868828486, 22.265076901886328 ], [ 73.167617868828486, 22.264899049278817 ], [ 73.167617868828486, 22.264721196445265 ], [ 73.167617868828486, 22.264543343385704 ], [ 73.167425687450717, 22.264365490100104 ], [ 73.167425687450717, 22.264187636588485 ], [ 73.167233506072904, 22.26409870974792 ], [ 73.167041324695106, 22.264009782850849 ], [ 73.166849143317307, 22.263920855897275 ], [ 73.166656961939523, 22.263920855897275 ], [ 73.166464780561739, 22.263831928887182 ], [ 73.166176508495042, 22.263831928887182 ], [ 73.165984327117243, 22.263743001820604 ], [ 73.165792145739445, 22.263743001820604 ], [ 73.165599964361661, 22.263743001820604 ], [ 73.165407782983863, 22.263743001820604 ], [ 73.165215601606079, 22.263743001820604 ], [ 73.165215601606079, 22.263565147517909 ], [ 73.165215601606079, 22.263387292989208 ], [ 73.165215601606079, 22.263120510772371 ], [ 73.165215601606079, 22.262942655678625 ], [ 73.165215601606079, 22.262675872614231 ], [ 73.165215601606079, 22.262409089041338 ], [ 73.165215601606079, 22.262142304959902 ], [ 73.165215601606079, 22.261964448623122 ], [ 73.165215601606079, 22.261786592060325 ], [ 73.165215601606079, 22.261608735271526 ], [ 73.165215601606079, 22.261430878256725 ], [ 73.165407782983863, 22.261341949664583 ], [ 73.165503873672762, 22.261164092310786 ], [ 73.16569605505056, 22.261075163549144 ], [ 73.165888236428344, 22.260986234730989 ], [ 73.165984327117243, 22.260808376925205 ], [ 73.166080417806143, 22.260541589792769 ], [ 73.166080417806143, 22.260363731422 ], [ 73.166080417806143, 22.260185872825236 ], [ 73.166176508495042, 22.260008014002477 ], [ 73.166176508495042, 22.259830154953729 ], [ 73.166272599183941, 22.259652295679004 ], [ 73.166272599183941, 22.259474436178287 ], [ 73.166272599183941, 22.259296576451582 ], [ 73.166272599183941, 22.259118716498897 ], [ 73.166272599183941, 22.258851926146161 ], [ 73.166272599183941, 22.258674065628519 ], [ 73.166272599183941, 22.258496204884917 ], [ 73.166272599183941, 22.258318343915327 ], [ 73.166272599183941, 22.258140482719764 ], [ 73.166272599183941, 22.257962621298226 ], [ 73.166272599183941, 22.257784759650725 ], [ 73.166272599183941, 22.257606897777244 ], [ 73.165888236428344, 22.257429035677795 ], [ 73.16569605505056, 22.257251173352376 ], [ 73.16569605505056, 22.257073310800994 ], [ 73.165503873672762, 22.256984379440571 ], [ 73.165215601606079, 22.256895448023648 ], [ 73.165215601606079, 22.25671758502034 ], [ 73.16502342022828, 22.25671758502034 ], [ 73.164927329539395, 22.256539721791064 ], [ 73.16502342022828, 22.256361858335833 ], [ 73.165215601606079, 22.256361858335833 ], [ 73.165407782983863, 22.256361858335833 ], [ 73.165599964361661, 22.256272926523483 ], [ 73.16569605505056, 22.256095062729312 ], [ 73.165984327117243, 22.256006130747497 ], [ 73.166080417806143, 22.255739334463101 ], [ 73.166368689872826, 22.255650402255323 ], [ 73.166368689872826, 22.255472537670315 ], [ 73.166368689872826, 22.255294672859346 ], [ 73.166272599183941, 22.255116807822429 ], [ 73.166080417806143, 22.255027875219234 ], [ 73.165888236428344, 22.254938942559566 ], [ 73.16569605505056, 22.254850009843402 ], [ 73.165599964361661, 22.25467214424161 ], [ 73.165407782983863, 22.254583211355985 ], [ 73.165119510917179, 22.254316412360208 ], [ 73.165119510917179, 22.254138546080579 ], [ 73.165119510917179, 22.253960679575027 ], [ 73.165119510917179, 22.253782812843522 ], [ 73.165119510917179, 22.253604945886085 ], [ 73.165311692294964, 22.253604945886085 ], [ 73.165407782983863, 22.253427078702714 ], [ 73.16569605505056, 22.253338145026291 ], [ 73.165792145739445, 22.253160277504019 ], [ 73.165888236428344, 22.252982409755798 ], [ 73.165984327117243, 22.252804541781661 ], [ 73.165984327117243, 22.252626673581585 ], [ 73.165984327117243, 22.252448805155577 ], [ 73.166176508495042, 22.252359870857855 ], [ 73.166176508495042, 22.252182002092958 ], [ 73.166176508495042, 22.252004133102144 ], [ 73.166176508495042, 22.251826263885395 ], [ 73.166176508495042, 22.251648394442729 ], [ 73.166176508495042, 22.251470524774135 ], [ 73.165984327117243, 22.251470524774135 ], [ 73.165984327117243, 22.251292654879624 ], [ 73.165792145739445, 22.251203719847652 ], [ 73.165599964361661, 22.251114784759206 ], [ 73.165407782983863, 22.251025849614269 ], [ 73.165215601606079, 22.250936914412854 ], [ 73.165215601606079, 22.250759043840599 ], [ 73.16502342022828, 22.250670108469752 ], [ 73.164927329539395, 22.250492237558621 ], [ 73.164735148161583, 22.250403302018334 ], [ 73.164735148161583, 22.250225430768342 ], [ 73.164542966783799, 22.250225430768342 ], [ 73.1644468760949, 22.249958623469762 ], [ 73.164062513339317, 22.249691815662889 ], [ 73.16377424127262, 22.249602879614319 ], [ 73.163678150583721, 22.249425007347732 ], [ 73.163485969205936, 22.249336071129729 ], [ 73.163293787828138, 22.249247134855242 ], [ 73.16310160645034, 22.249158198524292 ], [ 73.162813334383657, 22.248980325692951 ], [ 73.162621153005858, 22.248891389192575 ], [ 73.162621153005858, 22.248713516022384 ], [ 73.16242897162806, 22.248713516022384 ], [ 73.162140699561377, 22.248624579352583 ], [ 73.161948518183578, 22.248535642626297 ], [ 73.161756336805794, 22.248446705843556 ], [ 73.161564155427996, 22.248446705843556 ], [ 73.161371974050198, 22.248446705843556 ], [ 73.161083701983515, 22.248357769004322 ], [ 73.160891520605716, 22.248357769004322 ], [ 73.160603248539033, 22.248357769004322 ], [ 73.160507157850134, 22.248179895156447 ], [ 73.160314976472336, 22.248179895156447 ], [ 73.160122795094551, 22.248179895156447 ], [ 73.159834523027868, 22.248179895156447 ], [ 73.15964234165007, 22.248090958147799 ], [ 73.159450160272272, 22.248090958147799 ], [ 73.159065797516689, 22.247913083961084 ], [ 73.158873616138891, 22.247913083961084 ], [ 73.158489253383308, 22.247824146783014 ], [ 73.15829707200551, 22.247824146783014 ], [ 73.158008799938798, 22.247735209548473 ], [ 73.157816618561029, 22.247735209548473 ], [ 73.15762443718323, 22.247646272257455 ], [ 73.157432255805418, 22.247646272257455 ], [ 73.157432255805418, 22.247468397506026 ], [ 73.157240074427648, 22.247468397506026 ], [ 73.15704789304985, 22.247379460045593 ], [ 73.156855711672051, 22.247379460045593 ], [ 73.156375258227555, 22.247201584955324 ], [ 73.156375258227555, 22.247023709639166 ], [ 73.156086986160886, 22.247023709639166 ], [ 73.155798714094203, 22.246934771896381 ], [ 73.155798714094203, 22.24675689624139 ], [ 73.155414351338592, 22.246667958329194 ], [ 73.155126079271923, 22.246490082335384 ], [ 73.154837807205197, 22.246401144253781 ], [ 73.154645625827442, 22.246401144253781 ], [ 73.154453444449643, 22.246312206115707 ], [ 73.154261263071845, 22.246312206115707 ], [ 73.154165172382946, 22.246134329670141 ], [ 73.153876900316249, 22.246134329670141 ], [ 73.153684718938464, 22.246134329670141 ], [ 73.153396446871781, 22.246134329670141 ], [ 73.153204265493983, 22.246134329670141 ], [ 73.15301208411617, 22.246134329670141 ], [ 73.152819902738386, 22.246134329670141 ], [ 73.152627721360602, 22.246134329670141 ], [ 73.152339449293905, 22.246134329670141 ], [ 73.152147267916121, 22.246134329670141 ], [ 73.151955086538308, 22.246134329670141 ], [ 73.151666814471639, 22.246134329670141 ], [ 73.151378542404927, 22.246490082335384 ], [ 73.151378542404927, 22.246667958329194 ], [ 73.151378542404927, 22.246845834097122 ], [ 73.151378542404927, 22.247112647325476 ], [ 73.151186361027158, 22.247112647325476 ], [ 73.150994179649359, 22.247112647325476 ], [ 73.150801998271561, 22.247112647325476 ], [ 73.150609816893777, 22.247112647325476 ], [ 73.150417635515964, 22.247112647325476 ], [ 73.150129363449295, 22.247112647325476 ], [ 73.149841091382584, 22.247290522528694 ], [ 73.149648910004814, 22.247290522528694 ], [ 73.149456728627015, 22.247290522528694 ], [ 73.149264547249203, 22.247290522528694 ], [ 73.149072365871433, 22.247290522528694 ], [ 73.148784093804721, 22.247201584955324 ], [ 73.148591912426923, 22.247023709639166 ], [ 73.148207549671355, 22.246934771896381 ], [ 73.148111458982456, 22.246667958329194 ], [ 73.147919277604643, 22.246667958329194 ], [ 73.147823186915758, 22.246490082335384 ], [ 73.147727096226859, 22.246312206115707 ], [ 73.147342733471277, 22.246045391362649 ], [ 73.147054461404593, 22.245956452998694 ], [ 73.146862280026781, 22.24577857610138 ], [ 73.146670098648983, 22.245689637568024 ], [ 73.146670098648983, 22.24551176033189 ], [ 73.146477917271199, 22.245422821629123 ], [ 73.146285735893414, 22.24533388286989 ], [ 73.14609355451563, 22.245244944054186 ], [ 73.145901373137818, 22.245156005182022 ], [ 73.145613101071149, 22.24506706625338 ], [ 73.145324829004437, 22.244978127268283 ], [ 73.145132647626639, 22.244889188226708 ], [ 73.145036556937768, 22.244711309974171 ], [ 73.144748284871056, 22.244622370763196 ], [ 73.144556103493287, 22.244622370763196 ], [ 73.144363922115474, 22.244533431495764 ], [ 73.144075650048777, 22.244444492171855 ], [ 73.143883468670992, 22.24435555279149 ], [ 73.143691287293194, 22.244266613354661 ], [ 73.143499105915396, 22.244266613354661 ], [ 73.143306924537612, 22.244266613354661 ], [ 73.143018652470914, 22.244177673861351 ], [ 73.14282647109313, 22.244177673861351 ], [ 73.142634289715332, 22.244088734311596 ], [ 73.142442108337534, 22.244088734311596 ], [ 73.14215383627085, 22.243999794705367 ], [ 73.141961654893052, 22.243999794705367 ], [ 73.141673382826369, 22.243999794705367 ], [ 73.14148120144857, 22.243999794705367 ], [ 73.141385110759671, 22.243821915323508 ], [ 73.141096838692974, 22.243821915323508 ], [ 73.14090465731519, 22.243821915323508 ], [ 73.140712475937406, 22.243821915323508 ], [ 73.140520294559622, 22.243821915323508 ], [ 73.140520294559622, 22.243644035715793 ], [ 73.140328113181809, 22.243644035715793 ], [ 73.140135931804025, 22.243644035715793 ], [ 73.139943750426227, 22.243644035715793 ], [ 73.139751569048428, 22.243555095827244 ], [ 73.139559387670644, 22.243555095827244 ], [ 73.139271115603947, 22.243466155882221 ], [ 73.139078934226148, 22.243466155882221 ], [ 73.139078934226148, 22.243288275822792 ], [ 73.138886752848364, 22.243288275822792 ], [ 73.138694571470566, 22.243288275822792 ], [ 73.138406299403883, 22.24319933570839 ], [ 73.138214118026085, 22.243110395537517 ], [ 73.1380219366483, 22.243110395537517 ], [ 73.137829755270502, 22.243021455310181 ], [ 73.137637573892704, 22.243021455310181 ], [ 73.137349301826021, 22.242932515026375 ], [ 73.137253211137121, 22.242754634289401 ], [ 73.136964939070424, 22.242754634289401 ], [ 73.136676667003741, 22.242665693836212 ], [ 73.136580576314842, 22.242487812760452 ], [ 73.136388394937043, 22.242487812760452 ], [ 73.136196213559259, 22.242487812760452 ], [ 73.136004032181461, 22.24239887213788 ], [ 73.135811850803663, 22.24239887213788 ], [ 73.135619669425878, 22.24239887213788 ], [ 73.135619669425878, 22.242220990723354 ], [ 73.13542748804808, 22.242220990723354 ], [ 73.135331397359181, 22.242043109082974 ], [ 73.135139215981368, 22.242043109082974 ], [ 73.134947034603599, 22.241954168178097 ], [ 73.134658762536887, 22.241865227216753 ], [ 73.134274399781319, 22.241598403993972 ], [ 73.134082218403506, 22.241509462806782 ], [ 73.134082218403506, 22.24133158026304 ], [ 73.134082218403506, 22.241064756023981 ], [ 73.134082218403506, 22.240886872915645 ], [ 73.134274399781319, 22.240886872915645 ], [ 73.134370490470218, 22.240620047829694 ], [ 73.134562671847988, 22.240353222235626 ], [ 73.134658762536887, 22.240175338223956 ], [ 73.134850943914699, 22.240086396133435 ], [ 73.134850943914699, 22.239908511783028 ], [ 73.134947034603599, 22.239641684833984 ], [ 73.135139215981368, 22.239641684833984 ], [ 73.135139215981368, 22.239374857376831 ], [ 73.135331397359181, 22.239374857376831 ], [ 73.135331397359181, 22.239196972123121 ], [ 73.135139215981368, 22.239108029411575 ], [ 73.1347548532258, 22.239108029411575 ], [ 73.134562671847988, 22.239108029411575 ], [ 73.134274399781319, 22.239285914778197 ], [ 73.134082218403506, 22.239285914778197 ], [ 73.133890037025736, 22.239285914778197 ], [ 73.133697855647938, 22.239285914778197 ], [ 73.133313492892356, 22.239463799919005 ], [ 73.133121311514557, 22.239463799919005 ], [ 73.132736948758975, 22.239463799919005 ], [ 73.132544767381162, 22.239463799919005 ], [ 73.132352586003393, 22.239463799919005 ], [ 73.132160404625594, 22.239463799919005 ], [ 73.131776041870012, 22.239285914778197 ], [ 73.131487769803286, 22.239196972123121 ], [ 73.131199497736631, 22.239019086643584 ], [ 73.131199497736631, 22.238841200938232 ], [ 73.130815134981034, 22.238752258000876 ], [ 73.130815134981034, 22.238574371956791 ], [ 73.130526862914351, 22.238307542467254 ], [ 73.130238590847654, 22.238218599191178 ], [ 73.130238590847654, 22.238040712469651 ], [ 73.130046409469841, 22.23795176902421 ], [ 73.129854228092071, 22.23795176902421 ], [ 73.129662046714259, 22.23795176902421 ], [ 73.129469865336475, 22.23795176902421 ], [ 73.129277683958691, 22.23795176902421 ], [ 73.129085502580878, 22.23795176902421 ], [ 73.128893321203108, 22.23795176902421 ], [ 73.12870113982531, 22.23795176902421 ], [ 73.128412867758612, 22.238040712469651 ], [ 73.128220686380828, 22.238040712469651 ], [ 73.128028505003016, 22.238040712469651 ], [ 73.127836323625246, 22.238218599191178 ], [ 73.127740232936347, 22.238396485686895 ], [ 73.127548051558534, 22.238396485686895 ], [ 73.127451960869635, 22.238574371956791 ], [ 73.127259779491865, 22.238574371956791 ], [ 73.126875416736269, 22.238930143819136 ], [ 73.126587144669585, 22.238930143819136 ], [ 73.126587144669585, 22.239108029411575 ], [ 73.126298872602888, 22.239108029411575 ], [ 73.126298872602888, 22.239285914778197 ], [ 73.125914509847291, 22.239552742404715 ], [ 73.125722328469493, 22.239641684833984 ], [ 73.12543405640281, 22.239908511783028 ], [ 73.125241875025026, 22.239908511783028 ], [ 73.124953602958328, 22.240175338223956 ], [ 73.124761421580544, 22.240175338223956 ], [ 73.124569240202732, 22.240175338223956 ], [ 73.124377058824948, 22.240175338223956 ], [ 73.124184877447163, 22.240175338223956 ], [ 73.123992696069365, 22.240175338223956 ], [ 73.123800514691581, 22.240175338223956 ], [ 73.123608333313769, 22.240175338223956 ], [ 73.123320061247071, 22.240264280258021 ], [ 73.123127879869287, 22.240442164156768 ], [ 73.122935698491503, 22.240531106021464 ], [ 73.122935698491503, 22.240797931276784 ], [ 73.12264742642482, 22.241153697493463 ], [ 73.12264742642482, 22.24133158026304 ], [ 73.122551335735906, 22.241509462806782 ], [ 73.122455245047007, 22.241687345124692 ], [ 73.122166972980338, 22.242043109082974 ], [ 73.122166972980338, 22.242220990723354 ], [ 73.122166972980338, 22.24239887213788 ], [ 73.121878700913626, 22.242665693836212 ], [ 73.121878700913626, 22.242843574686127 ], [ 73.121878700913626, 22.243021455310181 ], [ 73.121782610224727, 22.24319933570839 ], [ 73.121494338158044, 22.243555095827244 ], [ 73.121206066091347, 22.243910855042664 ], [ 73.121206066091347, 22.244088734311596 ], [ 73.121109975402476, 22.244444492171855 ], [ 73.121109975402476, 22.244622370763196 ], [ 73.121109975402476, 22.244800249128673 ], [ 73.121109975402476, 22.244978127268283 ], [ 73.121109975402476, 22.245156005182022 ], [ 73.121109975402476, 22.24533388286989 ], [ 73.121109975402476, 22.24551176033189 ], [ 73.121109975402476, 22.24577857610138 ], [ 73.120821703335764, 22.246134329670141 ], [ 73.120821703335764, 22.246401144253781 ], [ 73.120629521957966, 22.246667958329194 ], [ 73.120629521957966, 22.246845834097122 ], [ 73.120629521957966, 22.247023709639166 ], [ 73.120341249891283, 22.247290522528694 ], [ 73.120341249891283, 22.247468397506026 ], [ 73.120341249891283, 22.247646272257455 ], [ 73.120341249891283, 22.247824146783014 ], [ 73.120245159202398, 22.248090958147799 ], [ 73.120149068513484, 22.248357769004322 ], [ 73.120052977824585, 22.248624579352583 ], [ 73.119860796446801, 22.248624579352583 ], [ 73.119572524380104, 22.248980325692951 ], [ 73.119572524380104, 22.249158198524292 ], [ 73.119572524380104, 22.249336071129729 ], [ 73.119572524380104, 22.249513943509264 ], [ 73.119572524380104, 22.249691815662889 ], [ 73.119572524380104, 22.249869687590618 ], [ 73.119668615069003, 22.250136495058626 ], [ 73.119764705757916, 22.250403302018334 ], [ 73.1199568871357, 22.250403302018334 ], [ 73.1199568871357, 22.25058117304242 ], [ 73.120149068513484, 22.25058117304242 ], [ 73.120245159202398, 22.250847979154976 ], [ 73.120437340580182, 22.251114784759206 ], [ 73.120629521957966, 22.251114784759206 ], [ 73.120821703335764, 22.251114784759206 ], [ 73.121013884713562, 22.251203719847652 ], [ 73.121109975402476, 22.251470524774135 ], [ 73.12130215678026, 22.251470524774135 ], [ 73.121398247469145, 22.251648394442729 ], [ 73.121590428846957, 22.251648394442729 ], [ 73.121878700913626, 22.252093067625793 ], [ 73.122166972980338, 22.252182002092958 ], [ 73.122263063669237, 22.252448805155577 ], [ 73.122455245047007, 22.252448805155577 ], [ 73.122455245047007, 22.252626673581585 ], [ 73.12264742642482, 22.252715607709863 ], [ 73.122743517113719, 22.25289347579697 ], [ 73.122935698491503, 22.25289347579697 ], [ 73.123127879869287, 22.25289347579697 ], [ 73.123320061247071, 22.25289347579697 ], [ 73.123512242624869, 22.252982409755798 ], [ 73.123608333313769, 22.253160277504019 ], [ 73.123800514691581, 22.253160277504019 ], [ 73.123800514691581, 22.253338145026291 ], [ 73.123992696069365, 22.253427078702714 ], [ 73.123992696069365, 22.253604945886085 ], [ 73.123992696069365, 22.253871746237504 ], [ 73.12408878675825, 22.254227479248637 ], [ 73.12408878675825, 22.254405345415286 ], [ 73.124280968136063, 22.254405345415286 ], [ 73.124280968136063, 22.254583211355985 ], [ 73.124377058824948, 22.254850009843402 ], [ 73.124473149513847, 22.255027875219234 ], [ 73.124665330891631, 22.255383605293069 ], [ 73.124857512269415, 22.255383605293069 ], [ 73.124953602958328, 22.255650402255323 ], [ 73.125145784336112, 22.255739334463101 ], [ 73.125241875025026, 22.256006130747497 ], [ 73.12543405640281, 22.256361858335833 ], [ 73.125722328469493, 22.25662865343395 ], [ 73.126010600536191, 22.256895448023648 ], [ 73.126202781914003, 22.256984379440571 ], [ 73.126394963291759, 22.256984379440571 ], [ 73.126683235358485, 22.256984379440571 ], [ 73.126875416736269, 22.257073310800994 ], [ 73.127067598114053, 22.257073310800994 ], [ 73.127259779491865, 22.257073310800994 ], [ 73.127451960869635, 22.257073310800994 ], [ 73.127644142247448, 22.257073310800994 ], [ 73.127836323625246, 22.257162242104933 ], [ 73.127836323625246, 22.257340104543335 ], [ 73.128028505003016, 22.257429035677795 ], [ 73.128028505003016, 22.257606897777244 ], [ 73.128124595691929, 22.257784759650725 ], [ 73.128316777069728, 22.258051552037244 ], [ 73.128412867758612, 22.258318343915327 ], [ 73.128605049136397, 22.258407274428365 ], [ 73.12870113982531, 22.258585135284967 ], [ 73.128893321203108, 22.258674065628519 ], [ 73.129085502580878, 22.25894085632024 ], [ 73.129181593269792, 22.259207646503491 ], [ 73.12937377464759, 22.259296576451582 ], [ 73.12937377464759, 22.259474436178287 ], [ 73.129469865336475, 22.259830154953729 ], [ 73.129469865336475, 22.260008014002477 ], [ 73.129469865336475, 22.260185872825236 ], [ 73.129469865336475, 22.260452660635636 ], [ 73.129469865336475, 22.260630518893414 ], [ 73.129469865336475, 22.260808376925205 ], [ 73.129469865336475, 22.260986234730989 ], [ 73.129469865336475, 22.261164092310786 ], [ 73.129662046714259, 22.261253021015936 ], [ 73.129854228092071, 22.261253021015936 ], [ 73.130046409469841, 22.261253021015936 ], [ 73.130238590847654, 22.261253021015936 ], [ 73.130430772225452, 22.261430878256725 ], [ 73.130526862914351, 22.261608735271526 ], [ 73.13062295360325, 22.261875520369973 ], [ 73.13062295360325, 22.262053376819765 ], [ 73.130719044292121, 22.262231233043551 ], [ 73.130911225669934, 22.262409089041338 ], [ 73.130911225669934, 22.262586944813112 ], [ 73.130911225669934, 22.262853728047002 ], [ 73.130911225669934, 22.263209438234483 ], [ 73.130911225669934, 22.263743001820604 ], [ 73.130911225669934, 22.264009782850849 ], [ 73.130911225669934, 22.264187636588485 ], [ 73.130911225669934, 22.264454416771159 ], [ 73.130911225669934, 22.264632269943743 ], [ 73.130911225669934, 22.264810122890299 ], [ 73.130911225669934, 22.264987975610829 ], [ 73.130911225669934, 22.265254754267822 ], [ 73.131007316358819, 22.265699384232651 ], [ 73.131007316358819, 22.265966161533449 ], [ 73.131199497736631, 22.266232938325665 ], [ 73.131199497736631, 22.266410789237927 ], [ 73.131199497736631, 22.266677565182501 ], [ 73.131199497736631, 22.266944340618476 ], [ 73.131199497736631, 22.267122190626576 ], [ 73.131199497736631, 22.267300040408625 ], [ 73.131199497736631, 22.267477889964628 ], [ 73.131199497736631, 22.267655739294579 ], [ 73.131199497736631, 22.267922512865677 ], [ 73.131199497736631, 22.268100361630498 ], [ 73.131199497736631, 22.268367134353891 ], [ 73.131199497736631, 22.268544982553589 ], [ 73.130911225669934, 22.268811754429272 ], [ 73.130815134981034, 22.268989602063819 ], [ 73.13062295360325, 22.269256373091775 ], [ 73.13062295360325, 22.269434220161173 ], [ 73.13062295360325, 22.269612067004505 ], [ 73.13062295360325, 22.269789913621768 ], [ 73.130526862914351, 22.269967760012968 ], [ 73.130815134981034, 22.270056683123794 ], [ 73.131007316358819, 22.270056683123794 ], [ 73.131199497736631, 22.270056683123794 ], [ 73.131391679114415, 22.270056683123794 ], [ 73.131583860492213, 22.270056683123794 ], [ 73.131776041870012, 22.270056683123794 ], [ 73.132064313936681, 22.270323452117157 ], [ 73.132256495314493, 22.270323452117157 ], [ 73.132448676692277, 22.270323452117157 ], [ 73.132544767381162, 22.270501297830148 ], [ 73.132736948758975, 22.270679143317068 ], [ 73.132929130136773, 22.270679143317068 ], [ 73.133121311514557, 22.270945911123551 ], [ 73.133313492892356, 22.270945911123551 ], [ 73.13350567427014, 22.270945911123551 ], [ 73.133697855647938, 22.270945911123551 ], [ 73.133890037025736, 22.270945911123551 ], [ 73.134082218403506, 22.270945911123551 ], [ 73.134274399781319, 22.270945911123551 ], [ 73.134466581159117, 22.270945911123551 ], [ 73.134658762536887, 22.271034833612671 ], [ 73.134850943914699, 22.271034833612671 ], [ 73.135043125292498, 22.271034833612671 ], [ 73.135331397359181, 22.271034833612671 ], [ 73.135331397359181, 22.271212678421367 ], [ 73.135619669425878, 22.271212678421367 ], [ 73.135907941492562, 22.271212678421367 ], [ 73.13610012287036, 22.271212678421367 ], [ 73.136292304248158, 22.271212678421367 ], [ 73.136484485625942, 22.271212678421367 ], [ 73.136676667003741, 22.271212678421367 ], [ 73.136868848381539, 22.271212678421367 ], [ 73.137061029759323, 22.271212678421367 ], [ 73.137253211137121, 22.271212678421367 ], [ 73.137349301826021, 22.27112375604527 ] ] ] } },
{ "type": "Feature", "properties": { "fid": 8, "ward_id": 17 }, "geometry": { "type": "Polygon", "coordinates": [ [ [ 73.197694254453168, 22.27859303859228 ], [ 73.197502073075384, 22.27859303859228 ], [ 73.1973098916976, 22.27859303859228 ], [ 73.197117710319787, 22.27859303859228 ], [ 73.196925528941989, 22.27859303859228 ], [ 73.196637256875306, 22.27859303859228 ], [ 73.196445075497522, 22.27859303859228 ], [ 73.196252894119738, 22.27859303859228 ], [ 73.196060712741925, 22.27859303859228 ], [ 73.195868531364155, 22.27859303859228 ], [ 73.195580259297444, 22.27859303859228 ], [ 73.195291987230775, 22.27859303859228 ], [ 73.195099805852962, 22.27859303859228 ], [ 73.194907624475178, 22.27859303859228 ], [ 73.194715443097394, 22.27859303859228 ], [ 73.194523261719581, 22.27859303859228 ], [ 73.194331080341783, 22.27859303859228 ], [ 73.194138898963999, 22.27859303859228 ], [ 73.193850626897316, 22.27859303859228 ], [ 73.193562354830618, 22.27859303859228 ], [ 73.193370173452834, 22.27859303859228 ], [ 73.193177992075022, 22.27859303859228 ], [ 73.192985810697238, 22.27859303859228 ], [ 73.19269753863054, 22.27859303859228 ], [ 73.192505357252756, 22.27859303859228 ], [ 73.192313175874972, 22.27859303859228 ], [ 73.192120994497159, 22.27859303859228 ], [ 73.191928813119375, 22.27859303859228 ], [ 73.191736631741591, 22.27859303859228 ], [ 73.191544450363779, 22.27859303859228 ], [ 73.191544450363779, 22.278415203167039 ], [ 73.191544450363779, 22.278237367515651 ], [ 73.191544450363779, 22.278059531638142 ], [ 73.191544450363779, 22.277881695534493 ], [ 73.191448359674894, 22.277614940955022 ], [ 73.191448359674894, 22.277437104286047 ], [ 73.191160087608196, 22.277259267390949 ], [ 73.190871815541513, 22.2769925116243 ], [ 73.190871815541513, 22.276725755348885 ], [ 73.190871815541513, 22.27654791754928 ], [ 73.190679634163715, 22.276458998564681 ], [ 73.190679634163715, 22.276281160425903 ], [ 73.190487452785916, 22.276103322060997 ], [ 73.190487452785916, 22.275925483469972 ], [ 73.190487452785916, 22.275747644652846 ], [ 73.190487452785916, 22.275569805609596 ], [ 73.190487452785916, 22.275391966340234 ], [ 73.190487452785916, 22.275214126844752 ], [ 73.190487452785916, 22.275036287123175 ], [ 73.190487452785916, 22.274858447175482 ], [ 73.190487452785916, 22.274680607001677 ], [ 73.190487452785916, 22.274502766601767 ], [ 73.190487452785916, 22.274324925975765 ], [ 73.190295271408147, 22.274147085123648 ], [ 73.190295271408147, 22.273880323421533 ], [ 73.190295271408147, 22.273702482004165 ], [ 73.190295271408147, 22.273524640360698 ], [ 73.190295271408147, 22.273346798491133 ], [ 73.190295271408147, 22.273168956395473 ], [ 73.190295271408147, 22.272902192828063 ], [ 73.190295271408147, 22.272724350167177 ], [ 73.190295271408147, 22.2725465072802 ], [ 73.190487452785916, 22.272457585751923 ], [ 73.190487452785916, 22.272279742525811 ], [ 73.190583543474816, 22.272012977262722 ], [ 73.190583543474816, 22.271746211490957 ], [ 73.190583543474816, 22.271568367360505 ], [ 73.190775724852628, 22.271479445210502 ], [ 73.190775724852628, 22.271301600740927 ], [ 73.190775724852628, 22.27112375604527 ], [ 73.190775724852628, 22.270945911123551 ], [ 73.190775724852628, 22.270679143317068 ], [ 73.190775724852628, 22.270501297830148 ], [ 73.190775724852628, 22.270323452117157 ], [ 73.190775724852628, 22.270145606178097 ], [ 73.190775724852628, 22.269967760012968 ], [ 73.190775724852628, 22.269789913621768 ], [ 73.190775724852628, 22.269523143611096 ], [ 73.190775724852628, 22.269345296654738 ], [ 73.190775724852628, 22.26916744947231 ], [ 73.190775724852628, 22.268900678274804 ], [ 73.190775724852628, 22.268722830527224 ], [ 73.190871815541513, 22.268544982553589 ], [ 73.190871815541513, 22.268278210169282 ], [ 73.190871815541513, 22.268100361630498 ], [ 73.190871815541513, 22.267833588398492 ], [ 73.191063996919297, 22.267744663874794 ], [ 73.191063996919297, 22.267566814657862 ], [ 73.191063996919297, 22.267388965214884 ], [ 73.191063996919297, 22.267122190626576 ], [ 73.191063996919297, 22.266944340618476 ], [ 73.191063996919297, 22.266766490384338 ], [ 73.191063996919297, 22.266588639924155 ], [ 73.191063996919297, 22.266321863810049 ], [ 73.191160087608196, 22.266055087187365 ], [ 73.191160087608196, 22.265877235823027 ], [ 73.191160087608196, 22.265699384232651 ], [ 73.191160087608196, 22.265521532416241 ], [ 73.191160087608196, 22.265343680373796 ], [ 73.191160087608196, 22.265165828105324 ], [ 73.191160087608196, 22.264987975610829 ], [ 73.191160087608196, 22.264810122890299 ], [ 73.191160087608196, 22.264543343385704 ], [ 73.191160087608196, 22.264365490100104 ], [ 73.191160087608196, 22.264187636588485 ], [ 73.191160087608196, 22.264009782850849 ], [ 73.191160087608196, 22.263831928887182 ], [ 73.191160087608196, 22.263654074697506 ], [ 73.191160087608196, 22.263476220281806 ], [ 73.191063996919297, 22.263298365640093 ], [ 73.191063996919297, 22.263120510772371 ], [ 73.190967906230398, 22.262942655678625 ], [ 73.190967906230398, 22.26276480035887 ], [ 73.190967906230398, 22.262586944813112 ], [ 73.190967906230398, 22.262320161070694 ], [ 73.190967906230398, 22.262142304959902 ], [ 73.190967906230398, 22.261964448623122 ], [ 73.190967906230398, 22.261786592060325 ], [ 73.190871815541513, 22.261608735271526 ], [ 73.190871815541513, 22.261430878256725 ], [ 73.190775724852628, 22.261253021015936 ], [ 73.190679634163715, 22.261075163549144 ], [ 73.190583543474816, 22.260808376925205 ], [ 73.190583543474816, 22.260630518893414 ], [ 73.190391362097017, 22.260630518893414 ], [ 73.190391362097017, 22.260452660635636 ], [ 73.190295271408147, 22.260185872825236 ], [ 73.190295271408147, 22.260008014002477 ], [ 73.190199180719247, 22.259830154953729 ], [ 73.190199180719247, 22.259652295679004 ], [ 73.190199180719247, 22.259474436178287 ], [ 73.190006999341435, 22.259296576451582 ], [ 73.190199180719247, 22.259207646503491 ], [ 73.190391362097017, 22.259207646503491 ], [ 73.190583543474816, 22.259207646503491 ], [ 73.190871815541513, 22.259207646503491 ], [ 73.191160087608196, 22.259029786437818 ], [ 73.191448359674894, 22.259029786437818 ], [ 73.191640541052678, 22.25894085632024 ], [ 73.191928813119375, 22.25894085632024 ], [ 73.192024903808274, 22.258762995915596 ], [ 73.192217085186059, 22.258762995915596 ], [ 73.192505357252756, 22.258674065628519 ], [ 73.19269753863054, 22.258585135284967 ], [ 73.192889720008324, 22.258585135284967 ], [ 73.193081901386137, 22.258585135284967 ], [ 73.193274082763921, 22.258585135284967 ], [ 73.193466264141719, 22.258585135284967 ], [ 73.193466264141719, 22.258407274428365 ], [ 73.193658445519503, 22.258407274428365 ], [ 73.193850626897316, 22.258407274428365 ], [ 73.194138898963999, 22.258318343915327 ], [ 73.194331080341783, 22.258318343915327 ], [ 73.19461935240848, 22.258318343915327 ], [ 73.194811533786265, 22.258229413345784 ], [ 73.195003715164063, 22.258229413345784 ], [ 73.195195896541875, 22.258229413345784 ], [ 73.195388077919645, 22.258229413345784 ], [ 73.195580259297444, 22.258229413345784 ], [ 73.195772440675256, 22.258229413345784 ], [ 73.196060712741925, 22.258051552037244 ], [ 73.196252894119738, 22.258051552037244 ], [ 73.196445075497522, 22.258051552037244 ], [ 73.196637256875306, 22.258051552037244 ], [ 73.196829438253118, 22.258051552037244 ], [ 73.197021619630902, 22.257962621298226 ], [ 73.197213801008687, 22.257962621298226 ], [ 73.197405982386499, 22.257962621298226 ], [ 73.197694254453168, 22.257873690502723 ], [ 73.197790345142081, 22.257695828742225 ], [ 73.198078617208765, 22.257695828742225 ], [ 73.198270798586549, 22.257695828742225 ], [ 73.198559070653246, 22.257695828742225 ], [ 73.19875125203103, 22.257606897777244 ], [ 73.198943433408843, 22.257606897777244 ], [ 73.199231705475512, 22.257606897777244 ], [ 73.199423886853324, 22.257606897777244 ], [ 73.199712158920022, 22.257606897777244 ], [ 73.199904340297806, 22.257606897777244 ], [ 73.20009652167559, 22.257606897777244 ], [ 73.200288703053403, 22.257606897777244 ], [ 73.200576975120072, 22.257606897777244 ], [ 73.200865247186783, 22.257606897777244 ], [ 73.201153519253452, 22.257606897777244 ], [ 73.201441791320164, 22.257606897777244 ], [ 73.201633972697934, 22.257606897777244 ], [ 73.201922244764646, 22.257606897777244 ], [ 73.202210516831315, 22.257606897777244 ], [ 73.202402698209127, 22.257606897777244 ], [ 73.202594879586897, 22.257606897777244 ], [ 73.20278706096471, 22.257606897777244 ], [ 73.202979242342508, 22.257606897777244 ], [ 73.203171423720278, 22.257606897777244 ], [ 73.20336360509809, 22.257606897777244 ], [ 73.203555786475874, 22.25751796675576 ], [ 73.203844058542572, 22.257429035677795 ], [ 73.20403623992037, 22.257340104543335 ], [ 73.204324511987039, 22.257251173352376 ], [ 73.204612784053751, 22.257251173352376 ], [ 73.204612784053751, 22.257073310800994 ], [ 73.204804965431549, 22.257073310800994 ], [ 73.205093237498204, 22.256984379440571 ], [ 73.20538150956493, 22.256984379440571 ], [ 73.205573690942714, 22.256984379440571 ], [ 73.205765872320512, 22.256984379440571 ], [ 73.205958053698311, 22.256895448023648 ], [ 73.20615023507608, 22.256895448023648 ], [ 73.206342416453893, 22.256895448023648 ], [ 73.206534597831677, 22.256895448023648 ], [ 73.206726779209475, 22.256895448023648 ], [ 73.207015051276173, 22.256895448023648 ], [ 73.207303323342856, 22.256895448023648 ], [ 73.207495504720654, 22.256895448023648 ], [ 73.207783776787338, 22.256895448023648 ], [ 73.207975958165136, 22.256895448023648 ], [ 73.208168139542906, 22.256895448023648 ], [ 73.208360320920718, 22.256895448023648 ], [ 73.208552502298517, 22.256895448023648 ], [ 73.208744683676287, 22.256895448023648 ], [ 73.208936865054099, 22.256895448023648 ], [ 73.209129046431897, 22.256806516550238 ], [ 73.209417318498581, 22.256806516550238 ], [ 73.209609499876379, 22.256806516550238 ], [ 73.209609499876379, 22.25662865343395 ], [ 73.209801681254177, 22.25662865343395 ], [ 73.209993862631961, 22.25662865343395 ], [ 73.21018604400976, 22.25662865343395 ], [ 73.210378225387558, 22.25662865343395 ], [ 73.210570406765342, 22.25662865343395 ], [ 73.21076258814314, 22.25662865343395 ], [ 73.210954769520939, 22.25662865343395 ], [ 73.211243041587622, 22.25662865343395 ], [ 73.21143522296542, 22.256539721791064 ], [ 73.211627404343218, 22.256539721791064 ], [ 73.211819585721003, 22.256539721791064 ], [ 73.212011767098801, 22.256539721791064 ], [ 73.212203948476585, 22.256539721791064 ], [ 73.212396129854383, 22.256539721791064 ], [ 73.212684401921067, 22.256539721791064 ], [ 73.212876583298865, 22.256539721791064 ], [ 73.213068764676677, 22.256539721791064 ], [ 73.213357036743346, 22.256539721791064 ], [ 73.213645308810058, 22.256539721791064 ], [ 73.213837490187828, 22.256539721791064 ], [ 73.214029671565626, 22.256539721791064 ], [ 73.214221852943425, 22.256539721791064 ], [ 73.214414034321209, 22.256539721791064 ], [ 73.214606215699021, 22.256539721791064 ], [ 73.214798397076805, 22.256539721791064 ], [ 73.214990578454589, 22.256539721791064 ], [ 73.215278850521287, 22.256539721791064 ], [ 73.215471031899071, 22.25662865343395 ], [ 73.215663213276883, 22.25662865343395 ], [ 73.215759303965768, 22.256806516550238 ], [ 73.215951485343567, 22.256895448023648 ], [ 73.216047576032452, 22.257073310800994 ], [ 73.216239757410236, 22.257162242104933 ], [ 73.216431938788048, 22.257162242104933 ], [ 73.216528029476933, 22.257340104543335 ], [ 73.216624120165832, 22.25751796675576 ], [ 73.216816301543631, 22.25751796675576 ], [ 73.21691239223253, 22.257695828742225 ], [ 73.217104573610314, 22.257962621298226 ], [ 73.217200664299213, 22.258140482719764 ], [ 73.217392845677011, 22.258229413345784 ], [ 73.21748893636591, 22.258496204884917 ], [ 73.217681117743695, 22.258762995915596 ], [ 73.217777208432594, 22.259029786437818 ], [ 73.217969389810392, 22.259029786437818 ], [ 73.218065480499305, 22.259207646503491 ], [ 73.218161571188205, 22.259385506343182 ], [ 73.218161571188205, 22.259563365956893 ], [ 73.21825766187709, 22.259741225344616 ], [ 73.218353752565974, 22.259919084506357 ], [ 73.218545933943787, 22.259919084506357 ], [ 73.218642024632686, 22.260274802151866 ], [ 73.21883420601047, 22.260630518893414 ], [ 73.218930296699355, 22.260808376925205 ], [ 73.219026387388254, 22.260986234730989 ], [ 73.219218568766067, 22.261075163549144 ], [ 73.219218568766067, 22.261253021015936 ], [ 73.219314659454952, 22.261430878256725 ], [ 73.219506840832736, 22.261786592060325 ], [ 73.219699022210548, 22.261786592060325 ], [ 73.219699022210548, 22.261964448623122 ], [ 73.219795112899433, 22.262231233043551 ], [ 73.219987294277217, 22.262498016955469 ], [ 73.220083384966117, 22.26276480035887 ], [ 73.220275566343929, 22.263031583253742 ], [ 73.220467747721699, 22.263031583253742 ], [ 73.220467747721699, 22.263209438234483 ], [ 73.220563838410598, 22.263476220281806 ], [ 73.220659929099511, 22.263743001820604 ], [ 73.220756019788411, 22.263920855897275 ], [ 73.220948201166195, 22.264187636588485 ], [ 73.220948201166195, 22.264365490100104 ], [ 73.22104429185508, 22.264543343385704 ], [ 73.22104429185508, 22.264721196445265 ], [ 73.221140382543979, 22.264987975610829 ], [ 73.221236473232892, 22.265165828105324 ], [ 73.221236473232892, 22.265343680373796 ], [ 73.221428654610676, 22.265432606423278 ], [ 73.221524745299561, 22.265788310056095 ], [ 73.22162083598846, 22.265966161533449 ], [ 73.221813017366273, 22.265966161533449 ], [ 73.221909108055158, 22.266144012784771 ], [ 73.222101289432942, 22.266232938325665 ], [ 73.222101289432942, 22.266410789237927 ], [ 73.222293470810754, 22.266499714609292 ], [ 73.222389561499639, 22.266677565182501 ], [ 73.222485652188553, 22.266855415529665 ], [ 73.222677833566351, 22.266855415529665 ], [ 73.222677833566351, 22.267033265650774 ], [ 73.222677833566351, 22.267300040408625 ], [ 73.222677833566351, 22.267566814657862 ], [ 73.222677833566351, 22.267744663874794 ], [ 73.222677833566351, 22.267922512865677 ], [ 73.222485652188553, 22.268011437276346 ], [ 73.222293470810754, 22.268011437276346 ], [ 73.222005198744071, 22.268278210169282 ], [ 73.221813017366273, 22.268278210169282 ], [ 73.22162083598846, 22.268278210169282 ], [ 73.221428654610676, 22.268278210169282 ], [ 73.221332563921777, 22.268456058482002 ], [ 73.220852110477296, 22.268811754429272 ], [ 73.220659929099511, 22.268900678274804 ], [ 73.220659929099511, 22.269078525796317 ], [ 73.220467747721699, 22.269078525796317 ], [ 73.220371657032814, 22.269256373091775 ], [ 73.220275566343929, 22.269434220161173 ], [ 73.220083384966117, 22.269434220161173 ], [ 73.219699022210548, 22.269789913621768 ], [ 73.219506840832736, 22.270056683123794 ], [ 73.219314659454952, 22.270056683123794 ], [ 73.219122478077168, 22.270056683123794 ], [ 73.218930296699355, 22.270056683123794 ], [ 73.218738115321557, 22.270056683123794 ], [ 73.218545933943787, 22.270056683123794 ], [ 73.218353752565974, 22.270056683123794 ], [ 73.218161571188205, 22.270056683123794 ], [ 73.217969389810392, 22.270056683123794 ], [ 73.217777208432594, 22.270234529175887 ], [ 73.217585027054824, 22.270234529175887 ], [ 73.21748893636591, 22.270501297830148 ], [ 73.217296754988112, 22.270501297830148 ], [ 73.217008482921429, 22.270768065975744 ], [ 73.216816301543631, 22.270856988577904 ], [ 73.216816301543631, 22.271034833612671 ], [ 73.216431938788048, 22.271301600740927 ], [ 73.216239757410236, 22.271479445210502 ], [ 73.216047576032452, 22.271657289453998 ], [ 73.215855394654668, 22.271835133471399 ], [ 73.215663213276883, 22.272012977262722 ], [ 73.215471031899071, 22.272190820827976 ], [ 73.215278850521287, 22.272279742525811 ], [ 73.214894487765704, 22.272635428751947 ], [ 73.214702306387892, 22.272724350167177 ], [ 73.214510125010108, 22.272813271525884 ], [ 73.214221852943425, 22.273080035262868 ], [ 73.214029671565626, 22.273257877471572 ], [ 73.213837490187828, 22.273346798491133 ], [ 73.213741399498943, 22.273613561210691 ], [ 73.213549218121159, 22.273613561210691 ], [ 73.213260946054433, 22.274058164612793 ], [ 73.212972673987764, 22.274147085123648 ], [ 73.212876583298865, 22.274413846317032 ], [ 73.212684401921067, 22.274413846317032 ], [ 73.212396129854383, 22.274502766601767 ], [ 73.212107857787686, 22.274769527116835 ], [ 73.211915676409902, 22.274769527116835 ], [ 73.211819585721003, 22.274947367177589 ], [ 73.211627404343218, 22.275036287123175 ], [ 73.211531313654305, 22.275303046620749 ], [ 73.211531313654305, 22.27548088600318 ], [ 73.211531313654305, 22.275658725159481 ], [ 73.21143522296542, 22.275925483469972 ], [ 73.211146950898723, 22.276281160425903 ], [ 73.211146950898723, 22.276458998564681 ], [ 73.211146950898723, 22.276636836477348 ], [ 73.211050860209824, 22.27681467416388 ], [ 73.210858678832039, 22.27681467416388 ], [ 73.210858678832039, 22.2769925116243 ], [ 73.210570406765342, 22.277259267390949 ], [ 73.210570406765342, 22.277437104286047 ], [ 73.210570406765342, 22.277614940955022 ], [ 73.210282134698659, 22.277970613614578 ], [ 73.210282134698659, 22.278148449605165 ], [ 73.210282134698659, 22.278415203167039 ], [ 73.210282134698659, 22.278681956220105 ], [ 73.210282134698659, 22.278948708764361 ], [ 73.210282134698659, 22.279126543511182 ], [ 73.210282134698659, 22.279393295207409 ], [ 73.210282134698659, 22.279571129388881 ], [ 73.210282134698659, 22.279748963344211 ], [ 73.210282134698659, 22.279926797073394 ], [ 73.210474316076443, 22.279926797073394 ], [ 73.210474316076443, 22.280104630576421 ], [ 73.210666497454241, 22.280104630576421 ], [ 73.210858678832039, 22.280015713853174 ], [ 73.211050860209824, 22.280282463853304 ], [ 73.211146950898723, 22.280638129728612 ], [ 73.211339132276521, 22.280638129728612 ], [ 73.211531313654305, 22.280904878541438 ], [ 73.211627404343218, 22.281171626845417 ], [ 73.211627404343218, 22.281349458765373 ], [ 73.211819585721003, 22.281349458765373 ], [ 73.211915676409902, 22.281705121926802 ], [ 73.212107857787686, 22.281705121926802 ], [ 73.212107857787686, 22.281882953168271 ], [ 73.212107857787686, 22.282060784183578 ], [ 73.211915676409902, 22.282060784183578 ], [ 73.211627404343218, 22.282149699606428 ], [ 73.211339132276521, 22.282149699606428 ], [ 73.211146950898723, 22.282149699606428 ], [ 73.210954769520939, 22.282149699606428 ], [ 73.210666497454241, 22.28232753028248 ], [ 73.210378225387558, 22.28232753028248 ], [ 73.21008995332086, 22.282416445535699 ], [ 73.209801681254177, 22.282594275872505 ], [ 73.20951340918748, 22.282594275872505 ], [ 73.209321227809696, 22.282594275872505 ], [ 73.209129046431897, 22.282594275872505 ], [ 73.2088407743652, 22.282683190956099 ], [ 73.208456411609617, 22.282949935867617 ], [ 73.208168139542906, 22.282949935867617 ], [ 73.207975958165136, 22.282949935867617 ], [ 73.207783776787338, 22.282949935867617 ], [ 73.207591595409554, 22.282949935867617 ], [ 73.207399414031755, 22.282949935867617 ], [ 73.207015051276173, 22.283216680270243 ], [ 73.206822869898375, 22.283216680270243 ], [ 73.206630688520562, 22.283216680270243 ], [ 73.206438507142792, 22.283216680270243 ], [ 73.20605414438721, 22.283483424163972 ], [ 73.205861963009411, 22.283483424163972 ], [ 73.205669781631613, 22.283483424163972 ], [ 73.205477600253815, 22.283483424163972 ], [ 73.205285418876031, 22.283483424163972 ], [ 73.205093237498204, 22.283483424163972 ], [ 73.204804965431549, 22.283483424163972 ], [ 73.204420602675953, 22.28330559495803 ], [ 73.204228421298168, 22.28330559495803 ], [ 73.203844058542572, 22.283216680270243 ], [ 73.203555786475874, 22.283038850725038 ], [ 73.203075333031393, 22.282772105983142 ], [ 73.202883151653609, 22.282772105983142 ], [ 73.202594879586897, 22.282772105983142 ], [ 73.202306607520228, 22.282683190956099 ], [ 73.202018335453531, 22.282505360732376 ], [ 73.201826154075746, 22.282505360732376 ], [ 73.201441791320164, 22.282505360732376 ], [ 73.201153519253452, 22.282505360732376 ], [ 73.200865247186783, 22.282683190956099 ], [ 73.200576975120072, 22.282772105983142 ], [ 73.200384793742302, 22.282772105983142 ], [ 73.200192612364503, 22.282772105983142 ], [ 73.200000430986705, 22.282772105983142 ], [ 73.199808249608921, 22.282772105983142 ], [ 73.199616068231109, 22.282772105983142 ], [ 73.199423886853324, 22.282772105983142 ], [ 73.199135614786641, 22.283038850725038 ], [ 73.198943433408843, 22.283038850725038 ], [ 73.19875125203103, 22.283038850725038 ], [ 73.198559070653246, 22.283038850725038 ], [ 73.19817470789765, 22.283394509589282 ], [ 73.197982526519866, 22.283394509589282 ], [ 73.197790345142081, 22.283394509589282 ], [ 73.197598163764269, 22.283394509589282 ], [ 73.197213801008687, 22.283572338682138 ], [ 73.197021619630902, 22.283572338682138 ], [ 73.196829438253118, 22.283572338682138 ], [ 73.196637256875306, 22.283572338682138 ], [ 73.196445075497522, 22.283572338682138 ], [ 73.196252894119738, 22.283572338682138 ], [ 73.196060712741925, 22.283572338682138 ], [ 73.196060712741925, 22.283394509589282 ], [ 73.196060712741925, 22.283216680270243 ], [ 73.19596462205304, 22.283038850725038 ], [ 73.19596462205304, 22.28286102095365 ], [ 73.19596462205304, 22.282594275872505 ], [ 73.19596462205304, 22.282416445535699 ], [ 73.19596462205304, 22.282238614972727 ], [ 73.19596462205304, 22.282060784183578 ], [ 73.19596462205304, 22.281882953168271 ], [ 73.19596462205304, 22.281705121926802 ], [ 73.19596462205304, 22.28152729045917 ], [ 73.19596462205304, 22.281349458765373 ], [ 73.19596462205304, 22.281171626845417 ], [ 73.196252894119738, 22.280904878541438 ], [ 73.196348984808637, 22.280638129728612 ], [ 73.196445075497522, 22.28037138040694 ], [ 73.196637256875306, 22.280282463853304 ], [ 73.196637256875306, 22.280104630576421 ], [ 73.196829438253118, 22.280015713853174 ], [ 73.196829438253118, 22.279837880237064 ], [ 73.196925528941989, 22.279660046394817 ], [ 73.197117710319787, 22.279660046394817 ], [ 73.197117710319787, 22.279482212326418 ], [ 73.1973098916976, 22.279393295207409 ], [ 73.1973098916976, 22.279215460799794 ], [ 73.1973098916976, 22.279037626166033 ], [ 73.1973098916976, 22.278859791306139 ], [ 73.197598163764269, 22.278504120907929 ], [ 73.197694254453168, 22.27859303859228 ] ] ] } },
{ "type": "Feature", "properties": { "fid": 9, "ward_id": 18 }, "geometry": { "type": "Polygon", "coordinates": [ [ [ 73.167713959517386, 22.252804541781657 ], [ 73.167425687450717, 22.252626673581585 ], [ 73.167233506072904, 22.252626673581585 ], [ 73.167041324695106, 22.252626673581585 ], [ 73.166849143317307, 22.252626673581585 ], [ 73.166753052628422, 22.252804541781657 ], [ 73.166560871250624, 22.252982409755795 ], [ 73.166368689872826, 22.252982409755795 ], [ 73.166176508495042, 22.252982409755795 ], [ 73.166080417806143, 22.253160277504012 ], [ 73.165888236428344, 22.253249211293394 ], [ 73.165792145739445, 22.253427078702703 ], [ 73.165503873672762, 22.253427078702703 ], [ 73.165503873672762, 22.253604945886082 ], [ 73.165503873672762, 22.253782812843522 ], [ 73.165503873672762, 22.253960679575027 ], [ 73.165503873672762, 22.254138546080579 ], [ 73.16569605505056, 22.254227479248627 ], [ 73.165888236428344, 22.254227479248627 ], [ 73.166080417806143, 22.254316412360197 ], [ 73.166176508495042, 22.254583211355982 ], [ 73.166272599183941, 22.254761077070743 ], [ 73.166464780561739, 22.255027875219234 ], [ 73.166753052628422, 22.255383605293069 ], [ 73.166849143317307, 22.255561469991061 ], [ 73.166945234006207, 22.255828266614383 ], [ 73.166945234006207, 22.25600613074749 ], [ 73.166945234006207, 22.256183994654645 ], [ 73.166656961939523, 22.256183994654645 ], [ 73.166464780561739, 22.256183994654645 ], [ 73.166176508495042, 22.256183994654645 ], [ 73.165984327117243, 22.256183994654645 ], [ 73.165792145739445, 22.256183994654645 ], [ 73.165599964361661, 22.256183994654645 ], [ 73.165407782983863, 22.256183994654645 ], [ 73.165407782983863, 22.256361858335826 ], [ 73.165407782983863, 22.256628653433939 ], [ 73.165503873672762, 22.256895448023645 ], [ 73.165792145739445, 22.256984379440564 ], [ 73.165984327117243, 22.257162242104933 ], [ 73.166176508495042, 22.257162242104933 ], [ 73.166272599183941, 22.257340104543335 ], [ 73.166272599183941, 22.25751796675576 ], [ 73.166272599183941, 22.257695828742225 ], [ 73.166272599183941, 22.257873690502723 ], [ 73.166272599183941, 22.258051552037237 ], [ 73.166272599183941, 22.258229413345784 ], [ 73.166272599183941, 22.258407274428365 ], [ 73.166560871250624, 22.258674065628519 ], [ 73.166560871250624, 22.258851926146157 ], [ 73.166560871250624, 22.259029786437814 ], [ 73.166560871250624, 22.259207646503487 ], [ 73.166560871250624, 22.259385506343182 ], [ 73.166560871250624, 22.25956336595689 ], [ 73.166560871250624, 22.259741225344612 ], [ 73.166560871250624, 22.259919084506354 ], [ 73.166560871250624, 22.260096943442097 ], [ 73.166368689872826, 22.260274802151866 ], [ 73.166176508495042, 22.260452660635636 ], [ 73.16569605505056, 22.260808376925201 ], [ 73.165407782983863, 22.261075163549144 ], [ 73.165215601606079, 22.261075163549144 ], [ 73.16502342022828, 22.261164092310786 ], [ 73.16502342022828, 22.261341949664583 ], [ 73.16502342022828, 22.261519806792375 ], [ 73.16502342022828, 22.261697663694179 ], [ 73.165119510917179, 22.261964448623115 ], [ 73.165311692294964, 22.262231233043551 ], [ 73.165407782983863, 22.262409089041331 ], [ 73.165407782983863, 22.262586944813105 ], [ 73.165503873672762, 22.26276480035887 ], [ 73.165503873672762, 22.262942655678625 ], [ 73.165599964361661, 22.26312051077236 ], [ 73.165599964361661, 22.26329836564009 ], [ 73.165792145739445, 22.263387292989197 ], [ 73.165984327117243, 22.263387292989197 ], [ 73.166272599183941, 22.263387292989197 ], [ 73.166560871250624, 22.263387292989197 ], [ 73.166849143317307, 22.263387292989197 ], [ 73.167041324695106, 22.263387292989197 ], [ 73.167233506072904, 22.263387292989197 ], [ 73.167233506072904, 22.263565147517898 ], [ 73.167329596761817, 22.263743001820597 ], [ 73.167425687450717, 22.263920855897265 ], [ 73.167425687450717, 22.26409870974792 ], [ 73.167521778139587, 22.264276563372547 ], [ 73.167713959517386, 22.264365490100104 ], [ 73.167713959517386, 22.2645433433857 ], [ 73.167810050206285, 22.264721196445265 ], [ 73.168002231584083, 22.264810122890299 ], [ 73.168002231584083, 22.264987975610829 ], [ 73.168194412961867, 22.265076901886328 ], [ 73.168290503650766, 22.264810122890299 ], [ 73.168290503650766, 22.264632269943736 ], [ 73.168482685028579, 22.264632269943736 ], [ 73.168482685028579, 22.264454416771155 ], [ 73.168482685028579, 22.264276563372547 ], [ 73.168674866406363, 22.264187636588485 ], [ 73.168867047784161, 22.264187636588485 ], [ 73.169059229161945, 22.264187636588485 ], [ 73.169251410539729, 22.26409870974792 ], [ 73.169443591917542, 22.264009782850842 ], [ 73.169635773295326, 22.263920855897265 ], [ 73.16982795467311, 22.263831928887182 ], [ 73.170020136050923, 22.263743001820597 ], [ 73.170020136050923, 22.263565147517898 ], [ 73.170212317428707, 22.263565147517898 ], [ 73.170500589495404, 22.26329836564009 ], [ 73.170692770873188, 22.263209438234483 ], [ 73.170884952250972, 22.26312051077236 ], [ 73.171077133628756, 22.263031583253742 ], [ 73.171269315006569, 22.262853728046998 ], [ 73.171365405695454, 22.262675872614231 ], [ 73.171557587073266, 22.262675872614231 ], [ 73.17174976845105, 22.262586944813105 ], [ 73.171845859139964, 22.262409089041331 ], [ 73.172038040517748, 22.262409089041331 ], [ 73.172230221895532, 22.262320161070694 ], [ 73.172422403273345, 22.262142304959902 ], [ 73.1726145846511, 22.262053376819765 ], [ 73.172806766028927, 22.262053376819765 ], [ 73.172998947406725, 22.261964448623115 ], [ 73.173191128784495, 22.261875520369973 ], [ 73.173383310162308, 22.261786592060325 ], [ 73.173575491540078, 22.261786592060325 ], [ 73.173671582228977, 22.261608735271526 ], [ 73.173863763606789, 22.261608735271526 ], [ 73.174152035673472, 22.261519806792375 ], [ 73.174344217051257, 22.261430878256725 ], [ 73.174536398429069, 22.261341949664583 ], [ 73.174728579806839, 22.261253021015929 ], [ 73.174920761184651, 22.261164092310786 ], [ 73.175112942562421, 22.261164092310786 ], [ 73.17530512394022, 22.260986234730986 ], [ 73.175497305318032, 22.260986234730986 ], [ 73.175689486695816, 22.260986234730986 ], [ 73.1758816680736, 22.260986234730986 ], [ 73.176073849451413, 22.260986234730986 ], [ 73.176266030829211, 22.260986234730986 ], [ 73.176458212206981, 22.260986234730986 ], [ 73.176650393584765, 22.260986234730986 ], [ 73.176842574962592, 22.260986234730986 ], [ 73.176842574962592, 22.261164092310786 ], [ 73.176938665651491, 22.261341949664583 ], [ 73.177034756340376, 22.261519806792375 ], [ 73.177130847029275, 22.261697663694179 ], [ 73.17722693771816, 22.261875520369973 ], [ 73.17722693771816, 22.262053376819765 ], [ 73.177323028407073, 22.262231233043551 ], [ 73.177323028407073, 22.262409089041331 ], [ 73.177419119095973, 22.262586944813105 ], [ 73.177419119095973, 22.26276480035887 ], [ 73.177419119095973, 22.262942655678625 ], [ 73.177419119095973, 22.26312051077236 ], [ 73.177419119095973, 22.26329836564009 ], [ 73.177419119095973, 22.263476220281806 ], [ 73.177515209784872, 22.263831928887182 ], [ 73.177515209784872, 22.264009782850842 ], [ 73.177515209784872, 22.264187636588485 ], [ 73.177515209784872, 22.264365490100104 ], [ 73.177515209784872, 22.2645433433857 ], [ 73.177515209784872, 22.264810122890299 ], [ 73.177515209784872, 22.264987975610829 ], [ 73.177515209784872, 22.265165828105324 ], [ 73.177515209784872, 22.265343680373796 ], [ 73.177515209784872, 22.265521532416241 ], [ 73.177515209784872, 22.265699384232647 ], [ 73.177515209784872, 22.265966161533441 ], [ 73.177515209784872, 22.266144012784771 ], [ 73.177515209784872, 22.266321863810049 ], [ 73.177515209784872, 22.266499714609292 ], [ 73.177515209784872, 22.266677565182501 ], [ 73.177515209784872, 22.266855415529651 ], [ 73.177515209784872, 22.267033265650774 ], [ 73.177515209784872, 22.267211115545852 ], [ 73.177515209784872, 22.267388965214881 ], [ 73.177515209784872, 22.267566814657862 ], [ 73.177515209784872, 22.267744663874794 ], [ 73.177515209784872, 22.267922512865677 ], [ 73.177515209784872, 22.268100361630498 ], [ 73.177515209784872, 22.268278210169278 ], [ 73.177515209784872, 22.268456058482002 ], [ 73.177515209784872, 22.26863390656866 ], [ 73.177515209784872, 22.2689006782748 ], [ 73.177515209784872, 22.269167449472306 ], [ 73.177515209784872, 22.269345296654731 ], [ 73.177707391162642, 22.269612067004502 ], [ 73.177707391162642, 22.269789913621761 ], [ 73.177707391162642, 22.270056683123787 ], [ 73.177707391162642, 22.270234529175887 ], [ 73.177803481851555, 22.270501297830148 ], [ 73.177803481851555, 22.270768065975734 ], [ 73.177803481851555, 22.270945911123544 ], [ 73.177803481851555, 22.27112375604527 ], [ 73.177803481851555, 22.271301600740927 ], [ 73.177899572540454, 22.271568367360505 ], [ 73.177899572540454, 22.271746211490957 ], [ 73.177995663229353, 22.272101899073604 ], [ 73.177995663229353, 22.272279742525811 ], [ 73.178187844607123, 22.272546507280197 ], [ 73.178187844607123, 22.27272435016717 ], [ 73.178187844607123, 22.272902192828063 ], [ 73.178187844607123, 22.273168956395473 ], [ 73.178380025984936, 22.273524640360698 ], [ 73.178380025984936, 22.273702482004165 ], [ 73.178380025984936, 22.273880323421523 ], [ 73.178380025984936, 22.274058164612793 ], [ 73.178380025984936, 22.274236005577961 ], [ 73.178380025984936, 22.274502766601767 ], [ 73.178380025984936, 22.274680607001677 ], [ 73.178380025984936, 22.274947367177589 ], [ 73.178380025984936, 22.275214126844752 ], [ 73.178380025984936, 22.275391966340234 ], [ 73.178380025984936, 22.275569805609596 ], [ 73.178380025984936, 22.275747644652839 ], [ 73.178380025984936, 22.275925483469972 ], [ 73.178380025984936, 22.276192241271705 ], [ 73.178380025984936, 22.276458998564681 ], [ 73.178380025984936, 22.276636836477337 ], [ 73.178380025984936, 22.27681467416388 ], [ 73.178380025984936, 22.2769925116243 ], [ 73.178380025984936, 22.277170348858593 ], [ 73.178476116673835, 22.277437104286047 ], [ 73.178476116673835, 22.277614940955022 ], [ 73.178476116673835, 22.277881695534493 ], [ 73.178476116673835, 22.278059531638135 ], [ 73.178668298051619, 22.278326285369609 ], [ 73.178668298051619, 22.278504120907929 ], [ 73.178764388740504, 22.278681956220101 ], [ 73.178764388740504, 22.27894870876435 ], [ 73.178764388740504, 22.27921546079979 ], [ 73.178764388740504, 22.279482212326414 ], [ 73.178764388740504, 22.279748963344208 ], [ 73.178764388740504, 22.280015713853171 ], [ 73.178764388740504, 22.280193547243126 ], [ 73.178764388740504, 22.28037138040693 ], [ 73.178764388740504, 22.280549213344589 ], [ 73.178764388740504, 22.280727046056093 ], [ 73.178764388740504, 22.280904878541438 ], [ 73.178764388740504, 22.281082710800632 ], [ 73.178764388740504, 22.28126054283366 ], [ 73.178764388740504, 22.281527290459159 ], [ 73.178764388740504, 22.281705121926802 ], [ 73.178764388740504, 22.281882953168271 ], [ 73.178764388740504, 22.282060784183578 ], [ 73.178764388740504, 22.282238614972716 ], [ 73.178572207362734, 22.282238614972716 ], [ 73.178572207362734, 22.282416445535695 ], [ 73.178476116673835, 22.282594275872505 ], [ 73.178380025984936, 22.282772105983142 ], [ 73.178380025984936, 22.282949935867617 ], [ 73.178283935296022, 22.283127765525908 ], [ 73.178283935296022, 22.28330559495803 ], [ 73.178283935296022, 22.283483424163972 ], [ 73.178283935296022, 22.283661253143745 ], [ 73.178380025984936, 22.283839081897337 ], [ 73.178476116673835, 22.28401691042475 ], [ 73.178572207362734, 22.284283652791778 ], [ 73.178668298051619, 22.28446148075373 ], [ 73.178860479429417, 22.284550394649894 ], [ 73.179052660807216, 22.284639308489506 ], [ 73.179244842184985, 22.284639308489506 ], [ 73.179437023562798, 22.284639308489506 ], [ 73.179629204940596, 22.284639308489506 ], [ 73.179821386318366, 22.284639308489506 ], [ 73.180013567696179, 22.284639308489506 ], [ 73.180205749073963, 22.284639308489506 ], [ 73.180397930451747, 22.284639308489506 ], [ 73.180590111829559, 22.284639308489506 ], [ 73.180782293207329, 22.284639308489506 ], [ 73.180974474585142, 22.284639308489506 ], [ 73.181070565274041, 22.284817135999088 ], [ 73.181262746651839, 22.284817135999088 ], [ 73.181551018718523, 22.284817135999088 ], [ 73.181743200096307, 22.284817135999088 ], [ 73.181935381474119, 22.284817135999088 ], [ 73.182127562851903, 22.284639308489506 ], [ 73.182319744229702, 22.284639308489506 ], [ 73.1825119256075, 22.284550394649894 ], [ 73.182704106985284, 22.284550394649894 ], [ 73.182992379051981, 22.284550394649894 ], [ 73.183184560429765, 22.284550394649894 ], [ 73.183472832496463, 22.28446148075373 ], [ 73.183665013874247, 22.28446148075373 ], [ 73.183857195252045, 22.28446148075373 ], [ 73.184049376629844, 22.28446148075373 ], [ 73.184241558007642, 22.284372566801032 ], [ 73.184433739385426, 22.284372566801032 ], [ 73.184625920763224, 22.284283652791778 ], [ 73.184818102140994, 22.284283652791778 ], [ 73.185010283518807, 22.284194738725979 ], [ 73.185202464896605, 22.284194738725979 ], [ 73.185394646274375, 22.284194738725979 ], [ 73.185586827652187, 22.284105824603635 ], [ 73.185779009029986, 22.284105824603635 ], [ 73.186067281096669, 22.284105824603635 ], [ 73.186259462474467, 22.284105824603635 ], [ 73.186451643852266, 22.284105824603635 ], [ 73.18664382523005, 22.284105824603635 ], [ 73.186836006607848, 22.284105824603635 ], [ 73.187028187985646, 22.284105824603635 ], [ 73.18731646005233, 22.28401691042475 ], [ 73.187508641430128, 22.28401691042475 ], [ 73.187796913496811, 22.283839081897337 ], [ 73.187989094874609, 22.283839081897337 ], [ 73.188181276252394, 22.283839081897337 ], [ 73.188373457630192, 22.283839081897337 ], [ 73.18856563900799, 22.28375016754881 ], [ 73.188757820385774, 22.28375016754881 ], [ 73.188853911074673, 22.283572338682127 ], [ 73.189046092452472, 22.283572338682127 ], [ 73.189238273830256, 22.283572338682127 ], [ 73.189526545896953, 22.283572338682127 ], [ 73.189718727274737, 22.283572338682127 ], [ 73.189910908652536, 22.283572338682127 ], [ 73.190103090030334, 22.283572338682127 ], [ 73.190295271408118, 22.283572338682127 ], [ 73.190583543474816, 22.283572338682127 ], [ 73.190775724852628, 22.283572338682127 ], [ 73.190967906230398, 22.283572338682127 ], [ 73.19125617829711, 22.283572338682127 ], [ 73.191448359674894, 22.283572338682127 ], [ 73.191640541052678, 22.283572338682127 ], [ 73.19183272243049, 22.283572338682127 ], [ 73.191928813119375, 22.283839081897337 ], [ 73.192120994497159, 22.283839081897337 ], [ 73.192313175874972, 22.283839081897337 ], [ 73.192505357252756, 22.283839081897337 ], [ 73.19269753863054, 22.283839081897337 ], [ 73.192889720008324, 22.283839081897337 ], [ 73.193081901386137, 22.283839081897337 ], [ 73.193274082763921, 22.283839081897337 ], [ 73.193466264141719, 22.283839081897337 ], [ 73.193754536208402, 22.283839081897337 ], [ 73.1940428082751, 22.283839081897337 ], [ 73.194331080341783, 22.283839081897337 ], [ 73.19461935240848, 22.283839081897337 ], [ 73.194811533786265, 22.283839081897337 ], [ 73.195003715164063, 22.283839081897337 ], [ 73.195195896541875, 22.283839081897337 ], [ 73.195388077919645, 22.283839081897337 ], [ 73.195580259297444, 22.283927996189316 ], [ 73.195580259297444, 22.28375016754881 ], [ 73.195580259297444, 22.283572338682127 ], [ 73.195580259297444, 22.283394509589275 ], [ 73.195580259297444, 22.283216680270236 ], [ 73.195580259297444, 22.283038850725028 ], [ 73.195580259297444, 22.28286102095365 ], [ 73.195580259297444, 22.282683190956089 ], [ 73.195580259297444, 22.282505360732376 ], [ 73.195580259297444, 22.28232753028248 ], [ 73.195772440675256, 22.28232753028248 ], [ 73.195772440675256, 22.282149699606418 ], [ 73.195868531364155, 22.281971868704193 ], [ 73.196060712741925, 22.281882953168271 ], [ 73.196060712741925, 22.281705121926802 ], [ 73.196156803430824, 22.28143837464054 ], [ 73.196156803430824, 22.28126054283366 ], [ 73.196348984808637, 22.281082710800632 ], [ 73.196348984808637, 22.280904878541438 ], [ 73.196445075497522, 22.280727046056093 ], [ 73.196637256875306, 22.280727046056093 ], [ 73.196637256875306, 22.280549213344589 ], [ 73.196829438253118, 22.2802824638533 ], [ 73.197021619630902, 22.280193547243126 ], [ 73.197021619630902, 22.280015713853171 ], [ 73.197117710319787, 22.279837880237061 ], [ 73.1973098916976, 22.279748963344208 ], [ 73.1973098916976, 22.279571129388881 ], [ 73.197405982386499, 22.279393295207409 ], [ 73.197405982386499, 22.27921546079979 ], [ 73.197405982386499, 22.279037626166033 ], [ 73.197213801008687, 22.27894870876435 ], [ 73.197021619630902, 22.27894870876435 ], [ 73.196829438253118, 22.27894870876435 ], [ 73.196637256875306, 22.27894870876435 ], [ 73.196445075497522, 22.27894870876435 ], [ 73.196252894119738, 22.27894870876435 ], [ 73.196060712741925, 22.27894870876435 ], [ 73.195868531364155, 22.27894870876435 ], [ 73.195676349986357, 22.27894870876435 ], [ 73.195484168608544, 22.27894870876435 ], [ 73.195291987230775, 22.27894870876435 ], [ 73.195099805852962, 22.27894870876435 ], [ 73.194907624475178, 22.279037626166033 ], [ 73.194715443097394, 22.279126543511182 ], [ 73.194523261719581, 22.279126543511182 ], [ 73.194523261719581, 22.279304378031867 ], [ 73.194331080341783, 22.279304378031867 ], [ 73.1940428082751, 22.279393295207409 ], [ 73.193850626897316, 22.279571129388881 ], [ 73.193658445519503, 22.279571129388881 ], [ 73.193370173452834, 22.279571129388881 ], [ 73.193081901386137, 22.279571129388881 ], [ 73.192793629319453, 22.279571129388881 ], [ 73.192601447941641, 22.279571129388881 ], [ 73.192313175874972, 22.279571129388881 ], [ 73.192120994497159, 22.279571129388881 ], [ 73.191928813119375, 22.279571129388881 ], [ 73.191736631741591, 22.279571129388881 ], [ 73.191448359674894, 22.279571129388881 ], [ 73.19125617829711, 22.279482212326414 ], [ 73.19125617829711, 22.279304378031867 ], [ 73.191160087608196, 22.279037626166033 ], [ 73.190967906230398, 22.279037626166033 ], [ 73.190967906230398, 22.278859791306132 ], [ 73.190967906230398, 22.278681956220101 ], [ 73.190871815541513, 22.278415203167036 ], [ 73.190775724852628, 22.278237367515651 ], [ 73.190679634163715, 22.278059531638135 ], [ 73.190679634163715, 22.277881695534493 ], [ 73.190391362097017, 22.277792777397867 ], [ 73.190391362097017, 22.277614940955022 ], [ 73.190391362097017, 22.277437104286047 ], [ 73.190391362097017, 22.277259267390946 ], [ 73.190391362097017, 22.2769925116243 ], [ 73.190103090030334, 22.27681467416388 ], [ 73.190103090030334, 22.276636836477337 ], [ 73.190103090030334, 22.276458998564681 ], [ 73.190103090030334, 22.276281160425899 ], [ 73.190103090030334, 22.276103322060997 ], [ 73.190103090030334, 22.275925483469972 ], [ 73.190103090030334, 22.275747644652839 ], [ 73.190103090030334, 22.275480886003173 ], [ 73.190103090030334, 22.275303046620749 ], [ 73.190103090030334, 22.27512520701222 ], [ 73.190103090030334, 22.274947367177589 ], [ 73.190199180719247, 22.274769527116831 ], [ 73.190199180719247, 22.274591686829982 ], [ 73.190199180719247, 22.274413846317017 ], [ 73.190295271408118, 22.274236005577961 ], [ 73.190295271408118, 22.273969244045418 ], [ 73.190295271408118, 22.273791402741107 ], [ 73.190295271408118, 22.273613561210688 ], [ 73.190295271408118, 22.273435719454174 ], [ 73.190295271408118, 22.273257877471561 ], [ 73.190295271408118, 22.272991114073726 ], [ 73.190295271408118, 22.27272435016717 ], [ 73.190295271408118, 22.272546507280197 ], [ 73.190295271408118, 22.272368664167129 ], [ 73.190295271408118, 22.272190820827973 ], [ 73.190295271408118, 22.271924055395331 ], [ 73.190295271408118, 22.271746211490957 ], [ 73.190295271408118, 22.271568367360505 ], [ 73.190295271408118, 22.271390523003976 ], [ 73.190295271408118, 22.271212678421364 ], [ 73.190295271408118, 22.271034833612671 ], [ 73.190295271408118, 22.270856988577904 ], [ 73.190295271408118, 22.270679143317054 ], [ 73.190295271408118, 22.270501297830148 ], [ 73.190295271408118, 22.270234529175887 ], [ 73.190295271408118, 22.270056683123787 ], [ 73.190295271408118, 22.269878836845624 ], [ 73.190487452785916, 22.269789913621761 ], [ 73.190487452785916, 22.269612067004502 ], [ 73.190487452785916, 22.269345296654731 ], [ 73.190487452785916, 22.269167449472306 ], [ 73.190487452785916, 22.268989602063819 ], [ 73.190487452785916, 22.268811754429272 ], [ 73.190583543474816, 22.26863390656866 ], [ 73.190583543474816, 22.268367134353891 ], [ 73.190583543474816, 22.268189285928152 ], [ 73.190583543474816, 22.267922512865677 ], [ 73.190583543474816, 22.267655739294575 ], [ 73.190583543474816, 22.267477889964624 ], [ 73.190679634163715, 22.267300040408625 ], [ 73.190679634163715, 22.267122190626562 ], [ 73.190679634163715, 22.266944340618473 ], [ 73.190775724852628, 22.266766490384338 ], [ 73.190775724852628, 22.266588639924155 ], [ 73.190775724852628, 22.266321863810049 ], [ 73.190775724852628, 22.266144012784771 ], [ 73.190871815541513, 22.265877235823027 ], [ 73.190871815541513, 22.265610458352693 ], [ 73.190871815541513, 22.265343680373796 ], [ 73.190871815541513, 22.265165828105324 ], [ 73.191063996919297, 22.264987975610829 ], [ 73.191063996919297, 22.264810122890299 ], [ 73.191063996919297, 22.264632269943736 ], [ 73.191063996919297, 22.264365490100104 ], [ 73.191063996919297, 22.264187636588485 ], [ 73.191063996919297, 22.264009782850842 ], [ 73.191063996919297, 22.263831928887182 ], [ 73.191063996919297, 22.263654074697506 ], [ 73.191063996919297, 22.263476220281806 ], [ 73.191063996919297, 22.26329836564009 ], [ 73.191063996919297, 22.263031583253742 ], [ 73.191063996919297, 22.262853728046998 ], [ 73.191063996919297, 22.262675872614231 ], [ 73.191063996919297, 22.262498016955462 ], [ 73.191063996919297, 22.262320161070694 ], [ 73.191063996919297, 22.262142304959902 ], [ 73.191063996919297, 22.261964448623115 ], [ 73.191063996919297, 22.261786592060325 ], [ 73.191063996919297, 22.261519806792375 ], [ 73.191063996919297, 22.261341949664583 ], [ 73.190871815541513, 22.261341949664583 ], [ 73.190679634163715, 22.261164092310786 ], [ 73.190679634163715, 22.260986234730986 ], [ 73.190583543474816, 22.260808376925201 ], [ 73.190295271408118, 22.260630518893407 ], [ 73.190295271408118, 22.260452660635636 ], [ 73.190295271408118, 22.260274802151866 ], [ 73.190199180719247, 22.260008014002477 ], [ 73.189910908652536, 22.259830154953729 ], [ 73.189910908652536, 22.259652295679004 ], [ 73.189910908652536, 22.259474436178287 ], [ 73.190103090030334, 22.259474436178287 ], [ 73.190295271408118, 22.259474436178287 ], [ 73.190487452785916, 22.259474436178287 ], [ 73.190775724852628, 22.259385506343182 ], [ 73.190871815541513, 22.259207646503487 ], [ 73.191063996919297, 22.259118716498897 ], [ 73.19125617829711, 22.259118716498897 ], [ 73.19135226898598, 22.25894085632023 ], [ 73.191544450363779, 22.25894085632023 ], [ 73.191640541052678, 22.258762995915596 ], [ 73.191928813119375, 22.258674065628519 ], [ 73.192120994497159, 22.258585135284964 ], [ 73.192313175874972, 22.258585135284964 ], [ 73.192313175874972, 22.258407274428365 ], [ 73.192601447941641, 22.258318343915327 ], [ 73.192793629319453, 22.258229413345784 ], [ 73.192985810697238, 22.258229413345784 ], [ 73.193081901386137, 22.258051552037237 ], [ 73.193274082763921, 22.258051552037237 ], [ 73.193466264141719, 22.257962621298226 ], [ 73.193658445519503, 22.257962621298226 ], [ 73.193850626897316, 22.257962621298226 ], [ 73.1940428082751, 22.257962621298226 ], [ 73.194331080341783, 22.257962621298226 ], [ 73.194523261719581, 22.257962621298226 ], [ 73.194715443097394, 22.257962621298226 ], [ 73.194907624475178, 22.257962621298226 ], [ 73.195099805852962, 22.257962621298226 ], [ 73.195388077919645, 22.257962621298226 ], [ 73.195676349986357, 22.257873690502723 ], [ 73.195868531364155, 22.257873690502723 ], [ 73.196060712741925, 22.257873690502723 ], [ 73.196252894119738, 22.257784759650715 ], [ 73.196445075497522, 22.257784759650715 ], [ 73.196637256875306, 22.257784759650715 ], [ 73.196637256875306, 22.257606897777244 ], [ 73.196925528941989, 22.257606897777244 ], [ 73.197117710319787, 22.25751796675576 ], [ 73.1973098916976, 22.257429035677784 ], [ 73.197502073075384, 22.257340104543335 ], [ 73.197694254453168, 22.257251173352376 ], [ 73.197886435830981, 22.257251173352376 ], [ 73.198078617208765, 22.257251173352376 ], [ 73.198270798586549, 22.257162242104933 ], [ 73.198270798586549, 22.256984379440564 ], [ 73.198270798586549, 22.25671758502034 ], [ 73.198270798586549, 22.256450790091694 ], [ 73.198270798586549, 22.256272926523479 ], [ 73.198078617208765, 22.256095062729312 ], [ 73.198078617208765, 22.255917198709181 ], [ 73.197886435830981, 22.255828266614383 ], [ 73.197886435830981, 22.255650402255323 ], [ 73.197790345142081, 22.255383605293069 ], [ 73.197598163764269, 22.255383605293069 ], [ 73.197598163764269, 22.255116807822425 ], [ 73.197502073075384, 22.254938942559562 ], [ 73.1973098916976, 22.254938942559562 ], [ 73.1973098916976, 22.254761077070743 ], [ 73.1973098916976, 22.254583211355982 ], [ 73.1973098916976, 22.254405345415286 ], [ 73.197213801008687, 22.254227479248627 ], [ 73.197213801008687, 22.25404961285604 ], [ 73.197213801008687, 22.253871746237504 ], [ 73.197117710319787, 22.253604945886082 ], [ 73.197117710319787, 22.253427078702703 ], [ 73.196925528941989, 22.253338145026291 ], [ 73.196925528941989, 22.253071343658139 ], [ 73.196925528941989, 22.25289347579697 ], [ 73.196925528941989, 22.252715607709863 ], [ 73.196829438253118, 22.252537739396821 ], [ 73.196733347564219, 22.252359870857855 ], [ 73.196637256875306, 22.252182002092958 ], [ 73.196541166186407, 22.252004133102137 ], [ 73.196445075497522, 22.251737329192299 ], [ 73.196348984808637, 22.251559459636667 ], [ 73.196348984808637, 22.251381589855114 ], [ 73.196252894119738, 22.251203719847652 ], [ 73.196252894119738, 22.251025849614269 ], [ 73.196060712741925, 22.251025849614269 ], [ 73.196060712741925, 22.250847979154962 ], [ 73.19596462205304, 22.25058117304242 ], [ 73.19596462205304, 22.250403302018331 ], [ 73.195772440675256, 22.250314366421577 ], [ 73.195772440675256, 22.250047559292423 ], [ 73.195772440675256, 22.249869687590614 ], [ 73.195772440675256, 22.249691815662889 ], [ 73.195580259297444, 22.249602879614308 ], [ 73.195580259297444, 22.249425007347732 ], [ 73.195580259297444, 22.249247134855242 ], [ 73.195580259297444, 22.249069262136857 ], [ 73.195291987230775, 22.248802452635712 ], [ 73.195291987230775, 22.248535642626297 ], [ 73.195003715164063, 22.248446705843548 ], [ 73.195003715164063, 22.248268832108618 ], [ 73.195003715164063, 22.248090958147795 ], [ 73.195003715164063, 22.247913083961084 ], [ 73.194715443097394, 22.247735209548473 ], [ 73.194715443097394, 22.247468397506019 ], [ 73.194715443097394, 22.247290522528694 ], [ 73.194715443097394, 22.247112647325476 ], [ 73.19461935240848, 22.246934771896377 ], [ 73.194427171030668, 22.246845834097122 ], [ 73.194427171030668, 22.246667958329194 ], [ 73.194234989652884, 22.246579020360521 ], [ 73.194138898963999, 22.246401144253781 ], [ 73.193946717586201, 22.246401144253781 ], [ 73.193850626897316, 22.246223267921156 ], [ 73.193562354830618, 22.246223267921156 ], [ 73.193370173452834, 22.246045391362649 ], [ 73.193177992075022, 22.245956452998694 ], [ 73.192985810697238, 22.245867514578268 ], [ 73.19269753863054, 22.24577857610138 ], [ 73.192505357252756, 22.245689637568024 ], [ 73.192313175874972, 22.245689637568024 ], [ 73.192120994497159, 22.245600698978183 ], [ 73.191928813119375, 22.24551176033189 ], [ 73.191736631741591, 22.245422821629123 ], [ 73.191544450363779, 22.24533388286989 ], [ 73.19135226898598, 22.245244944054186 ], [ 73.191160087608196, 22.245156005182015 ], [ 73.190967906230398, 22.245156005182015 ], [ 73.190775724852628, 22.24506706625338 ], [ 73.190583543474816, 22.244978127268283 ], [ 73.190295271408118, 22.244889188226704 ], [ 73.190103090030334, 22.244800249128673 ], [ 73.190103090030334, 22.244622370763196 ], [ 73.189910908652536, 22.244622370763196 ], [ 73.189718727274737, 22.244533431495761 ], [ 73.189430455208054, 22.244444492171855 ], [ 73.189142183141371, 22.24435555279149 ], [ 73.188950001763573, 22.244266613354654 ], [ 73.188757820385774, 22.244177673861351 ], [ 73.18856563900799, 22.244088734311589 ], [ 73.188277366941307, 22.243999794705353 ], [ 73.188181276252394, 22.243732975547875 ], [ 73.188085185563509, 22.243555095827244 ], [ 73.188085185563509, 22.243377215880734 ], [ 73.18789300418571, 22.243288275822788 ], [ 73.18789300418571, 22.243110395537514 ], [ 73.18789300418571, 22.242932515026375 ], [ 73.18789300418571, 22.242754634289394 ], [ 73.18789300418571, 22.242487812760452 ], [ 73.18789300418571, 22.242309931458848 ], [ 73.18789300418571, 22.242132049931385 ], [ 73.187700822807912, 22.241954168178086 ], [ 73.187700822807912, 22.241776286198952 ], [ 73.187700822807912, 22.241598403993969 ], [ 73.187700822807912, 22.241420521563139 ], [ 73.187700822807912, 22.241242638906474 ], [ 73.187700822807912, 22.241064756023977 ], [ 73.187700822807912, 22.240886872915645 ], [ 73.187700822807912, 22.240708989581467 ], [ 73.187700822807912, 22.240531106021461 ], [ 73.187700822807912, 22.240353222235619 ], [ 73.187700822807912, 22.240175338223956 ], [ 73.187700822807912, 22.239997453986454 ], [ 73.187700822807912, 22.239819569523124 ], [ 73.187700822807912, 22.239641684833977 ], [ 73.18789300418571, 22.239552742404715 ], [ 73.18789300418571, 22.239374857376831 ], [ 73.18789300418571, 22.239196972123107 ], [ 73.18789300418571, 22.23901908664358 ], [ 73.18789300418571, 22.238841200938232 ], [ 73.18789300418571, 22.238663315007052 ], [ 73.18789300418571, 22.238485428850066 ], [ 73.187700822807912, 22.238396485686891 ], [ 73.187508641430128, 22.238396485686891 ], [ 73.18731646005233, 22.238396485686891 ], [ 73.187124278674531, 22.238396485686891 ], [ 73.186932097296747, 22.238307542467254 ], [ 73.186739915918963, 22.238307542467254 ], [ 73.186547734541151, 22.238307542467254 ], [ 73.186355553163366, 22.238307542467254 ], [ 73.186067281096669, 22.238218599191178 ], [ 73.185875099718857, 22.238218599191178 ], [ 73.185682918341087, 22.238218599191178 ], [ 73.185394646274375, 22.238129655858639 ], [ 73.185202464896605, 22.238129655858639 ], [ 73.185010283518807, 22.238129655858639 ], [ 73.184818102140994, 22.238129655858639 ], [ 73.184625920763224, 22.238129655858639 ], [ 73.184433739385426, 22.238129655858639 ], [ 73.184241558007642, 22.238129655858639 ], [ 73.184049376629844, 22.238129655858639 ], [ 73.183857195252045, 22.238129655858639 ], [ 73.183665013874247, 22.238129655858639 ], [ 73.183472832496463, 22.238129655858639 ], [ 73.18328065111865, 22.238129655858639 ], [ 73.183088469740881, 22.238129655858639 ], [ 73.182896288363082, 22.238129655858639 ], [ 73.182704106985284, 22.238129655858639 ], [ 73.1825119256075, 22.238129655858639 ], [ 73.182319744229702, 22.238129655858639 ], [ 73.182127562851903, 22.238129655858639 ], [ 73.181935381474119, 22.238129655858639 ], [ 73.181935381474119, 22.23795176902421 ], [ 73.181743200096307, 22.23795176902421 ], [ 73.181551018718523, 22.23795176902421 ], [ 73.181358837340738, 22.23795176902421 ], [ 73.18116665596294, 22.237862825522317 ], [ 73.180974474585142, 22.237862825522317 ], [ 73.180686202518459, 22.237684938349172 ], [ 73.180301839762848, 22.237595994677914 ], [ 73.180109658385078, 22.237595994677914 ], [ 73.179821386318366, 22.23750705095021 ], [ 73.179629204940596, 22.23750705095021 ], [ 73.179437023562798, 22.23750705095021 ], [ 73.179244842184985, 22.23750705095021 ], [ 73.179052660807216, 22.23750705095021 ], [ 73.178860479429417, 22.23750705095021 ], [ 73.178668298051619, 22.23750705095021 ], [ 73.178380025984936, 22.23750705095021 ], [ 73.178091753918252, 22.23750705095021 ], [ 73.177803481851555, 22.23750705095021 ], [ 73.177611300473757, 22.23750705095021 ], [ 73.177515209784872, 22.237329163325448 ], [ 73.177323028407073, 22.237329163325448 ], [ 73.177130847029275, 22.237329163325448 ], [ 73.176938665651491, 22.237329163325448 ], [ 73.176650393584765, 22.237240219428383 ], [ 73.176458212206981, 22.237240219428383 ], [ 73.176266030829211, 22.237151275474865 ], [ 73.176073849451413, 22.237151275474865 ], [ 73.175977758762514, 22.236973387398496 ], [ 73.175593396006931, 22.236795499096313 ], [ 73.175593396006931, 22.236617610568327 ], [ 73.175593396006931, 22.236439721814552 ], [ 73.175593396006931, 22.236261832834966 ], [ 73.175593396006931, 22.236083943629584 ], [ 73.175593396006931, 22.235906054198406 ], [ 73.175593396006931, 22.235728164541435 ], [ 73.175593396006931, 22.235550274658674 ], [ 73.175593396006931, 22.235372384550118 ], [ 73.175593396006931, 22.235105548963926 ], [ 73.175593396006931, 22.234927658290896 ], [ 73.175401214629119, 22.234927658290896 ], [ 73.175401214629119, 22.234660821857997 ], [ 73.175401214629119, 22.234393984917084 ], [ 73.175401214629119, 22.234127147468161 ], [ 73.175401214629119, 22.233860309511225 ], [ 73.175401214629119, 22.233593471046291 ], [ 73.175401214629119, 22.233415578454117 ], [ 73.175401214629119, 22.233148739142525 ], [ 73.175112942562421, 22.232881899322944 ], [ 73.175112942562421, 22.232704005827678 ], [ 73.175112942562421, 22.232437165161457 ], [ 73.175112942562421, 22.232170323987265 ], [ 73.175112942562421, 22.231992429588928 ], [ 73.175112942562421, 22.231814534964826 ], [ 73.175112942562421, 22.231636640114967 ], [ 73.175112942562421, 22.231369797416875 ], [ 73.175112942562421, 22.231191902002621 ], [ 73.175112942562421, 22.230925058457935 ], [ 73.175112942562421, 22.230747162479275 ], [ 73.175112942562421, 22.230480318088016 ], [ 73.175112942562421, 22.230302421544987 ], [ 73.175112942562421, 22.230124524776201 ], [ 73.175016851873551, 22.229946627781668 ], [ 73.175016851873551, 22.229679781866597 ], [ 73.174920761184651, 22.229412935443602 ], [ 73.174920761184651, 22.229235037546097 ], [ 73.174920761184651, 22.229057139422842 ], [ 73.174728579806839, 22.229057139422842 ], [ 73.174728579806839, 22.228879241073852 ], [ 73.174728579806839, 22.228701342499122 ], [ 73.17444030774017, 22.228523443698652 ], [ 73.17444030774017, 22.228256595074701 ], [ 73.17444030774017, 22.227989745942846 ], [ 73.174248126362357, 22.227900796119354 ], [ 73.174248126362357, 22.227722896303092 ], [ 73.174055944984588, 22.227633946310309 ], [ 73.173863763606789, 22.227544996261098 ], [ 73.173671582228977, 22.227456046155449 ], [ 73.173479400851207, 22.227456046155449 ], [ 73.173191128784495, 22.227456046155449 ], [ 73.172902856717826, 22.227456046155449 ], [ 73.1726145846511, 22.227456046155449 ], [ 73.172422403273345, 22.227456046155449 ], [ 73.172134131206633, 22.227456046155449 ], [ 73.171941949828835, 22.227456046155449 ], [ 73.17174976845105, 22.227456046155449 ], [ 73.171557587073266, 22.227456046155449 ], [ 73.17117322431767, 22.227633946310309 ], [ 73.170981042939886, 22.227633946310309 ], [ 73.170788861562073, 22.227633946310309 ], [ 73.170596680184289, 22.227722896303092 ], [ 73.170596680184289, 22.227900796119354 ], [ 73.170596680184289, 22.228078695709897 ], [ 73.170500589495404, 22.228256595074701 ], [ 73.170212317428707, 22.228523443698652 ], [ 73.170020136050923, 22.228523443698652 ], [ 73.169924045362023, 22.228701342499122 ], [ 73.169731863984211, 22.228790291814697 ], [ 73.169731863984211, 22.228968190276561 ], [ 73.169924045362023, 22.229057139422842 ], [ 73.170116226739808, 22.229146088512689 ], [ 73.170308408117592, 22.229146088512689 ], [ 73.170500589495404, 22.229146088512689 ], [ 73.170692770873188, 22.229146088512689 ], [ 73.170884952250972, 22.229235037546097 ], [ 73.171077133628756, 22.229235037546097 ], [ 73.17117322431767, 22.229412935443602 ], [ 73.171269315006569, 22.229590833115374 ], [ 73.171269315006569, 22.229768730561396 ], [ 73.171269315006569, 22.229946627781668 ], [ 73.171269315006569, 22.230124524776201 ], [ 73.171269315006569, 22.230302421544987 ], [ 73.171269315006569, 22.230480318088016 ], [ 73.171269315006569, 22.230658214405292 ], [ 73.17117322431767, 22.231014006362596 ], [ 73.170981042939886, 22.231014006362596 ], [ 73.170692770873188, 22.231102954210822 ], [ 73.170500589495404, 22.231102954210822 ], [ 73.170308408117592, 22.231014006362596 ], [ 73.170020136050923, 22.230836110496821 ], [ 73.170020136050923, 22.230658214405292 ], [ 73.169731863984211, 22.230569266274877 ], [ 73.169731863984211, 22.230391369844718 ], [ 73.169539682606427, 22.230302421544987 ], [ 73.169539682606427, 22.230124524776201 ], [ 73.169539682606427, 22.229946627781668 ], [ 73.169443591917542, 22.229768730561396 ], [ 73.169251410539729, 22.229768730561396 ], [ 73.169059229161945, 22.229768730561396 ], [ 73.168867047784161, 22.229768730561396 ], [ 73.168674866406363, 22.229768730561396 ], [ 73.168482685028579, 22.229768730561396 ], [ 73.168290503650766, 22.229768730561396 ], [ 73.168098322272968, 22.229768730561396 ], [ 73.168098322272968, 22.229946627781668 ], [ 73.167810050206285, 22.230213473188812 ], [ 73.167810050206285, 22.230391369844718 ], [ 73.167810050206285, 22.230569266274877 ], [ 73.167810050206285, 22.230747162479275 ], [ 73.167810050206285, 22.230925058457935 ], [ 73.168002231584083, 22.231014006362596 ], [ 73.168194412961867, 22.231014006362596 ], [ 73.16838659433968, 22.231014006362596 ], [ 73.168578775717464, 22.231014006362596 ], [ 73.168867047784161, 22.231280849737967 ], [ 73.169059229161945, 22.231280849737967 ], [ 73.169059229161945, 22.231458745039351 ], [ 73.169251410539729, 22.231458745039351 ], [ 73.169251410539729, 22.231636640114967 ], [ 73.169347501228629, 22.231814534964826 ], [ 73.169347501228629, 22.231992429588928 ], [ 73.169347501228629, 22.232170323987265 ], [ 73.169347501228629, 22.232437165161457 ], [ 73.169347501228629, 22.232615058995382 ], [ 73.169155319850844, 22.232704005827678 ], [ 73.16896313847306, 22.232704005827678 ], [ 73.168674866406363, 22.232792952603535 ], [ 73.16838659433968, 22.232792952603535 ], [ 73.168194412961867, 22.232704005827678 ], [ 73.168002231584083, 22.232970845985918 ], [ 73.168002231584083, 22.233148739142525 ], [ 73.168194412961867, 22.233237685636169 ], [ 73.16838659433968, 22.233237685636169 ], [ 73.168578775717464, 22.233237685636169 ], [ 73.168770957095248, 22.233237685636169 ], [ 73.16896313847306, 22.233237685636169 ], [ 73.169155319850844, 22.233237685636169 ], [ 73.169347501228629, 22.233237685636169 ], [ 73.169539682606427, 22.233237685636169 ], [ 73.169731863984211, 22.233326632073361 ], [ 73.16982795467311, 22.233504524778425 ], [ 73.169924045362023, 22.233682417257715 ], [ 73.169924045362023, 22.233860309511225 ], [ 73.169924045362023, 22.234038201538954 ], [ 73.169924045362023, 22.234216093340905 ], [ 73.169924045362023, 22.234393984917084 ], [ 73.169924045362023, 22.234571876267466 ], [ 73.16982795467311, 22.234838712869706 ], [ 73.169635773295326, 22.234838712869706 ], [ 73.169443591917542, 22.234838712869706 ], [ 73.169251410539729, 22.234838712869706 ], [ 73.169059229161945, 22.234838712869706 ], [ 73.168867047784161, 22.234838712869706 ], [ 73.168674866406363, 22.234838712869706 ], [ 73.16838659433968, 22.234838712869706 ], [ 73.168098322272968, 22.234749767392071 ], [ 73.168002231584083, 22.234482930620498 ], [ 73.167810050206285, 22.234482930620498 ], [ 73.167713959517386, 22.234305039157221 ], [ 73.167521778139587, 22.234305039157221 ], [ 73.167329596761817, 22.234305039157221 ], [ 73.167329596761817, 22.234127147468161 ], [ 73.167137415384005, 22.234127147468161 ], [ 73.166945234006207, 22.234127147468161 ], [ 73.166945234006207, 22.234305039157221 ], [ 73.166753052628422, 22.234393984917084 ], [ 73.166753052628422, 22.234571876267466 ], [ 73.166560871250624, 22.234660821857997 ], [ 73.166368689872826, 22.234660821857997 ], [ 73.166176508495042, 22.234838712869706 ], [ 73.165984327117243, 22.234838712869706 ], [ 73.165888236428344, 22.234660821857997 ], [ 73.16569605505056, 22.234660821857997 ], [ 73.165503873672762, 22.234571876267466 ], [ 73.165311692294964, 22.234571876267466 ], [ 73.165215601606079, 22.234838712869706 ], [ 73.16502342022828, 22.235105548963926 ], [ 73.16502342022828, 22.23528343941117 ], [ 73.16502342022828, 22.235461329632614 ], [ 73.16502342022828, 22.235639219628279 ], [ 73.164831238850482, 22.235728164541435 ], [ 73.164639057472698, 22.235728164541435 ], [ 73.1644468760949, 22.235728164541435 ], [ 73.164254694717101, 22.235639219628279 ], [ 73.164254694717101, 22.235461329632614 ], [ 73.164254694717101, 22.235194494215769 ], [ 73.164254694717101, 22.235016603655634 ], [ 73.164062513339317, 22.234927658290896 ], [ 73.163870331961533, 22.234927658290896 ], [ 73.163678150583721, 22.234927658290896 ], [ 73.163485969205936, 22.235016603655634 ], [ 73.163389878517052, 22.235194494215769 ], [ 73.16310160645034, 22.235372384550118 ], [ 73.162909425072542, 22.235461329632614 ], [ 73.162621153005858, 22.235817109398152 ], [ 73.16242897162806, 22.235906054198406 ], [ 73.162332880939189, 22.236261832834966 ], [ 73.162332880939189, 22.236439721814552 ], [ 73.162621153005858, 22.23670655486055 ], [ 73.162813334383657, 22.23670655486055 ], [ 73.163005515761427, 22.23670655486055 ], [ 73.163293787828138, 22.236973387398496 ], [ 73.163485969205936, 22.236973387398496 ], [ 73.163678150583721, 22.236973387398496 ], [ 73.163870331961533, 22.236973387398496 ], [ 73.164062513339317, 22.236973387398496 ], [ 73.164254694717101, 22.236973387398496 ], [ 73.1644468760949, 22.236973387398496 ], [ 73.164639057472698, 22.236973387398496 ], [ 73.164831238850482, 22.236795499096313 ], [ 73.16502342022828, 22.23670655486055 ], [ 73.165215601606079, 22.23670655486055 ], [ 73.165407782983863, 22.23670655486055 ], [ 73.16569605505056, 22.23670655486055 ], [ 73.165888236428344, 22.23670655486055 ], [ 73.166080417806143, 22.23670655486055 ], [ 73.166368689872826, 22.236795499096313 ], [ 73.166464780561739, 22.236973387398496 ], [ 73.166560871250624, 22.237151275474865 ], [ 73.166753052628422, 22.237151275474865 ], [ 73.166753052628422, 22.237329163325448 ], [ 73.166849143317307, 22.23750705095021 ], [ 73.167041324695106, 22.237684938349172 ], [ 73.167329596761817, 22.23795176902421 ], [ 73.167521778139587, 22.23795176902421 ], [ 73.167713959517386, 22.238218599191178 ], [ 73.167713959517386, 22.238396485686891 ], [ 73.167713959517386, 22.238574371956791 ], [ 73.167617868828486, 22.238841200938232 ], [ 73.167425687450717, 22.238841200938232 ], [ 73.167137415384005, 22.23901908664358 ], [ 73.166945234006207, 22.23901908664358 ], [ 73.166753052628422, 22.23901908664358 ], [ 73.166560871250624, 22.23901908664358 ], [ 73.166368689872826, 22.23901908664358 ], [ 73.166176508495042, 22.23901908664358 ], [ 73.165984327117243, 22.23901908664358 ], [ 73.165792145739445, 22.23901908664358 ], [ 73.165792145739445, 22.239196972123107 ], [ 73.165792145739445, 22.239552742404715 ], [ 73.165888236428344, 22.239819569523124 ], [ 73.166080417806143, 22.239908511783021 ], [ 73.166176508495042, 22.240086396133425 ], [ 73.166272599183941, 22.240264280258014 ], [ 73.166464780561739, 22.240442164156761 ], [ 73.166560871250624, 22.240620047829694 ], [ 73.166560871250624, 22.240797931276784 ], [ 73.166560871250624, 22.240975814498036 ], [ 73.166560871250624, 22.241153697493459 ], [ 73.166849143317307, 22.241687345124681 ], [ 73.167041324695106, 22.24239887213788 ], [ 73.167233506072904, 22.242932515026375 ], [ 73.167329596761817, 22.24319933570839 ], [ 73.167329596761817, 22.243377215880734 ], [ 73.167521778139587, 22.243732975547875 ], [ 73.167521778139587, 22.243910855042664 ], [ 73.167521778139587, 22.244088734311589 ], [ 73.167617868828486, 22.24435555279149 ], [ 73.167810050206285, 22.244622370763196 ], [ 73.167810050206285, 22.244800249128673 ], [ 73.167906140895198, 22.244622370763196 ], [ 73.167906140895198, 22.244444492171855 ], [ 73.168002231584083, 22.244266613354654 ], [ 73.168002231584083, 22.244088734311589 ], [ 73.168098322272968, 22.243910855042664 ], [ 73.168290503650766, 22.243910855042664 ], [ 73.16838659433968, 22.243732975547875 ], [ 73.168578775717464, 22.243732975547875 ], [ 73.168867047784161, 22.243644035715793 ], [ 73.169059229161945, 22.243555095827244 ], [ 73.169251410539729, 22.243555095827244 ], [ 73.169251410539729, 22.243377215880734 ], [ 73.169443591917542, 22.243288275822788 ], [ 73.169635773295326, 22.243288275822788 ], [ 73.16982795467311, 22.243288275822788 ], [ 73.170020136050923, 22.243377215880734 ], [ 73.170020136050923, 22.243555095827244 ], [ 73.170020136050923, 22.243732975547875 ], [ 73.170020136050923, 22.243910855042664 ], [ 73.170116226739808, 22.244088734311589 ], [ 73.170308408117592, 22.24435555279149 ], [ 73.170308408117592, 22.244622370763196 ], [ 73.170308408117592, 22.244800249128673 ], [ 73.170404498806491, 22.24506706625338 ], [ 73.170596680184289, 22.245156005182015 ], [ 73.170788861562073, 22.245156005182015 ], [ 73.170981042939886, 22.245156005182015 ], [ 73.17117322431767, 22.24506706625338 ], [ 73.171365405695454, 22.244889188226704 ], [ 73.171557587073266, 22.244800249128673 ], [ 73.171653677762151, 22.244622370763196 ], [ 73.171845859139964, 22.244622370763196 ], [ 73.172038040517748, 22.244533431495761 ], [ 73.172038040517748, 22.24435555279149 ], [ 73.172230221895532, 22.244266613354654 ], [ 73.172422403273345, 22.244266613354654 ], [ 73.1726145846511, 22.244266613354654 ], [ 73.172806766028927, 22.244266613354654 ], [ 73.172998947406725, 22.244266613354654 ], [ 73.173191128784495, 22.24435555279149 ], [ 73.173287219473394, 22.244533431495761 ], [ 73.173287219473394, 22.244711309974171 ], [ 73.173191128784495, 22.244978127268283 ], [ 73.172998947406725, 22.244978127268283 ], [ 73.1726145846511, 22.24533388286989 ], [ 73.1726145846511, 22.24551176033189 ], [ 73.172326312584445, 22.24577857610138 ], [ 73.172326312584445, 22.245956452998694 ], [ 73.172326312584445, 22.246134329670134 ], [ 73.172326312584445, 22.246312206115704 ], [ 73.172326312584445, 22.246490082335384 ], [ 73.171941949828835, 22.24675689624139 ], [ 73.171941949828835, 22.246934771896377 ], [ 73.171941949828835, 22.247112647325476 ], [ 73.171941949828835, 22.247290522528694 ], [ 73.172038040517748, 22.247468397506019 ], [ 73.172230221895532, 22.247468397506019 ], [ 73.172326312584445, 22.247646272257455 ], [ 73.172518493962215, 22.247646272257455 ], [ 73.172710675340014, 22.247913083961084 ], [ 73.172422403273345, 22.247913083961084 ], [ 73.172230221895532, 22.247913083961084 ], [ 73.171941949828835, 22.247913083961084 ], [ 73.17174976845105, 22.247913083961084 ], [ 73.171557587073266, 22.247913083961084 ], [ 73.171365405695454, 22.247824146783014 ], [ 73.171269315006569, 22.247646272257455 ], [ 73.17117322431767, 22.247379460045593 ], [ 73.171077133628756, 22.247201584955313 ], [ 73.170981042939886, 22.247023709639166 ], [ 73.170788861562073, 22.246934771896377 ], [ 73.170596680184289, 22.246934771896377 ], [ 73.170308408117592, 22.246845834097122 ], [ 73.170116226739808, 22.246845834097122 ], [ 73.169924045362023, 22.246845834097122 ], [ 73.169731863984211, 22.246845834097122 ], [ 73.169347501228629, 22.246845834097122 ], [ 73.169251410539729, 22.247023709639166 ], [ 73.169251410539729, 22.247290522528694 ], [ 73.169251410539729, 22.247468397506019 ], [ 73.169251410539729, 22.247646272257455 ], [ 73.169251410539729, 22.247824146783014 ], [ 73.169251410539729, 22.248002021082673 ], [ 73.169251410539729, 22.248179895156447 ], [ 73.169251410539729, 22.248357769004315 ], [ 73.169251410539729, 22.248535642626297 ], [ 73.169251410539729, 22.248713516022384 ], [ 73.169251410539729, 22.248891389192572 ], [ 73.169251410539729, 22.249069262136857 ], [ 73.169443591917542, 22.249158198524285 ], [ 73.169635773295326, 22.249158198524285 ], [ 73.16982795467311, 22.249247134855242 ], [ 73.170020136050923, 22.249247134855242 ], [ 73.170212317428707, 22.249513943509253 ], [ 73.170500589495404, 22.249513943509253 ], [ 73.170788861562073, 22.249513943509253 ], [ 73.171077133628756, 22.249513943509253 ], [ 73.171365405695454, 22.249513943509253 ], [ 73.171557587073266, 22.249513943509253 ], [ 73.171845859139964, 22.249602879614308 ], [ 73.171941949828835, 22.249780751654988 ], [ 73.171845859139964, 22.250047559292423 ], [ 73.17174976845105, 22.250314366421577 ], [ 73.171557587073266, 22.250403302018331 ], [ 73.171365405695454, 22.250403302018331 ], [ 73.17117322431767, 22.250403302018331 ], [ 73.170981042939886, 22.250403302018331 ], [ 73.170788861562073, 22.250403302018331 ], [ 73.170596680184289, 22.250492237558621 ], [ 73.170404498806491, 22.250492237558621 ], [ 73.170212317428707, 22.250492237558621 ], [ 73.170020136050923, 22.250492237558621 ], [ 73.16982795467311, 22.250670108469741 ], [ 73.16982795467311, 22.250847979154962 ], [ 73.16982795467311, 22.251025849614269 ], [ 73.16982795467311, 22.251203719847652 ], [ 73.169731863984211, 22.251559459636667 ], [ 73.169731863984211, 22.251826263885388 ], [ 73.169924045362023, 22.251826263885388 ], [ 73.170116226739808, 22.251826263885388 ], [ 73.170308408117592, 22.251826263885388 ], [ 73.170500589495404, 22.251826263885388 ], [ 73.170692770873188, 22.251826263885388 ], [ 73.170884952250972, 22.251826263885388 ], [ 73.17117322431767, 22.251826263885388 ], [ 73.171461496384353, 22.251826263885388 ], [ 73.171653677762151, 22.251826263885388 ], [ 73.171845859139964, 22.251826263885388 ], [ 73.172038040517748, 22.251826263885388 ], [ 73.172038040517748, 22.252004133102137 ], [ 73.171941949828835, 22.252182002092958 ], [ 73.171653677762151, 22.252270936503642 ], [ 73.171557587073266, 22.252448805155577 ], [ 73.171365405695454, 22.252448805155577 ], [ 73.17117322431767, 22.252448805155577 ], [ 73.170981042939886, 22.252448805155577 ], [ 73.170788861562073, 22.252448805155577 ], [ 73.170596680184289, 22.252448805155577 ], [ 73.170404498806491, 22.252626673581585 ], [ 73.170212317428707, 22.252626673581585 ], [ 73.170020136050923, 22.252626673581585 ], [ 73.169731863984211, 22.252715607709863 ], [ 73.169539682606427, 22.252804541781657 ], [ 73.169347501228629, 22.252804541781657 ], [ 73.169155319850844, 22.25289347579697 ], [ 73.16896313847306, 22.25289347579697 ], [ 73.168770957095248, 22.252982409755795 ], [ 73.168578775717464, 22.252982409755795 ], [ 73.16838659433968, 22.252982409755795 ], [ 73.168194412961867, 22.252982409755795 ], [ 73.168002231584083, 22.252982409755795 ], [ 73.167713959517386, 22.252982409755795 ], [ 73.167425687450717, 22.25289347579697 ], [ 73.167041324695106, 22.252715607709863 ], [ 73.166753052628422, 22.252626673581585 ], [ 73.166464780561739, 22.252626673581585 ], [ 73.166464780561739, 22.252448805155577 ], [ 73.166176508495042, 22.252448805155577 ], [ 73.165984327117243, 22.252359870857855 ], [ 73.165984327117243, 22.252537739396821 ], [ 73.165984327117243, 22.252715607709863 ], [ 73.165984327117243, 22.25289347579697 ], [ 73.16569605505056, 22.253160277504012 ], [ 73.16569605505056, 22.253338145026291 ], [ 73.165503873672762, 22.253516012322635 ], [ 73.165503873672762, 22.253693879393047 ], [ 73.165311692294964, 22.253782812843522 ], [ 73.165311692294964, 22.253960679575027 ], [ 73.167713959517386, 22.252804541781657 ] ] ] } },
{ "type": "Feature", "properties": { "fid": 10, "ward_id": 19 }, "geometry": { "type": "Polygon", "coordinates": [ [ [ 73.17530512394022, 22.230925058457924 ], [ 73.175497305318032, 22.231280849737967 ], [ 73.175689486695816, 22.231280849737967 ], [ 73.1758816680736, 22.231280849737967 ], [ 73.176073849451413, 22.231280849737967 ], [ 73.176266030829211, 22.231280849737967 ], [ 73.176458212206981, 22.231280849737967 ], [ 73.176650393584765, 22.231280849737967 ], [ 73.176842574962592, 22.231102954210822 ], [ 73.177034756340376, 22.231102954210822 ], [ 73.17722693771816, 22.231014006362596 ], [ 73.177419119095973, 22.230925058457924 ], [ 73.177707391162642, 22.230925058457924 ], [ 73.177899572540454, 22.230836110496821 ], [ 73.177995663229353, 22.230658214405292 ], [ 73.178187844607109, 22.230658214405292 ], [ 73.178476116673835, 22.230569266274877 ], [ 73.178668298051619, 22.230569266274877 ], [ 73.178956570118316, 22.230480318088013 ], [ 73.179148751496115, 22.230480318088013 ], [ 73.179437023562798, 22.230480318088013 ], [ 73.179725295629481, 22.230480318088013 ], [ 73.180013567696179, 22.230480318088013 ], [ 73.180301839762848, 22.230480318088013 ], [ 73.18049402114066, 22.230480318088013 ], [ 73.180686202518459, 22.230480318088013 ], [ 73.180878383896228, 22.230480318088013 ], [ 73.181070565274041, 22.230480318088013 ], [ 73.181262746651839, 22.230569266274877 ], [ 73.181454928029609, 22.230569266274877 ], [ 73.181647109407422, 22.230569266274877 ], [ 73.18183929078522, 22.230569266274877 ], [ 73.182031472163004, 22.230569266274877 ], [ 73.182223653540802, 22.230569266274877 ], [ 73.182415834918601, 22.230569266274877 ], [ 73.182608016296385, 22.230569266274877 ], [ 73.182800197674183, 22.230658214405292 ], [ 73.182992379051981, 22.230658214405292 ], [ 73.183184560429765, 22.230658214405292 ], [ 73.183376741807564, 22.230658214405292 ], [ 73.183568923185362, 22.230658214405292 ], [ 73.183857195252045, 22.230658214405292 ], [ 73.184049376629844, 22.230658214405292 ], [ 73.184145467318743, 22.230480318088013 ], [ 73.184241558007642, 22.230213473188808 ], [ 73.184241558007642, 22.229946627781668 ], [ 73.184241558007642, 22.229768730561389 ], [ 73.184241558007642, 22.229501884307702 ], [ 73.184241558007642, 22.229323986523063 ], [ 73.184241558007642, 22.229057139422842 ], [ 73.184241558007642, 22.228879241073852 ], [ 73.184241558007642, 22.228701342499122 ], [ 73.184049376629844, 22.228612393127104 ], [ 73.183857195252045, 22.228612393127104 ], [ 73.183568923185362, 22.228612393127104 ], [ 73.183376741807564, 22.228612393127104 ], [ 73.183184560429765, 22.228612393127104 ], [ 73.182992379051981, 22.228612393127104 ], [ 73.182800197674183, 22.228612393127104 ], [ 73.182608016296385, 22.228612393127104 ], [ 73.182415834918601, 22.228612393127104 ], [ 73.182223653540802, 22.228612393127104 ], [ 73.182127562851903, 22.228434494213765 ], [ 73.182127562851903, 22.228167645420505 ], [ 73.182127562851903, 22.227989745942843 ], [ 73.182127562851903, 22.22781184623944 ], [ 73.182127562851903, 22.227633946310309 ], [ 73.181935381474119, 22.227544996261095 ], [ 73.181743200096307, 22.227544996261095 ], [ 73.181551018718523, 22.227544996261095 ], [ 73.18135883734071, 22.227456046155449 ], [ 73.181070565274041, 22.227367095993372 ], [ 73.180974474585142, 22.227189195499921 ], [ 73.180782293207329, 22.227189195499921 ], [ 73.180590111829559, 22.227189195499921 ], [ 73.180397930451747, 22.22710024516855 ], [ 73.180205749073963, 22.227011294780741 ], [ 73.180013567696179, 22.227011294780741 ], [ 73.17991747700728, 22.22683339383585 ], [ 73.17991747700728, 22.226655492665227 ], [ 73.17991747700728, 22.226477591268885 ], [ 73.17991747700728, 22.226299689646822 ], [ 73.17991747700728, 22.226121787799041 ], [ 73.17991747700728, 22.225943885725556 ], [ 73.17991747700728, 22.225765983426346 ], [ 73.179821386318366, 22.225588080901417 ], [ 73.179821386318366, 22.225410178150788 ], [ 73.179629204940596, 22.225410178150788 ], [ 73.179629204940596, 22.225143323601625 ], [ 73.179340932873885, 22.224876468544618 ], [ 73.179340932873885, 22.224609612979773 ], [ 73.179340932873885, 22.224431708987751 ], [ 73.179340932873885, 22.224253804770026 ], [ 73.179148751496115, 22.224164852576518 ], [ 73.178860479429417, 22.224075900326582 ], [ 73.178668298051619, 22.224075900326582 ], [ 73.178668298051619, 22.223897995657463 ], [ 73.178668298051619, 22.223720090762626 ], [ 73.178476116673835, 22.223720090762626 ], [ 73.178476116673835, 22.223453232997201 ], [ 73.178283935296022, 22.223364280295886 ], [ 73.178283935296022, 22.223186374723969 ], [ 73.178283935296022, 22.223008468926359 ], [ 73.177995663229353, 22.222741609806775 ], [ 73.177995663229353, 22.222474750179384 ], [ 73.177995663229353, 22.22220789004421 ], [ 73.177995663229353, 22.222029983005314 ], [ 73.177995663229353, 22.221852075740735 ], [ 73.177995663229353, 22.221674168250466 ], [ 73.177995663229353, 22.221496260534529 ], [ 73.177899572540454, 22.221318352592913 ], [ 73.177803481851555, 22.221140444425618 ], [ 73.177707391162642, 22.220962536032644 ], [ 73.177515209784872, 22.22087358175153 ], [ 73.177515209784872, 22.220606718569673 ], [ 73.177515209784872, 22.22042880949968 ], [ 73.177323028407073, 22.220339854880052 ], [ 73.177323028407073, 22.22016194547156 ], [ 73.177323028407073, 22.219984035837385 ], [ 73.177323028407073, 22.219806125977552 ], [ 73.177323028407073, 22.219628215892044 ], [ 73.17722693771816, 22.219450305580878 ], [ 73.177130847029275, 22.219272395044058 ], [ 73.176938665651463, 22.219183439691012 ], [ 73.176650393584765, 22.219094484281566 ], [ 73.176554302895894, 22.218916573293413 ], [ 73.176362121518082, 22.218916573293413 ], [ 73.176169940140298, 22.218916573293413 ], [ 73.175977758762514, 22.218827617714719 ], [ 73.175785577384701, 22.218738662079602 ], [ 73.175593396006931, 22.218649706388085 ], [ 73.175593396006931, 22.218471794835786 ], [ 73.175401214629119, 22.218471794835786 ], [ 73.175401214629119, 22.218293883057839 ], [ 73.17530512394022, 22.218027014967817 ], [ 73.17530512394022, 22.217849102625735 ], [ 73.175497305318032, 22.217760146370082 ], [ 73.175689486695816, 22.217760146370082 ], [ 73.1758816680736, 22.217671190058006 ], [ 73.175977758762514, 22.217493277264634 ], [ 73.176073849451413, 22.217315364245607 ], [ 73.176073849451413, 22.217137451000934 ], [ 73.176073849451413, 22.216959537530627 ], [ 73.175977758762514, 22.21678162383466 ], [ 73.175977758762514, 22.216603709913066 ], [ 73.175785577384701, 22.216514752867653 ], [ 73.175689486695816, 22.216336838607596 ], [ 73.175497305318032, 22.216336838607596 ], [ 73.175401214629119, 22.216158924121892 ], [ 73.175209033251335, 22.216069966794439 ], [ 73.174920761184651, 22.215892051970286 ], [ 73.174824670495738, 22.215714136920504 ], [ 73.174632489117954, 22.215625179310997 ], [ 73.17444030774017, 22.215536221645081 ], [ 73.17444030774017, 22.215358306144037 ], [ 73.174248126362357, 22.215358306144037 ], [ 73.173959854295688, 22.215269348308897 ], [ 73.173959854295688, 22.215091432469411 ], [ 73.173959854295688, 22.214913516404291 ], [ 73.173959854295688, 22.214735600113542 ], [ 73.173959854295688, 22.214557683597167 ], [ 73.173863763606789, 22.214379766855174 ], [ 73.173863763606789, 22.214201849887555 ], [ 73.174055944984588, 22.214112891319136 ], [ 73.174248126362357, 22.214112891319136 ], [ 73.17444030774017, 22.214112891319136 ], [ 73.174632489117954, 22.21402393269431 ], [ 73.174824670495738, 22.21402393269431 ], [ 73.175016851873551, 22.21402393269431 ], [ 73.175209033251335, 22.21402393269431 ], [ 73.175401214629119, 22.213846015275458 ], [ 73.1758816680736, 22.213846015275458 ], [ 73.175977758762514, 22.213579138724143 ], [ 73.176169940140298, 22.213579138724143 ], [ 73.176266030829211, 22.213401220741247 ], [ 73.176458212206981, 22.213312261665191 ], [ 73.176650393584765, 22.213312261665191 ], [ 73.176842574962592, 22.213490179760896 ], [ 73.176938665651463, 22.21366809763099 ], [ 73.176938665651463, 22.213846015275458 ], [ 73.176938665651463, 22.21402393269431 ], [ 73.177034756340376, 22.214201849887555 ], [ 73.177130847029275, 22.213934974013096 ], [ 73.177130847029275, 22.213757056481427 ], [ 73.177034756340376, 22.213579138724143 ], [ 73.177034756340376, 22.213312261665191 ], [ 73.176746484273679, 22.213223302532732 ], [ 73.176746484273679, 22.213045384098606 ], [ 73.176554302895894, 22.212867465438865 ], [ 73.176458212206981, 22.21268954655352 ], [ 73.176362121518082, 22.212422667802485 ], [ 73.176073849451413, 22.212422667802485 ], [ 73.175785577384701, 22.212155788543825 ], [ 73.175593396006931, 22.21206682867814 ], [ 73.175401214629119, 22.21206682867814 ], [ 73.175209033251335, 22.21206682867814 ], [ 73.175016851873551, 22.21206682867814 ], [ 73.174824670495738, 22.21206682867814 ], [ 73.174632489117954, 22.21206682867814 ], [ 73.17444030774017, 22.211977868756058 ], [ 73.174344217051257, 22.21179994874268 ], [ 73.174248126362357, 22.211622028503708 ], [ 73.174152035673472, 22.211444108039128 ], [ 73.174344217051257, 22.211355147722237 ], [ 73.174536398429069, 22.211266187348954 ], [ 73.174632489117954, 22.21108826643318 ], [ 73.174824670495738, 22.210999305890695 ], [ 73.174920761184651, 22.210821384636532 ], [ 73.175016851873551, 22.210643463156767 ], [ 73.175209033251335, 22.210554502332293 ], [ 73.175209033251335, 22.210376580514151 ], [ 73.17530512394022, 22.210109697363951 ], [ 73.17530512394022, 22.209931774981829 ], [ 73.175497305318032, 22.209931774981829 ], [ 73.175497305318032, 22.209753852374128 ], [ 73.175593396006931, 22.20957592954084 ], [ 73.175593396006931, 22.209398006481965 ], [ 73.175689486695816, 22.209220083197508 ], [ 73.175689486695816, 22.209042159687467 ], [ 73.175689486695816, 22.208864235951857 ], [ 73.175689486695816, 22.208686311990668 ], [ 73.175689486695816, 22.208508387803896 ], [ 73.175689486695816, 22.208330463391544 ], [ 73.175785577384701, 22.208152538753627 ], [ 73.175785577384701, 22.207974613890137 ], [ 73.175785577384701, 22.207796688801086 ], [ 73.175785577384701, 22.207618763486451 ], [ 73.175785577384701, 22.207440837946251 ], [ 73.175785577384701, 22.207262912180497 ], [ 73.1758816680736, 22.206996023108911 ], [ 73.1758816680736, 22.206818096779244 ], [ 73.1758816680736, 22.206640170224009 ], [ 73.1758816680736, 22.206462243443212 ], [ 73.175977758762514, 22.206284316436861 ], [ 73.176169940140298, 22.206284316436861 ], [ 73.176362121518082, 22.206284316436861 ], [ 73.176554302895894, 22.206284316436861 ], [ 73.176746484273679, 22.206284316436861 ], [ 73.176938665651463, 22.206284316436861 ], [ 73.177130847029275, 22.206284316436861 ], [ 73.177323028407073, 22.206284316436861 ], [ 73.177515209784872, 22.206284316436861 ], [ 73.177803481851555, 22.206284316436861 ], [ 73.177995663229353, 22.206284316436861 ], [ 73.178187844607109, 22.2061953528491 ], [ 73.178187844607109, 22.205928461747487 ], [ 73.178380025984936, 22.205928461747487 ], [ 73.178476116673835, 22.205661570138375 ], [ 73.178476116673835, 22.205483642117031 ], [ 73.178668298051619, 22.205483642117031 ], [ 73.178668298051619, 22.205305713870128 ], [ 73.178860479429417, 22.2052167496621 ], [ 73.179052660807216, 22.2052167496621 ], [ 73.179244842184985, 22.2052167496621 ], [ 73.179437023562798, 22.2052167496621 ], [ 73.179629204940596, 22.2052167496621 ], [ 73.179821386318366, 22.2052167496621 ], [ 73.180013567696179, 22.2052167496621 ], [ 73.180205749073963, 22.205305713870128 ], [ 73.180397930451747, 22.205305713870128 ], [ 73.180590111829559, 22.205305713870128 ], [ 73.180878383896228, 22.205305713870128 ], [ 73.181070565274041, 22.205305713870128 ], [ 73.181262746651839, 22.205305713870128 ], [ 73.181551018718523, 22.205394678021776 ], [ 73.181743200096307, 22.205394678021776 ], [ 73.181935381474119, 22.205394678021776 ], [ 73.181935381474119, 22.205572606155897 ], [ 73.182223653540802, 22.205572606155897 ], [ 73.182415834918601, 22.205572606155897 ], [ 73.182608016296385, 22.205572606155897 ], [ 73.182800197674183, 22.205572606155897 ], [ 73.183088469740881, 22.205572606155897 ], [ 73.183280651118636, 22.205572606155897 ], [ 73.183472832496463, 22.205572606155897 ], [ 73.183665013874247, 22.205661570138375 ], [ 73.183857195252045, 22.205661570138375 ], [ 73.184049376629844, 22.205661570138375 ], [ 73.184145467318743, 22.205483642117031 ], [ 73.184337648696513, 22.205483642117031 ], [ 73.184433739385426, 22.205305713870128 ], [ 73.184722011452109, 22.205305713870128 ], [ 73.184914192829908, 22.205305713870128 ], [ 73.185106374207706, 22.2052167496621 ], [ 73.18529855558549, 22.2052167496621 ], [ 73.185490736963288, 22.205127785397682 ], [ 73.185682918341087, 22.205038821076876 ], [ 73.185875099718857, 22.205038821076876 ], [ 73.186067281096669, 22.204949856699677 ], [ 73.186355553163366, 22.204860892266112 ], [ 73.186547734541151, 22.204860892266112 ], [ 73.186739915918963, 22.204771927776147 ], [ 73.186932097296747, 22.204771927776147 ], [ 73.187124278674531, 22.204771927776147 ], [ 73.18722036936343, 22.204593998627058 ], [ 73.187412550741229, 22.204593998627058 ], [ 73.187604732119013, 22.204593998627058 ], [ 73.187796913496811, 22.204593998627058 ], [ 73.188085185563509, 22.204505033967937 ], [ 73.188181276252394, 22.204327104480534 ], [ 73.188373457630192, 22.204327104480534 ], [ 73.18856563900799, 22.204238139652258 ], [ 73.188757820385774, 22.204238139652258 ], [ 73.189046092452472, 22.20414917476759 ], [ 73.189238273830256, 22.204060209826544 ], [ 73.189430455208054, 22.204060209826544 ], [ 73.189718727274737, 22.203971244829106 ], [ 73.189910908652536, 22.203971244829106 ], [ 73.190103090030334, 22.203882279775289 ], [ 73.190295271408118, 22.203882279775289 ], [ 73.190487452785916, 22.203882279775289 ], [ 73.190679634163715, 22.203793314665088 ], [ 73.190871815541513, 22.203793314665088 ], [ 73.191063996919297, 22.203704349498501 ], [ 73.19125617829711, 22.203615384275523 ], [ 73.191448359674894, 22.203615384275523 ], [ 73.191640541052678, 22.203526418996177 ], [ 73.19183272243049, 22.203526418996177 ], [ 73.192024903808274, 22.203526418996177 ], [ 73.192217085186059, 22.203348488268315 ], [ 73.192505357252756, 22.203348488268315 ], [ 73.19269753863054, 22.203348488268315 ], [ 73.192889720008324, 22.203348488268315 ], [ 73.193081901386137, 22.203348488268315 ], [ 73.193274082763921, 22.203348488268315 ], [ 73.193466264141719, 22.203259522819806 ], [ 73.193658445519503, 22.203259522819806 ], [ 73.193850626897316, 22.203259522819806 ], [ 73.194138898963999, 22.20317055731492 ], [ 73.194331080341783, 22.20317055731492 ], [ 73.19461935240848, 22.203081591753644 ], [ 73.194811533786265, 22.203081591753644 ], [ 73.194907624475178, 22.20290366046196 ], [ 73.195099805852962, 22.20290366046196 ], [ 73.195291987230775, 22.20290366046196 ], [ 73.195484168608544, 22.20290366046196 ], [ 73.195676349986357, 22.202814694731533 ], [ 73.195868531364155, 22.202814694731533 ], [ 73.196060712741925, 22.202814694731533 ], [ 73.196252894119738, 22.202814694731533 ], [ 73.196445075497522, 22.202814694731533 ], [ 73.196637256875306, 22.202814694731533 ], [ 73.196829438253118, 22.202814694731533 ], [ 73.197021619630902, 22.202814694731533 ], [ 73.197213801008687, 22.202814694731533 ], [ 73.197502073075384, 22.202814694731533 ], [ 73.197694254453168, 22.202814694731533 ], [ 73.197886435830981, 22.202814694731533 ], [ 73.198078617208765, 22.202814694731533 ], [ 73.198270798586549, 22.202814694731533 ], [ 73.198462979964333, 22.202814694731533 ], [ 73.198655161342131, 22.202814694731533 ], [ 73.198847342719944, 22.202814694731533 ], [ 73.199039524097728, 22.202814694731533 ], [ 73.199231705475512, 22.202814694731533 ], [ 73.199423886853324, 22.202814694731533 ], [ 73.199616068231109, 22.202814694731533 ], [ 73.199808249608893, 22.202814694731533 ], [ 73.199808249608893, 22.202992626135991 ], [ 73.199808249608893, 22.20317055731492 ], [ 73.199808249608893, 22.203348488268315 ], [ 73.199808249608893, 22.203526418996177 ], [ 73.199808249608893, 22.203793314665088 ], [ 73.199808249608893, 22.203971244829106 ], [ 73.199808249608893, 22.20414917476759 ], [ 73.199808249608893, 22.204327104480534 ], [ 73.199808249608893, 22.204505033967937 ], [ 73.199808249608893, 22.204682963229786 ], [ 73.199712158920022, 22.204949856699677 ], [ 73.199423886853324, 22.205305713870128 ], [ 73.199423886853324, 22.205483642117031 ], [ 73.199423886853324, 22.205661570138375 ], [ 73.199327796164411, 22.205839497934164 ], [ 73.199231705475512, 22.206106389204948 ], [ 73.199039524097728, 22.206106389204948 ], [ 73.198847342719944, 22.2061953528491 ], [ 73.198847342719944, 22.206373279968233 ], [ 73.198462979964333, 22.206551206861807 ], [ 73.198270798586549, 22.206729133529816 ], [ 73.197886435830981, 22.207084986189166 ], [ 73.197886435830981, 22.207262912180497 ], [ 73.197790345142081, 22.207529800744553 ], [ 73.197405982386499, 22.207796688801086 ], [ 73.197405982386499, 22.207974613890137 ], [ 73.197405982386499, 22.208152538753627 ], [ 73.1973098916976, 22.208330463391544 ], [ 73.1973098916976, 22.208508387803896 ], [ 73.1973098916976, 22.208686311990668 ], [ 73.1973098916976, 22.208864235951857 ], [ 73.1973098916976, 22.209042159687467 ], [ 73.1973098916976, 22.209220083197508 ], [ 73.1973098916976, 22.209398006481965 ], [ 73.1973098916976, 22.20957592954084 ], [ 73.197021619630902, 22.209931774981829 ], [ 73.196925528941989, 22.210198658470411 ], [ 73.196733347564219, 22.210198658470411 ], [ 73.196541166186407, 22.210287619520475 ], [ 73.196348984808637, 22.210287619520475 ], [ 73.196348984808637, 22.210465541451416 ], [ 73.196156803430824, 22.210465541451416 ], [ 73.195964622053026, 22.210554502332293 ], [ 73.195868531364155, 22.210732423924853 ], [ 73.195772440675256, 22.210999305890695 ], [ 73.195772440675256, 22.211266187348954 ], [ 73.195772440675256, 22.211533068299616 ], [ 73.195580259297444, 22.211622028503708 ], [ 73.195580259297444, 22.21179994874268 ], [ 73.195580259297444, 22.21206682867814 ], [ 73.195580259297444, 22.212244748353118 ], [ 73.195580259297444, 22.212422667802485 ], [ 73.195580259297444, 22.212600587026241 ], [ 73.195580259297444, 22.212778506024396 ], [ 73.195580259297444, 22.212956424796932 ], [ 73.195580259297444, 22.213134343343867 ], [ 73.195580259297444, 22.213312261665191 ], [ 73.195580259297444, 22.213490179760896 ], [ 73.195580259297444, 22.21366809763099 ], [ 73.195580259297444, 22.213846015275458 ], [ 73.195580259297444, 22.214112891319136 ], [ 73.195099805852962, 22.214557683597167 ], [ 73.195099805852962, 22.21482455828712 ], [ 73.195099805852962, 22.215002474465049 ], [ 73.195099805852962, 22.215180390417359 ], [ 73.195099805852962, 22.215358306144037 ], [ 73.195099805852962, 22.215625179310997 ], [ 73.195099805852962, 22.2158030944736 ], [ 73.195099805852962, 22.216069966794439 ], [ 73.195099805852962, 22.216247881392952 ], [ 73.195003715164063, 22.216514752867653 ], [ 73.195003715164063, 22.21678162383466 ], [ 73.195099805852962, 22.216959537530627 ], [ 73.195291987230775, 22.216959537530627 ], [ 73.195484168608544, 22.217048494293987 ], [ 73.195676349986357, 22.217137451000934 ], [ 73.195868531364155, 22.217137451000934 ], [ 73.196060712741925, 22.217137451000934 ], [ 73.196156803430824, 22.217315364245607 ], [ 73.196348984808637, 22.217315364245607 ], [ 73.196637256875306, 22.217315364245607 ], [ 73.196829438253118, 22.217315364245607 ], [ 73.197021619630902, 22.217315364245607 ], [ 73.197021619630902, 22.217493277264634 ], [ 73.197021619630902, 22.217671190058006 ], [ 73.197021619630902, 22.217849102625735 ], [ 73.197021619630902, 22.218115971054242 ], [ 73.197021619630902, 22.218293883057839 ], [ 73.197021619630902, 22.218560750640144 ], [ 73.197021619630902, 22.218738662079602 ], [ 73.197021619630902, 22.218916573293413 ], [ 73.197021619630902, 22.219094484281566 ], [ 73.197021619630902, 22.219272395044058 ], [ 73.197021619630902, 22.219450305580878 ], [ 73.197021619630902, 22.219628215892044 ], [ 73.197021619630902, 22.219806125977552 ], [ 73.197021619630902, 22.219984035837385 ], [ 73.197021619630902, 22.22016194547156 ], [ 73.197021619630902, 22.220339854880052 ], [ 73.197021619630902, 22.220517764062883 ], [ 73.197021619630902, 22.220695673020039 ], [ 73.197021619630902, 22.22087358175153 ], [ 73.197021619630902, 22.221051490257338 ], [ 73.197021619630902, 22.221229398537478 ], [ 73.197021619630902, 22.221496260534529 ], [ 73.197021619630902, 22.221674168250466 ], [ 73.196829438253118, 22.221941029401236 ], [ 73.196541166186407, 22.22220789004421 ], [ 73.196541166186407, 22.222385796857409 ], [ 73.196541166186407, 22.222563703444933 ], [ 73.196541166186407, 22.222741609806775 ], [ 73.196252894119738, 22.223008468926359 ], [ 73.195964622053026, 22.223275327538136 ], [ 73.195964622053026, 22.223453232997201 ], [ 73.195964622053026, 22.22363113823058 ], [ 73.195964622053026, 22.223809043238251 ], [ 73.195964622053026, 22.22398694802024 ], [ 73.195964622053026, 22.224164852576518 ], [ 73.195964622053026, 22.224342756907092 ], [ 73.195772440675256, 22.224520661011976 ], [ 73.195580259297444, 22.224520661011976 ], [ 73.195388077919645, 22.224520661011976 ], [ 73.195195896541875, 22.224520661011976 ], [ 73.195003715164063, 22.224520661011976 ], [ 73.194811533786265, 22.224520661011976 ], [ 73.194523261719581, 22.224520661011976 ], [ 73.194331080341783, 22.224520661011976 ], [ 73.194331080341783, 22.224342756907092 ], [ 73.194331080341783, 22.224164852576518 ], [ 73.194331080341783, 22.223897995657463 ], [ 73.194331080341783, 22.223720090762626 ], [ 73.194138898963999, 22.22363113823058 ], [ 73.193946717586201, 22.223453232997201 ], [ 73.193754536208402, 22.223364280295886 ], [ 73.193562354830618, 22.223364280295886 ], [ 73.193274082763921, 22.223364280295886 ], [ 73.192985810697238, 22.223364280295886 ], [ 73.192601447941641, 22.223453232997201 ], [ 73.192409266563857, 22.22363113823058 ], [ 73.192409266563857, 22.223809043238251 ], [ 73.192409266563857, 22.22398694802024 ], [ 73.192505357252756, 22.224164852576518 ], [ 73.19269753863054, 22.224164852576518 ], [ 73.192889720008324, 22.224164852576518 ], [ 73.193081901386137, 22.224342756907092 ], [ 73.193274082763921, 22.224342756907092 ], [ 73.193466264141719, 22.224431708987751 ], [ 73.193466264141719, 22.224609612979773 ], [ 73.193466264141719, 22.224787516746101 ], [ 73.193466264141719, 22.225054371972377 ], [ 73.193274082763921, 22.225054371972377 ], [ 73.193081901386137, 22.225054371972377 ], [ 73.192889720008324, 22.225054371972377 ], [ 73.19269753863054, 22.225054371972377 ], [ 73.192505357252756, 22.225054371972377 ], [ 73.192217085186059, 22.225232275174434 ], [ 73.192024903808274, 22.225232275174434 ], [ 73.191736631741591, 22.225499129554315 ], [ 73.191544450363779, 22.225499129554315 ], [ 73.19135226898598, 22.225588080901417 ], [ 73.191063996919297, 22.225677032192099 ], [ 73.190871815541513, 22.225765983426346 ], [ 73.190679634163715, 22.226032836790512 ], [ 73.190679634163715, 22.226210738751156 ], [ 73.190679634163715, 22.226388640486071 ], [ 73.190679634163715, 22.226566541995272 ], [ 73.190679634163715, 22.22683339383585 ], [ 73.190775724852628, 22.227011294780741 ], [ 73.190967906230398, 22.227011294780741 ], [ 73.191160087608196, 22.227011294780741 ], [ 73.19135226898598, 22.227011294780741 ], [ 73.191544450363779, 22.227011294780741 ], [ 73.191736631741591, 22.227011294780741 ], [ 73.192024903808274, 22.227011294780741 ], [ 73.192313175874972, 22.227011294780741 ], [ 73.192601447941641, 22.227011294780741 ], [ 73.192889720008324, 22.227011294780741 ], [ 73.193177992075022, 22.227011294780741 ], [ 73.192889720008324, 22.227367095993372 ], [ 73.192601447941641, 22.227544996261095 ], [ 73.192601447941641, 22.227722896303092 ], [ 73.192601447941641, 22.227900796119354 ], [ 73.192409266563857, 22.228167645420505 ], [ 73.192409266563857, 22.228345544672443 ], [ 73.192601447941641, 22.228434494213765 ], [ 73.192793629319453, 22.228434494213765 ], [ 73.192985810697238, 22.228434494213765 ], [ 73.193177992075022, 22.228523443698652 ], [ 73.193177992075022, 22.228701342499122 ], [ 73.193370173452834, 22.228790291814697 ], [ 73.193370173452834, 22.228968190276561 ], [ 73.193562354830618, 22.229057139422842 ], [ 73.193754536208402, 22.229057139422842 ], [ 73.1940428082751, 22.229146088512685 ], [ 73.194234989652884, 22.229146088512685 ], [ 73.194427171030668, 22.229146088512685 ], [ 73.19461935240848, 22.229146088512685 ], [ 73.194811533786265, 22.229146088512685 ], [ 73.195003715164063, 22.229146088512685 ], [ 73.195195896541875, 22.229146088512685 ], [ 73.195388077919645, 22.229146088512685 ], [ 73.195484168608544, 22.229412935443602 ], [ 73.195676349986357, 22.229501884307702 ], [ 73.195676349986357, 22.229679781866597 ], [ 73.195676349986357, 22.22985767919975 ], [ 73.195868531364155, 22.22985767919975 ], [ 73.196156803430824, 22.230035576307156 ], [ 73.196348984808637, 22.230035576307156 ], [ 73.196541166186407, 22.230035576307156 ], [ 73.196733347564219, 22.230035576307156 ], [ 73.196925528941989, 22.230035576307156 ], [ 73.197117710319787, 22.230035576307156 ], [ 73.1973098916976, 22.230035576307156 ], [ 73.197502073075384, 22.230035576307156 ], [ 73.197694254453168, 22.230035576307156 ], [ 73.197886435830981, 22.230035576307156 ], [ 73.198078617208765, 22.229946627781668 ], [ 73.198270798586549, 22.229946627781668 ], [ 73.198559070653246, 22.229946627781668 ], [ 73.19875125203103, 22.229946627781668 ], [ 73.198943433408843, 22.229946627781668 ], [ 73.199135614786627, 22.229946627781668 ], [ 73.199327796164411, 22.229946627781668 ], [ 73.199519977542209, 22.229946627781668 ], [ 73.199616068231109, 22.229768730561389 ], [ 73.199808249608893, 22.229768730561389 ], [ 73.200000430986705, 22.229768730561389 ], [ 73.200192612364503, 22.229679781866597 ], [ 73.200384793742302, 22.229679781866597 ], [ 73.200576975120072, 22.229679781866597 ], [ 73.200865247186783, 22.229679781866597 ], [ 73.201153519253452, 22.22959083311537 ], [ 73.201345700631265, 22.22959083311537 ], [ 73.201633972697934, 22.22959083311537 ], [ 73.201826154075746, 22.22959083311537 ], [ 73.202018335453531, 22.22959083311537 ], [ 73.202114426142415, 22.22985767919975 ], [ 73.202210516831315, 22.230124524776201 ], [ 73.202402698209127, 22.230124524776201 ], [ 73.202498788898026, 22.229946627781668 ], [ 73.202690970275796, 22.22985767919975 ], [ 73.20278706096471, 22.229679781866597 ], [ 73.202979242342508, 22.22959083311537 ], [ 73.203075333031393, 22.229412935443602 ], [ 73.20336360509809, 22.229235037546097 ], [ 73.203459695786989, 22.229057139422842 ], [ 73.203651877164759, 22.228968190276561 ], [ 73.203747967853658, 22.228790291814697 ], [ 73.203940149231471, 22.228790291814697 ], [ 73.203940149231471, 22.228612393127104 ], [ 73.204132330609269, 22.228612393127104 ], [ 73.20422842129814, 22.228434494213765 ], [ 73.204420602675953, 22.228434494213765 ], [ 73.204516693364852, 22.228167645420505 ], [ 73.204516693364852, 22.227989745942843 ], [ 73.204612784053751, 22.22781184623944 ], [ 73.204804965431549, 22.227722896303092 ], [ 73.204804965431549, 22.227544996261095 ], [ 73.204804965431549, 22.227278145774857 ], [ 73.204901056120434, 22.227011294780741 ], [ 73.204901056120434, 22.22683339383585 ], [ 73.204901056120434, 22.227011294780741 ], [ 73.204901056120434, 22.227189195499921 ], [ 73.204901056120434, 22.227367095993372 ], [ 73.204901056120434, 22.227544996261095 ], [ 73.204901056120434, 22.227722896303092 ], [ 73.204901056120434, 22.227900796119354 ], [ 73.204901056120434, 22.228078695709897 ], [ 73.204901056120434, 22.228256595074701 ], [ 73.204901056120434, 22.228434494213765 ], [ 73.204901056120434, 22.228612393127104 ], [ 73.204901056120434, 22.228790291814697 ], [ 73.204997146809333, 22.228968190276561 ], [ 73.205189328187132, 22.229057139422842 ], [ 73.20538150956493, 22.229146088512685 ], [ 73.205477600253815, 22.229412935443602 ], [ 73.205669781631613, 22.229412935443602 ], [ 73.205861963009411, 22.229412935443602 ], [ 73.20605414438721, 22.229412935443602 ], [ 73.20615023507608, 22.22959083311537 ], [ 73.20615023507608, 22.229768730561389 ], [ 73.206246325764994, 22.229946627781668 ], [ 73.206438507142792, 22.229946627781668 ], [ 73.206438507142792, 22.230124524776201 ], [ 73.206534597831677, 22.230302421544984 ], [ 73.206534597831677, 22.230480318088013 ], [ 73.206630688520562, 22.230658214405292 ], [ 73.206726779209475, 22.230836110496821 ], [ 73.206822869898375, 22.231014006362596 ], [ 73.206822869898375, 22.231191902002614 ], [ 73.206918960587274, 22.231369797416875 ], [ 73.207111141965058, 22.231725587568118 ], [ 73.207111141965058, 22.2319034823051 ], [ 73.207207232653943, 22.232081376816314 ], [ 73.207207232653943, 22.232259271101768 ], [ 73.207303323342856, 22.23252611210663 ], [ 73.207303323342856, 22.232704005827674 ], [ 73.207303323342856, 22.23288189932294 ], [ 73.207303323342856, 22.233148739142521 ], [ 73.207303323342856, 22.233415578454114 ], [ 73.207303323342856, 22.233593471046291 ], [ 73.207303323342856, 22.233771363412686 ], [ 73.207303323342856, 22.233949255553316 ], [ 73.207303323342856, 22.234127147468151 ], [ 73.207303323342856, 22.234305039157213 ], [ 73.207495504720654, 22.234305039157213 ], [ 73.207687686098424, 22.234305039157213 ], [ 73.207879867476237, 22.234305039157213 ], [ 73.208072048854035, 22.234305039157213 ], [ 73.208264230231805, 22.234305039157213 ], [ 73.208552502298517, 22.234305039157213 ], [ 73.208744683676287, 22.234305039157213 ], [ 73.208936865054099, 22.234393984917073 ], [ 73.209032955742998, 22.234571876267466 ], [ 73.209225137120796, 22.234571876267466 ], [ 73.20951340918748, 22.234660821857993 ], [ 73.209705590565278, 22.234660821857993 ], [ 73.209897771943076, 22.234749767392071 ], [ 73.21008995332086, 22.234749767392071 ], [ 73.210282134698659, 22.234838712869706 ], [ 73.210474316076443, 22.234838712869706 ], [ 73.210570406765342, 22.234571876267466 ], [ 73.210666497454241, 22.234393984917073 ], [ 73.210858678832039, 22.234305039157213 ], [ 73.211050860209824, 22.234305039157213 ], [ 73.211243041587622, 22.234305039157213 ], [ 73.21143522296542, 22.234482930620498 ], [ 73.211627404343218, 22.234571876267466 ], [ 73.211627404343218, 22.234749767392071 ], [ 73.211723495032103, 22.235016603655623 ], [ 73.211819585721003, 22.235194494215769 ], [ 73.212107857787686, 22.235283439411159 ], [ 73.212396129854383, 22.235283439411159 ], [ 73.212588311232167, 22.235283439411159 ], [ 73.212780492609966, 22.235283439411159 ], [ 73.212972673987764, 22.235728164541435 ], [ 73.213164855365548, 22.235728164541435 ], [ 73.213164855365548, 22.235994998942228 ], [ 73.213260946054433, 22.236261832834966 ], [ 73.213260946054433, 22.236528666219666 ], [ 73.213260946054433, 22.23670655486054 ], [ 73.213260946054433, 22.236884443275631 ], [ 73.213260946054433, 22.237062331464909 ], [ 73.213164855365548, 22.237240219428383 ], [ 73.213164855365548, 22.23741810716605 ], [ 73.213164855365548, 22.237595994677907 ], [ 73.213164855365548, 22.23777388196396 ], [ 73.213164855365548, 22.23795176902421 ], [ 73.213453127432246, 22.238040712469648 ], [ 73.213549218121159, 22.238396485686881 ], [ 73.213741399498929, 22.238396485686881 ], [ 73.213933580876727, 22.238396485686881 ], [ 73.21412576225454, 22.238396485686881 ], [ 73.214414034321209, 22.238396485686881 ], [ 73.214702306387892, 22.238485428850062 ], [ 73.214990578454589, 22.238485428850062 ], [ 73.215086669143489, 22.238663315007052 ], [ 73.215278850521287, 22.238663315007052 ], [ 73.21556712258797, 22.238663315007052 ], [ 73.21556712258797, 22.238841200938229 ], [ 73.215663213276883, 22.239108029411575 ], [ 73.215855394654668, 22.239374857376827 ], [ 73.215951485343567, 22.239552742404715 ], [ 73.216047576032452, 22.239730627206779 ], [ 73.216143666721351, 22.239908511783014 ], [ 73.216239757410236, 22.240175338223946 ], [ 73.216335848099149, 22.240353222235619 ], [ 73.216528029476933, 22.240353222235619 ], [ 73.216624120165832, 22.240620047829694 ], [ 73.216816301543631, 22.240886872915638 ], [ 73.21691239223253, 22.241153697493456 ], [ 73.217008482921429, 22.241331580263036 ], [ 73.217008482921429, 22.241509462806782 ], [ 73.217200664299213, 22.241598403993969 ], [ 73.217200664299213, 22.241865227216753 ], [ 73.217296754988112, 22.242043109082971 ], [ 73.217296754988112, 22.242220990723336 ], [ 73.217392845677011, 22.242398872137873 ], [ 73.217392845677011, 22.242576753326556 ], [ 73.217392845677011, 22.242754634289394 ], [ 73.217585027054795, 22.242843574686116 ], [ 73.217585027054795, 22.243021455310178 ], [ 73.217681117743695, 22.243199335708386 ], [ 73.217969389810392, 22.243288275822788 ], [ 73.218161571188176, 22.243377215880734 ], [ 73.218353752565974, 22.243466155882221 ], [ 73.218449843254874, 22.243732975547875 ], [ 73.218642024632686, 22.243732975547875 ], [ 73.218738115321557, 22.243910855042664 ], [ 73.218930296699355, 22.243910855042664 ], [ 73.219122478077168, 22.243999794705353 ], [ 73.219314659454952, 22.244088734311589 ], [ 73.219506840832736, 22.244088734311589 ], [ 73.219795112899433, 22.244177673861351 ], [ 73.219891203588332, 22.244444492171851 ], [ 73.220083384966117, 22.244444492171851 ], [ 73.22017947565503, 22.244711309974161 ], [ 73.220467747721699, 22.244711309974161 ], [ 73.220659929099511, 22.244711309974161 ], [ 73.220852110477296, 22.244800249128673 ], [ 73.221140382543979, 22.244889188226704 ], [ 73.221428654610676, 22.244978127268272 ], [ 73.22162083598846, 22.244978127268272 ], [ 73.221716926677374, 22.245333882869886 ], [ 73.221909108055158, 22.245333882869886 ], [ 73.222197380121841, 22.245333882869886 ], [ 73.222389561499639, 22.245600698978183 ], [ 73.222581742877452, 22.245600698978183 ], [ 73.222870014944107, 22.245600698978183 ], [ 73.223062196321933, 22.245600698978183 ], [ 73.223350468388617, 22.245600698978183 ], [ 73.223638740455314, 22.245867514578265 ], [ 73.223927012521983, 22.245867514578265 ], [ 73.224119193899796, 22.245867514578265 ], [ 73.224407465966465, 22.245867514578265 ], [ 73.224599647344277, 22.245867514578265 ], [ 73.224791828722076, 22.246045391362649 ], [ 73.224984010099845, 22.246045391362649 ], [ 73.225080100788745, 22.246223267921156 ], [ 73.225272282166557, 22.246223267921156 ], [ 73.225368372855442, 22.246401144253777 ], [ 73.225560554233226, 22.246401144253777 ], [ 73.225560554233226, 22.246579020360521 ], [ 73.225848826299938, 22.246667958329184 ], [ 73.225848826299938, 22.246845834097122 ], [ 73.226041007677708, 22.247023709639155 ], [ 73.22623318905552, 22.247112647325476 ], [ 73.226425370433304, 22.247468397506019 ], [ 73.226617551811088, 22.247557334909967 ], [ 73.226809733188901, 22.247646272257455 ], [ 73.227001914566699, 22.247735209548473 ], [ 73.227001914566699, 22.247913083961077 ], [ 73.227290186633383, 22.248002021082673 ], [ 73.227482368011181, 22.248090958147792 ], [ 73.227674549388979, 22.248268832108614 ], [ 73.227770640077864, 22.248446705843541 ], [ 73.227962821455648, 22.248446705843541 ], [ 73.228155002833461, 22.248446705843541 ], [ 73.228347184211245, 22.248446705843541 ], [ 73.228539365589043, 22.248446705843541 ], [ 73.228731546966841, 22.248446705843541 ], [ 73.228923728344625, 22.248446705843541 ], [ 73.229115909722424, 22.248446705843541 ], [ 73.229308091100222, 22.248446705843541 ], [ 73.229500272477992, 22.248446705843541 ], [ 73.229692453855805, 22.248446705843541 ], [ 73.229884635233603, 22.248357769004315 ], [ 73.230076816611373, 22.248268832108614 ], [ 73.230268997989185, 22.248179895156436 ], [ 73.230365088678084, 22.248002021082673 ], [ 73.230557270055854, 22.247735209548473 ], [ 73.230749451433667, 22.247646272257455 ], [ 73.230845542122566, 22.247468397506019 ], [ 73.230845542122566, 22.247290522528683 ], [ 73.230845542122566, 22.247112647325476 ], [ 73.230941632811465, 22.246934771896374 ], [ 73.230941632811465, 22.24675689624139 ], [ 73.230941632811465, 22.246579020360521 ], [ 73.230941632811465, 22.246401144253777 ], [ 73.230941632811465, 22.246223267921156 ], [ 73.230941632811465, 22.246045391362649 ], [ 73.231037723500336, 22.245867514578265 ], [ 73.231229904878148, 22.245778576101376 ], [ 73.231229904878148, 22.245600698978183 ], [ 73.231325995567047, 22.245422821629123 ], [ 73.231325995567047, 22.245244944054182 ], [ 73.231422086255947, 22.24506706625338 ], [ 73.231422086255947, 22.244889188226704 ], [ 73.231518176944832, 22.244622370763192 ], [ 73.23171035832263, 22.244533431495761 ], [ 73.23171035832263, 22.244266613354654 ], [ 73.231806449011529, 22.243999794705353 ], [ 73.231806449011529, 22.243821915323498 ], [ 73.231806449011529, 22.243644035715793 ], [ 73.231998630389327, 22.243644035715793 ], [ 73.231998630389327, 22.243466155882221 ], [ 73.231998630389327, 22.243288275822788 ], [ 73.232094721078226, 22.243021455310178 ], [ 73.232190811767097, 22.242843574686116 ], [ 73.232479083833809, 22.242754634289394 ], [ 73.232671265211607, 22.242665693836205 ], [ 73.232863446589391, 22.242665693836205 ], [ 73.23305562796719, 22.242665693836205 ], [ 73.233247809344988, 22.242576753326556 ], [ 73.233439990722772, 22.242487812760452 ], [ 73.233439990722772, 22.242309931458841 ], [ 73.233536081411671, 22.242132049931385 ], [ 73.233536081411671, 22.241954168178086 ], [ 73.233536081411671, 22.241776286198949 ], [ 73.233536081411671, 22.241598403993969 ], [ 73.233536081411671, 22.241420521563139 ], [ 73.233536081411671, 22.241242638906474 ], [ 73.23363217210057, 22.24106475602397 ], [ 73.233824353478369, 22.240975814498036 ], [ 73.234016534856153, 22.240886872915638 ], [ 73.234016534856153, 22.240708989581467 ], [ 73.234208716233951, 22.240708989581467 ], [ 73.234400897611735, 22.240708989581467 ], [ 73.234689169678433, 22.240620047829694 ], [ 73.234881351056231, 22.240620047829694 ], [ 73.235073532434001, 22.240442164156761 ], [ 73.235073532434001, 22.240264280258014 ], [ 73.235169623122914, 22.240086396133425 ], [ 73.235169623122914, 22.239908511783014 ], [ 73.235361804500712, 22.239819569523124 ], [ 73.235361804500712, 22.23964168483397 ], [ 73.235361804500712, 22.239463799919001 ], [ 73.235457895189597, 22.239285914778197 ], [ 73.235650076567396, 22.239285914778197 ], [ 73.235842257945194, 22.239285914778197 ], [ 73.236034439322992, 22.239196972123107 ], [ 73.236226620700776, 22.239196972123107 ], [ 73.236226620700776, 22.239019086643577 ], [ 73.236418802078589, 22.239019086643577 ], [ 73.236610983456345, 22.238930143819129 ], [ 73.236803164834157, 22.238930143819129 ], [ 73.23699534621197, 22.238841200938229 ], [ 73.237187527589754, 22.238752258000858 ], [ 73.237379708967538, 22.238663315007052 ], [ 73.237571890345336, 22.238663315007052 ], [ 73.237764071723134, 22.23857437195678 ], [ 73.238052343789803, 22.238485428850062 ], [ 73.238244525167616, 22.238396485686881 ], [ 73.2384367065454, 22.238396485686881 ], [ 73.238628887923198, 22.238307542467254 ], [ 73.238724978612098, 22.238129655858639 ], [ 73.238917159989882, 22.238129655858639 ], [ 73.239205432056579, 22.238040712469648 ], [ 73.239301522745478, 22.237862825522313 ], [ 73.239493704123262, 22.237862825522313 ], [ 73.23978197618996, 22.23777388196396 ], [ 73.239974157567744, 22.23777388196396 ], [ 73.240166338945542, 22.237684938349172 ], [ 73.240358520323355, 22.237595994677907 ], [ 73.240550701701125, 22.237595994677907 ], [ 73.240742883078923, 22.23750705095021 ], [ 73.240935064456735, 22.23750705095021 ], [ 73.240935064456735, 22.237329163325441 ], [ 73.241127245834505, 22.237329163325441 ], [ 73.241415517901217, 22.237240219428383 ], [ 73.241607699279001, 22.237240219428383 ], [ 73.241799880656785, 22.237240219428383 ], [ 73.242088152723497, 22.237151275474865 ], [ 73.242280334101267, 22.237151275474865 ], [ 73.242472515479079, 22.237151275474865 ], [ 73.242664696856863, 22.237151275474865 ], [ 73.242856878234647, 22.237151275474865 ], [ 73.24304905961246, 22.237151275474865 ], [ 73.243241240990244, 22.237151275474865 ], [ 73.243433422368028, 22.237151275474865 ], [ 73.243625603745841, 22.237151275474865 ], [ 73.243817785123625, 22.237151275474865 ], [ 73.244009966501409, 22.237151275474865 ], [ 73.244009966501409, 22.237329163325441 ], [ 73.244009966501409, 22.23750705095021 ], [ 73.244202147879207, 22.23750705095021 ], [ 73.244202147879207, 22.237684938349172 ], [ 73.244202147879207, 22.237862825522313 ], [ 73.244394329256991, 22.238218599191178 ], [ 73.244586510634804, 22.238218599191178 ], [ 73.244778692012588, 22.238218599191178 ], [ 73.244970873390372, 22.238218599191178 ], [ 73.245163054768184, 22.238218599191178 ], [ 73.245355236145983, 22.238218599191178 ], [ 73.245547417523753, 22.238218599191178 ], [ 73.245739598901551, 22.238218599191178 ], [ 73.245931780279363, 22.238218599191178 ], [ 73.246123961657133, 22.238218599191178 ], [ 73.246316143034932, 22.238218599191178 ], [ 73.246508324412744, 22.238218599191178 ], [ 73.246700505790528, 22.238218599191178 ], [ 73.246892687168312, 22.238218599191178 ], [ 73.247084868546125, 22.238218599191178 ], [ 73.247277049923895, 22.238218599191178 ], [ 73.247469231301707, 22.238218599191178 ], [ 73.247661412679506, 22.238218599191178 ], [ 73.247853594057275, 22.238218599191178 ], [ 73.247853594057275, 22.238396485686881 ], [ 73.248045775435088, 22.238485428850062 ], [ 73.248141866123987, 22.238752258000858 ], [ 73.248141866123987, 22.238930143819129 ], [ 73.248141866123987, 22.239108029411575 ], [ 73.248141866123987, 22.239285914778197 ], [ 73.248141866123987, 22.239552742404715 ], [ 73.248141866123987, 22.239730627206779 ], [ 73.248141866123987, 22.239908511783014 ], [ 73.248141866123987, 22.240086396133425 ], [ 73.248141866123987, 22.240264280258014 ], [ 73.248141866123987, 22.240442164156761 ], [ 73.248141866123987, 22.240620047829694 ], [ 73.248141866123987, 22.240797931276774 ], [ 73.248141866123987, 22.24106475602397 ], [ 73.248141866123987, 22.241242638906474 ], [ 73.248141866123987, 22.241509462806782 ], [ 73.248141866123987, 22.241687345124681 ], [ 73.248141866123987, 22.241865227216753 ], [ 73.248141866123987, 22.242043109082971 ], [ 73.248141866123987, 22.242220990723336 ], [ 73.248141866123987, 22.242398872137873 ], [ 73.248141866123987, 22.242576753326556 ], [ 73.248141866123987, 22.242754634289394 ], [ 73.248141866123987, 22.242932515026375 ], [ 73.248141866123987, 22.243110395537506 ], [ 73.248141866123987, 22.243288275822788 ], [ 73.248141866123987, 22.243466155882221 ], [ 73.248141866123987, 22.243644035715793 ], [ 73.248141866123987, 22.243821915323498 ], [ 73.248237956812872, 22.244088734311589 ], [ 73.248334047501757, 22.244266613354654 ], [ 73.248334047501757, 22.244444492171851 ], [ 73.248334047501757, 22.244622370763192 ], [ 73.248334047501757, 22.244889188226704 ], [ 73.248334047501757, 22.24506706625338 ], [ 73.248141866123987, 22.245244944054182 ], [ 73.247853594057275, 22.245600698978183 ], [ 73.247853594057275, 22.245778576101376 ], [ 73.247853594057275, 22.245956452998694 ], [ 73.247853594057275, 22.246223267921156 ], [ 73.247853594057275, 22.246401144253777 ], [ 73.247853594057275, 22.246579020360521 ], [ 73.247853594057275, 22.24675689624139 ], [ 73.247853594057275, 22.246934771896374 ], [ 73.247757503368391, 22.247201584955313 ], [ 73.247565321990606, 22.247290522528683 ], [ 73.247373140612794, 22.247290522528683 ], [ 73.24718095923501, 22.247290522528683 ], [ 73.246988777857226, 22.247290522528683 ], [ 73.246988777857226, 22.247468397506019 ], [ 73.246796596479413, 22.247646272257455 ], [ 73.246796596479413, 22.24782414678301 ], [ 73.246796596479413, 22.248002021082673 ], [ 73.246796596479413, 22.248179895156436 ], [ 73.246796596479413, 22.248357769004315 ], [ 73.246796596479413, 22.248535642626297 ], [ 73.246796596479413, 22.248713516022384 ], [ 73.246796596479413, 22.248980325692948 ], [ 73.246796596479413, 22.249158198524285 ], [ 73.246796596479413, 22.249336071129719 ], [ 73.246796596479413, 22.249513943509253 ], [ 73.246508324412744, 22.249780751654988 ], [ 73.246508324412744, 22.249958623469755 ], [ 73.246220052346018, 22.250225430768328 ], [ 73.245931780279363, 22.250492237558614 ], [ 73.245931780279363, 22.250670108469741 ], [ 73.245931780279363, 22.250847979154962 ], [ 73.245931780279363, 22.251025849614262 ], [ 73.245931780279363, 22.251203719847652 ], [ 73.245931780279363, 22.251381589855111 ], [ 73.245931780279363, 22.251559459636667 ], [ 73.245931780279363, 22.251737329192295 ], [ 73.245931780279363, 22.252004133102137 ], [ 73.245931780279363, 22.252182002092958 ], [ 73.245931780279363, 22.252359870857855 ], [ 73.245931780279363, 22.252537739396811 ], [ 73.245931780279363, 22.252715607709863 ], [ 73.245739598901551, 22.253071343658139 ], [ 73.245739598901551, 22.253249211293387 ], [ 73.245739598901551, 22.253516012322635 ], [ 73.245739598901551, 22.253693879393037 ], [ 73.245451326834853, 22.25404961285604 ], [ 73.245451326834853, 22.254227479248627 ], [ 73.245451326834853, 22.254405345415275 ], [ 73.245451326834853, 22.25467214424161 ], [ 73.245451326834853, 22.254850009843388 ], [ 73.245163054768184, 22.255205740369124 ], [ 73.245163054768184, 22.255472537670304 ], [ 73.244970873390372, 22.255828266614383 ], [ 73.244970873390372, 22.25600613074749 ], [ 73.244682601323674, 22.256450790091691 ], [ 73.244682601323674, 22.256628653433939 ], [ 73.244682601323674, 22.256806516550238 ], [ 73.244682601323674, 22.256984379440564 ], [ 73.244394329256991, 22.257340104543328 ], [ 73.244106057190322, 22.257606897777233 ], [ 73.244106057190322, 22.257784759650715 ], [ 73.244106057190322, 22.257962621298226 ], [ 73.244106057190322, 22.25814048271976 ], [ 73.244009966501409, 22.258407274428365 ], [ 73.244009966501409, 22.258762995915582 ], [ 73.244009966501409, 22.259029786437804 ], [ 73.244009966501409, 22.259207646503487 ], [ 73.24391387581251, 22.259385506343179 ], [ 73.24391387581251, 22.25956336595689 ], [ 73.24391387581251, 22.259741225344612 ], [ 73.24391387581251, 22.259919084506347 ], [ 73.243529513056941, 22.260185872825222 ], [ 73.243337331679129, 22.260452660635632 ], [ 73.243337331679129, 22.260630518893407 ], [ 73.24304905961246, 22.260986234730986 ], [ 73.24304905961246, 22.261164092310782 ], [ 73.24304905961246, 22.261341949664573 ], [ 73.24304905961246, 22.261519806792375 ], [ 73.24304905961246, 22.261697663694175 ], [ 73.24304905961246, 22.261875520369973 ], [ 73.24304905961246, 22.262053376819761 ], [ 73.24304905961246, 22.262231233043543 ], [ 73.24304905961246, 22.262409089041331 ], [ 73.242856878234647, 22.262586944813105 ], [ 73.242856878234647, 22.26276480035887 ], [ 73.242664696856863, 22.26276480035887 ], [ 73.242376424790166, 22.262853728046995 ], [ 73.242184243412382, 22.262942655678625 ], [ 73.241895971345684, 22.26312051077236 ], [ 73.241703789967886, 22.26312051077236 ], [ 73.241511608590116, 22.26312051077236 ], [ 73.241127245834505, 22.263387292989194 ], [ 73.240838973767822, 22.263387292989194 ], [ 73.240646792390024, 22.263387292989194 ], [ 73.240454611012225, 22.263387292989194 ], [ 73.240166338945542, 22.263387292989194 ], [ 73.239974157567744, 22.263387292989194 ], [ 73.23978197618996, 22.263387292989194 ], [ 73.239589794812161, 22.263387292989194 ], [ 73.239397613434363, 22.263387292989194 ], [ 73.239205432056579, 22.263387292989194 ], [ 73.238917159989882, 22.263387292989194 ], [ 73.238821069300997, 22.26312051077236 ], [ 73.238628887923198, 22.263031583253742 ], [ 73.238532797234313, 22.262853728046995 ], [ 73.2384367065454, 22.262675872614231 ], [ 73.238244525167616, 22.262675872614231 ], [ 73.238148434478717, 22.262498016955462 ], [ 73.237956253100919, 22.262498016955462 ], [ 73.237764071723134, 22.262409089041331 ], [ 73.237571890345336, 22.262409089041331 ], [ 73.237379708967538, 22.262409089041331 ], [ 73.237187527589754, 22.262409089041331 ], [ 73.23699534621197, 22.262409089041331 ], [ 73.236803164834157, 22.262409089041331 ], [ 73.236610983456345, 22.262409089041331 ], [ 73.236322711389676, 22.262409089041331 ], [ 73.236130530011863, 22.262409089041331 ], [ 73.235938348634093, 22.262409089041331 ], [ 73.235842257945194, 22.262586944813105 ], [ 73.235842257945194, 22.26276480035887 ], [ 73.235746167256295, 22.263031583253742 ], [ 73.235457895189597, 22.26312051077236 ], [ 73.235457895189597, 22.26329836564009 ], [ 73.235265713811813, 22.263476220281802 ], [ 73.235073532434001, 22.263565147517898 ], [ 73.234977441745116, 22.263831928887178 ], [ 73.234977441745116, 22.264009782850842 ], [ 73.234881351056231, 22.264187636588485 ], [ 73.234785260367332, 22.264454416771155 ], [ 73.234593078989533, 22.264454416771155 ], [ 73.23430480692285, 22.264810122890299 ], [ 73.234112625545052, 22.265165828105324 ], [ 73.234112625545052, 22.265343680373796 ], [ 73.233920444167254, 22.265343680373796 ], [ 73.233920444167254, 22.26552153241623 ], [ 73.233728262789469, 22.265699384232647 ], [ 73.233728262789469, 22.265877235823016 ], [ 73.23363217210057, 22.266055087187361 ], [ 73.233439990722772, 22.266144012784764 ], [ 73.233439990722772, 22.266410789237923 ], [ 73.233439990722772, 22.266588639924144 ], [ 73.233439990722772, 22.266766490384331 ], [ 73.233247809344988, 22.266766490384331 ], [ 73.23305562796719, 22.266766490384331 ], [ 73.23305562796719, 22.266588639924144 ], [ 73.232863446589391, 22.266410789237923 ], [ 73.232863446589391, 22.266232938325665 ], [ 73.232863446589391, 22.266055087187361 ], [ 73.232767355900492, 22.265877235823016 ], [ 73.23238299314491, 22.265788310056092 ], [ 73.232190811767097, 22.265788310056092 ], [ 73.231998630389327, 22.265699384232647 ], [ 73.231998630389327, 22.26552153241623 ], [ 73.231998630389327, 22.265254754267815 ], [ 73.23171035832263, 22.265165828105324 ], [ 73.23171035832263, 22.264987975610818 ], [ 73.23171035832263, 22.264721196445265 ], [ 73.23171035832263, 22.264543343385689 ], [ 73.231518176944832, 22.264454416771155 ], [ 73.231518176944832, 22.264276563372544 ], [ 73.231325995567047, 22.264276563372544 ], [ 73.231133814189235, 22.264187636588485 ], [ 73.231037723500336, 22.264009782850842 ], [ 73.230749451433667, 22.263920855897265 ], [ 73.230653360744768, 22.263654074697495 ], [ 73.230461179366969, 22.263565147517898 ], [ 73.230365088678084, 22.263387292989194 ], [ 73.230076816611373, 22.26329836564009 ], [ 73.230076816611373, 22.26312051077236 ], [ 73.229692453855805, 22.262942655678625 ], [ 73.229500272477992, 22.262853728046995 ], [ 73.229500272477992, 22.262675872614231 ], [ 73.229308091100222, 22.262675872614231 ], [ 73.229115909722424, 22.262586944813105 ], [ 73.229115909722424, 22.262409089041331 ], [ 73.22901981903351, 22.262231233043543 ], [ 73.228923728344625, 22.261964448623115 ], [ 73.228731546966841, 22.261875520369973 ], [ 73.228635456277942, 22.261697663694175 ], [ 73.228539365589043, 22.261519806792375 ], [ 73.228347184211245, 22.261519806792375 ], [ 73.22825109352236, 22.261341949664573 ], [ 73.228058912144562, 22.261253021015929 ], [ 73.228058912144562, 22.26107516354913 ], [ 73.227866730766763, 22.260986234730986 ], [ 73.227770640077864, 22.260808376925194 ], [ 73.22757845870008, 22.260808376925194 ], [ 73.22757845870008, 22.260630518893407 ], [ 73.227386277322282, 22.260541589792769 ], [ 73.22709800525557, 22.260363731421993 ], [ 73.22709800525557, 22.260185872825222 ], [ 73.226905823877772, 22.260096943442097 ], [ 73.226905823877772, 22.259919084506347 ], [ 73.226713642500002, 22.259830154953729 ], [ 73.226617551811088, 22.259652295679 ], [ 73.226425370433304, 22.259652295679 ], [ 73.226329279744419, 22.259385506343179 ], [ 73.226041007677708, 22.259296576451582 ], [ 73.226041007677708, 22.259118716498897 ], [ 73.225848826299938, 22.259029786437804 ], [ 73.225752735611039, 22.258762995915582 ], [ 73.22565664492214, 22.258585135284964 ], [ 73.225464463544327, 22.258496204884906 ], [ 73.225272282166557, 22.258318343915327 ], [ 73.225272282166557, 22.25814048271976 ], [ 73.225080100788745, 22.258051552037237 ], [ 73.224887919410961, 22.257962621298226 ], [ 73.224887919410961, 22.257784759650715 ], [ 73.224887919410961, 22.257606897777233 ], [ 73.224791828722076, 22.257429035677784 ], [ 73.224503556655364, 22.257340104543328 ], [ 73.224503556655364, 22.257162242104933 ], [ 73.224311375277594, 22.25707331080099 ], [ 73.224311375277594, 22.256895448023641 ], [ 73.224023103210882, 22.256806516550238 ], [ 73.224023103210882, 22.256628653433939 ], [ 73.223830921833098, 22.256539721791064 ], [ 73.223830921833098, 22.256361858335826 ], [ 73.223638740455314, 22.256361858335826 ], [ 73.223350468388617, 22.256272926523479 ], [ 73.223350468388617, 22.256095062729305 ], [ 73.223254377699703, 22.255917198709181 ], [ 73.22296610563302, 22.255739334463094 ], [ 73.222677833566323, 22.255650402255323 ], [ 73.222485652188553, 22.255472537670304 ], [ 73.222485652188553, 22.255205740369124 ], [ 73.222389561499639, 22.255027875219234 ], [ 73.222389561499639, 22.254850009843388 ], [ 73.222005198744057, 22.254761077070743 ], [ 73.222005198744057, 22.254583211355978 ], [ 73.221716926677374, 22.254494278413876 ], [ 73.221716926677374, 22.254316412360197 ], [ 73.221524745299561, 22.254227479248627 ], [ 73.221236473232892, 22.254138546080576 ], [ 73.221236473232892, 22.253960679575012 ], [ 73.221236473232892, 22.253782812843522 ], [ 73.221140382543979, 22.253604945886082 ], [ 73.221140382543979, 22.253427078702703 ], [ 73.220948201166195, 22.253249211293387 ], [ 73.220948201166195, 22.253071343658139 ], [ 73.220756019788411, 22.252982409755795 ], [ 73.220756019788411, 22.252804541781654 ], [ 73.220659929099511, 22.252626673581581 ], [ 73.220467747721699, 22.252537739396811 ], [ 73.220467747721699, 22.252359870857855 ], [ 73.220275566343929, 22.252182002092958 ], [ 73.220275566343929, 22.252004133102137 ], [ 73.22017947565503, 22.251826263885388 ], [ 73.219891203588332, 22.251648394442718 ], [ 73.219891203588332, 22.251470524774135 ], [ 73.219795112899433, 22.251292654879624 ], [ 73.219506840832736, 22.251203719847652 ], [ 73.219506840832736, 22.251025849614262 ], [ 73.219410750143837, 22.250847979154962 ], [ 73.219314659454952, 22.250670108469741 ], [ 73.219026387388254, 22.25058117304242 ], [ 73.218930296699355, 22.250314366421573 ], [ 73.218738115321557, 22.250314366421573 ], [ 73.218545933943787, 22.250314366421573 ], [ 73.218545933943787, 22.250136495058623 ], [ 73.21825766187709, 22.250047559292423 ], [ 73.218065480499305, 22.250047559292423 ], [ 73.217873299121493, 22.250047559292423 ], [ 73.217681117743695, 22.250047559292423 ], [ 73.21748893636591, 22.250047559292423 ], [ 73.217296754988112, 22.250047559292423 ], [ 73.217104573610314, 22.250047559292423 ], [ 73.21691239223253, 22.250047559292423 ], [ 73.216720210854746, 22.250047559292423 ], [ 73.216624120165832, 22.250225430768328 ], [ 73.216528029476933, 22.250403302018331 ], [ 73.216335848099149, 22.250670108469741 ], [ 73.216143666721351, 22.250936914412851 ], [ 73.216047576032452, 22.251114784759196 ], [ 73.215855394654668, 22.251381589855111 ], [ 73.215855394654668, 22.251559459636667 ], [ 73.215759303965768, 22.251737329192295 ], [ 73.215471031899071, 22.252004133102137 ], [ 73.215471031899071, 22.252182002092958 ], [ 73.215374941210186, 22.252448805155577 ], [ 73.215278850521287, 22.252626673581581 ], [ 73.215182759832402, 22.252804541781654 ], [ 73.214894487765704, 22.252982409755795 ], [ 73.214702306387892, 22.252982409755795 ], [ 73.214510125010108, 22.252982409755795 ], [ 73.214317943632324, 22.252982409755795 ], [ 73.214221852943425, 22.252715607709863 ], [ 73.21412576225454, 22.252537739396811 ], [ 73.213933580876727, 22.252537739396811 ], [ 73.213741399498929, 22.252537739396811 ], [ 73.213549218121159, 22.252537739396811 ], [ 73.213357036743346, 22.252537739396811 ], [ 73.213164855365548, 22.252537739396811 ], [ 73.212876583298865, 22.252537739396811 ], [ 73.212684401921067, 22.252537739396811 ], [ 73.212492220543282, 22.252537739396811 ], [ 73.212300039165484, 22.252537739396811 ], [ 73.212107857787686, 22.252537739396811 ], [ 73.211915676409902, 22.252537739396811 ], [ 73.211627404343218, 22.252626673581581 ], [ 73.21143522296542, 22.252626673581581 ], [ 73.211243041587622, 22.252626673581581 ], [ 73.211050860209824, 22.252626673581581 ], [ 73.210858678832039, 22.252626673581581 ], [ 73.210570406765342, 22.252626673581581 ], [ 73.210378225387558, 22.252626673581581 ], [ 73.21018604400976, 22.252626673581581 ], [ 73.209993862631961, 22.252715607709863 ], [ 73.209801681254177, 22.252715607709863 ], [ 73.209705590565278, 22.252893475796967 ], [ 73.209417318498581, 22.252893475796967 ], [ 73.209417318498581, 22.253071343658139 ], [ 73.209417318498581, 22.253249211293387 ], [ 73.209609499876379, 22.253338145026291 ], [ 73.209801681254177, 22.253427078702703 ], [ 73.21008995332086, 22.253516012322635 ], [ 73.21008995332086, 22.253782812843522 ], [ 73.21008995332086, 22.253960679575012 ], [ 73.21018604400976, 22.254138546080576 ], [ 73.21018604400976, 22.254316412360197 ], [ 73.21018604400976, 22.254494278413876 ], [ 73.21018604400976, 22.254761077070743 ], [ 73.21018604400976, 22.254938942559559 ], [ 73.21018604400976, 22.255205740369124 ], [ 73.21018604400976, 22.255383605293069 ], [ 73.21018604400976, 22.255561469991051 ], [ 73.210282134698659, 22.255828266614383 ], [ 73.210282134698659, 22.25600613074749 ], [ 73.210282134698659, 22.256183994654634 ], [ 73.210282134698659, 22.256361858335826 ], [ 73.21008995332086, 22.256361858335826 ], [ 73.209897771943076, 22.256361858335826 ], [ 73.209705590565278, 22.256361858335826 ], [ 73.20951340918748, 22.256361858335826 ], [ 73.209321227809667, 22.256361858335826 ], [ 73.209032955742998, 22.256539721791064 ], [ 73.2088407743652, 22.256539721791064 ], [ 73.208648592987402, 22.256539721791064 ], [ 73.208456411609617, 22.256539721791064 ], [ 73.208264230231805, 22.256539721791064 ], [ 73.208072048854035, 22.256539721791064 ], [ 73.207783776787338, 22.256717585020333 ], [ 73.207591595409554, 22.256717585020333 ], [ 73.207399414031755, 22.256717585020333 ], [ 73.207111141965058, 22.256717585020333 ], [ 73.206822869898375, 22.256717585020333 ], [ 73.206534597831677, 22.256717585020333 ], [ 73.206342416453893, 22.256717585020333 ], [ 73.206342416453893, 22.256895448023641 ], [ 73.20615023507608, 22.256895448023641 ], [ 73.205958053698311, 22.256895448023641 ], [ 73.205765872320512, 22.256895448023641 ], [ 73.205573690942714, 22.256895448023641 ], [ 73.205285418876031, 22.257162242104933 ], [ 73.205093237498204, 22.257162242104933 ], [ 73.204804965431549, 22.257429035677784 ], [ 73.204612784053751, 22.257429035677784 ], [ 73.204420602675953, 22.257517966755756 ], [ 73.204132330609269, 22.257606897777233 ], [ 73.203940149231471, 22.257606897777233 ], [ 73.203747967853658, 22.257606897777233 ], [ 73.203555786475874, 22.257606897777233 ], [ 73.20336360509809, 22.257606897777233 ], [ 73.203171423720278, 22.257606897777233 ], [ 73.202979242342508, 22.257606897777233 ], [ 73.20278706096471, 22.257606897777233 ], [ 73.202594879586897, 22.257606897777233 ], [ 73.202306607520228, 22.257606897777233 ], [ 73.202114426142415, 22.257606897777233 ], [ 73.201826154075746, 22.257606897777233 ], [ 73.201537882009049, 22.257606897777233 ], [ 73.201345700631265, 22.257606897777233 ], [ 73.201057428564553, 22.257606897777233 ], [ 73.200769156497884, 22.257606897777233 ], [ 73.200480884431187, 22.257606897777233 ], [ 73.200288703053403, 22.257606897777233 ], [ 73.20009652167559, 22.257606897777233 ], [ 73.199904340297806, 22.257606897777233 ], [ 73.199712158920022, 22.257606897777233 ], [ 73.199519977542209, 22.257606897777233 ], [ 73.199327796164411, 22.257606897777233 ], [ 73.199135614786627, 22.257606897777233 ], [ 73.198943433408843, 22.257606897777233 ], [ 73.19875125203103, 22.257606897777233 ], [ 73.198559070653246, 22.257606897777233 ], [ 73.198366889275462, 22.257606897777233 ], [ 73.198366889275462, 22.257429035677784 ], [ 73.198366889275462, 22.257251173352373 ], [ 73.198366889275462, 22.25707331080099 ], [ 73.198366889275462, 22.256895448023641 ], [ 73.198366889275462, 22.256717585020333 ], [ 73.198366889275462, 22.256539721791064 ], [ 73.198270798586549, 22.256361858335826 ], [ 73.198270798586549, 22.256095062729305 ], [ 73.198078617208765, 22.25600613074749 ], [ 73.198078617208765, 22.255828266614383 ], [ 73.197982526519866, 22.255650402255323 ], [ 73.197886435830981, 22.255472537670304 ], [ 73.197598163764269, 22.255294672859339 ], [ 73.197405982386499, 22.255116807822425 ], [ 73.197405982386499, 22.254938942559559 ], [ 73.197117710319787, 22.254761077070743 ], [ 73.197117710319787, 22.254583211355978 ], [ 73.197117710319787, 22.254405345415275 ], [ 73.197117710319787, 22.254227479248627 ], [ 73.197117710319787, 22.25404961285604 ], [ 73.197117710319787, 22.253871746237504 ], [ 73.197021619630902, 22.253693879393037 ], [ 73.197021619630902, 22.253516012322635 ], [ 73.196925528941989, 22.253338145026291 ], [ 73.196925528941989, 22.253160277504012 ], [ 73.196925528941989, 22.252982409755795 ], [ 73.196829438253118, 22.252715607709863 ], [ 73.196829438253118, 22.252537739396811 ], [ 73.196733347564219, 22.252270936503642 ], [ 73.196637256875306, 22.252093067625783 ], [ 73.196637256875306, 22.251915198521996 ], [ 73.196348984808637, 22.251826263885388 ], [ 73.196348984808637, 22.251648394442718 ], [ 73.196348984808637, 22.251470524774135 ], [ 73.196252894119738, 22.251292654879624 ], [ 73.195964622053026, 22.251114784759196 ], [ 73.195964622053026, 22.250936914412851 ], [ 73.195964622053026, 22.250759043840592 ], [ 73.195964622053026, 22.25058117304242 ], [ 73.195868531364155, 22.250403302018331 ], [ 73.195868531364155, 22.250225430768328 ], [ 73.195868531364155, 22.250047559292423 ], [ 73.195676349986357, 22.250047559292423 ], [ 73.195676349986357, 22.249869687590607 ], [ 73.195580259297444, 22.249602879614308 ], [ 73.195580259297444, 22.249425007347725 ], [ 73.195388077919645, 22.249336071129719 ], [ 73.195388077919645, 22.249158198524285 ], [ 73.195388077919645, 22.248980325692948 ], [ 73.195291987230775, 22.248802452635712 ], [ 73.195291987230775, 22.248624579352573 ], [ 73.195195896541875, 22.248446705843541 ], [ 73.195195896541875, 22.248268832108614 ], [ 73.195195896541875, 22.248090958147792 ], [ 73.195099805852962, 22.247913083961077 ], [ 73.195099805852962, 22.247735209548473 ], [ 73.194907624475178, 22.247646272257455 ], [ 73.194907624475178, 22.247468397506019 ], [ 73.194715443097365, 22.247379460045593 ], [ 73.194715443097365, 22.247201584955313 ], [ 73.194715443097365, 22.247023709639155 ], [ 73.194715443097365, 22.246845834097122 ], [ 73.194523261719581, 22.24675689624139 ], [ 73.194523261719581, 22.246579020360521 ], [ 73.194427171030668, 22.246401144253777 ], [ 73.194331080341783, 22.246223267921156 ], [ 73.194138898963999, 22.246134329670134 ], [ 73.193946717586201, 22.246134329670134 ], [ 73.193754536208402, 22.246045391362649 ], [ 73.193562354830618, 22.246045391362649 ], [ 73.193370173452834, 22.245956452998694 ], [ 73.193177992075022, 22.245867514578265 ], [ 73.192985810697238, 22.245867514578265 ], [ 73.192793629319453, 22.245778576101376 ], [ 73.192601447941641, 22.245689637568024 ], [ 73.192409266563857, 22.245689637568024 ], [ 73.192217085186059, 22.245600698978183 ], [ 73.192024903808274, 22.245600698978183 ], [ 73.19183272243049, 22.245422821629123 ], [ 73.191640541052678, 22.245422821629123 ], [ 73.19135226898598, 22.245333882869886 ], [ 73.191160087608196, 22.245244944054182 ], [ 73.190967906230398, 22.245244944054182 ], [ 73.190775724852628, 22.245156005182015 ], [ 73.190583543474816, 22.24506706625338 ], [ 73.190391362097017, 22.244978127268272 ], [ 73.190006999341435, 22.244800249128673 ], [ 73.189910908652536, 22.244622370763192 ], [ 73.189718727274737, 22.244622370763192 ], [ 73.189526545896953, 22.244533431495761 ], [ 73.189334364519155, 22.244533431495761 ], [ 73.189142183141371, 22.244444492171851 ], [ 73.188950001763573, 22.24435555279149 ], [ 73.188950001763573, 22.244177673861351 ], [ 73.188661729696875, 22.244088734311589 ], [ 73.188373457630192, 22.243999794705353 ], [ 73.188373457630192, 22.243821915323498 ], [ 73.188277366941307, 22.243644035715793 ], [ 73.188181276252394, 22.243466155882221 ], [ 73.188181276252394, 22.243199335708386 ], [ 73.188085185563509, 22.243021455310178 ], [ 73.188085185563509, 22.242843574686116 ], [ 73.187989094874609, 22.242576753326556 ], [ 73.187989094874609, 22.242398872137873 ], [ 73.187989094874609, 22.242220990723336 ], [ 73.187796913496811, 22.242220990723336 ], [ 73.187796913496811, 22.241954168178086 ], [ 73.187700822807912, 22.241687345124681 ], [ 73.187700822807912, 22.241420521563139 ], [ 73.187700822807912, 22.241242638906474 ], [ 73.187508641430128, 22.241242638906474 ], [ 73.187508641430128, 22.24106475602397 ], [ 73.187508641430128, 22.240886872915638 ], [ 73.18722036936343, 22.240620047829694 ], [ 73.18722036936343, 22.240442164156761 ], [ 73.18722036936343, 22.240264280258014 ], [ 73.187028187985646, 22.240086396133425 ], [ 73.187028187985646, 22.239908511783014 ], [ 73.187028187985646, 22.239730627206779 ], [ 73.187028187985646, 22.239552742404715 ], [ 73.187028187985646, 22.239374857376827 ], [ 73.187028187985646, 22.239196972123107 ], [ 73.187028187985646, 22.239019086643577 ], [ 73.187028187985646, 22.238841200938229 ], [ 73.186836006607848, 22.238663315007052 ], [ 73.186836006607848, 22.238485428850062 ], [ 73.18664382523005, 22.238396485686881 ], [ 73.186451643852237, 22.238396485686881 ], [ 73.186451643852237, 22.238218599191178 ], [ 73.186259462474467, 22.238218599191178 ], [ 73.186067281096669, 22.238129655858639 ], [ 73.185875099718857, 22.238129655858639 ], [ 73.185682918341087, 22.238129655858639 ], [ 73.185490736963288, 22.238129655858639 ], [ 73.18529855558549, 22.238129655858639 ], [ 73.185106374207706, 22.238040712469648 ], [ 73.184914192829908, 22.238040712469648 ], [ 73.184722011452109, 22.238040712469648 ], [ 73.184529830074325, 22.238040712469648 ], [ 73.184337648696513, 22.238040712469648 ], [ 73.184145467318743, 22.238040712469648 ], [ 73.183953285940945, 22.23795176902421 ], [ 73.183761104563146, 22.23795176902421 ], [ 73.183568923185362, 22.23795176902421 ], [ 73.183376741807564, 22.23795176902421 ], [ 73.183184560429765, 22.23795176902421 ], [ 73.182992379051981, 22.23795176902421 ], [ 73.182800197674183, 22.23795176902421 ], [ 73.182608016296385, 22.23795176902421 ], [ 73.182415834918601, 22.23795176902421 ], [ 73.182127562851903, 22.23795176902421 ], [ 73.181935381474119, 22.23795176902421 ], [ 73.181743200096307, 22.23795176902421 ], [ 73.181551018718523, 22.23795176902421 ], [ 73.181454928029609, 22.23777388196396 ], [ 73.181262746651839, 22.23777388196396 ], [ 73.181070565274041, 22.23777388196396 ], [ 73.180878383896228, 22.23777388196396 ], [ 73.180686202518459, 22.23777388196396 ], [ 73.18049402114066, 22.237684938349172 ], [ 73.180205749073963, 22.237684938349172 ], [ 73.17991747700728, 22.23750705095021 ], [ 73.179725295629481, 22.23750705095021 ], [ 73.179437023562798, 22.23750705095021 ], [ 73.179148751496115, 22.23741810716605 ], [ 73.178956570118316, 22.23741810716605 ], [ 73.178860479429417, 22.237240219428383 ], [ 73.178668298051619, 22.237240219428383 ], [ 73.178476116673835, 22.237240219428383 ], [ 73.178283935296022, 22.237240219428383 ], [ 73.177995663229353, 22.237151275474865 ], [ 73.177803481851555, 22.237151275474865 ], [ 73.177611300473757, 22.237062331464909 ], [ 73.177419119095973, 22.237062331464909 ], [ 73.177323028407073, 22.236884443275631 ], [ 73.177034756340376, 22.236884443275631 ], [ 73.176746484273679, 22.236884443275631 ], [ 73.176458212206981, 22.236795499096313 ], [ 73.176266030829211, 22.236795499096313 ], [ 73.176073849451413, 22.236795499096313 ], [ 73.1758816680736, 22.23670655486054 ], [ 73.1758816680736, 22.236528666219666 ], [ 73.1758816680736, 22.236350777352982 ], [ 73.1758816680736, 22.236172888260494 ], [ 73.1758816680736, 22.235994998942228 ], [ 73.1758816680736, 22.235728164541435 ], [ 73.1758816680736, 22.235461329632614 ], [ 73.175401214629119, 22.235016603655623 ], [ 73.175401214629119, 22.234749767392071 ], [ 73.175209033251335, 22.234482930620498 ], [ 73.175209033251335, 22.234216093340905 ], [ 73.175209033251335, 22.234038201538954 ], [ 73.175209033251335, 22.233860309511225 ], [ 73.175209033251335, 22.233682417257715 ], [ 73.175209033251335, 22.233504524778425 ], [ 73.175209033251335, 22.233326632073361 ], [ 73.175112942562421, 22.233148739142521 ], [ 73.175112942562421, 22.232970845985918 ], [ 73.174920761184651, 22.232792952603535 ], [ 73.174920761184651, 22.232615058995378 ], [ 73.174920761184651, 22.232437165161457 ], [ 73.174920761184651, 22.232259271101768 ], [ 73.174920761184651, 22.232081376816314 ], [ 73.174920761184651, 22.2319034823051 ], [ 73.174920761184651, 22.231725587568118 ], [ 73.174920761184651, 22.231547692605371 ], [ 73.174920761184651, 22.231369797416875 ], [ 73.174920761184651, 22.231191902002614 ], [ 73.174920761184651, 22.231014006362596 ], [ 73.175112942562421, 22.230925058457924 ], [ 73.17530512394022, 22.230925058457924 ] ] ] } },
{ "type": "Feature", "properties": { "fid": 11, "ward_id": 5 }, "geometry": { "type": "Polygon", "coordinates": [ [ [ 73.234977441745116, 22.311755389988228 ], [ 73.235169623122914, 22.311666493403536 ], [ 73.235169623122914, 22.311488700064377 ], [ 73.235457895189597, 22.311222009631116 ], [ 73.235553985878497, 22.310955318688471 ], [ 73.235553985878497, 22.310777524443704 ], [ 73.235746167256295, 22.310777524443704 ], [ 73.235746167256295, 22.310599729972555 ], [ 73.235842257945194, 22.310421935274999 ], [ 73.235842257945194, 22.310244140351053 ], [ 73.235938348634107, 22.310066345200717 ], [ 73.235938348634107, 22.309888549823988 ], [ 73.236034439322992, 22.30971075422088 ], [ 73.236226620700776, 22.30971075422088 ], [ 73.23651489276746, 22.30962185633442 ], [ 73.236707074145258, 22.30962185633442 ], [ 73.236899255523056, 22.30962185633442 ], [ 73.237091436900855, 22.30962185633442 ], [ 73.237283618278639, 22.30971075422088 ], [ 73.237475799656451, 22.30971075422088 ], [ 73.237475799656451, 22.309888549823988 ], [ 73.237475799656451, 22.310066345200717 ], [ 73.237475799656451, 22.310244140351053 ], [ 73.237571890345336, 22.310421935274999 ], [ 73.237667981034235, 22.310688627236427 ], [ 73.237860162412019, 22.310688627236427 ], [ 73.238052343789803, 22.310688627236427 ], [ 73.238244525167616, 22.31086642159439 ], [ 73.2384367065454, 22.31086642159439 ], [ 73.238628887923198, 22.310955318688471 ], [ 73.238821069300997, 22.311044215725946 ], [ 73.239013250678781, 22.311044215725946 ], [ 73.239205432056579, 22.311222009631116 ], [ 73.239397613434363, 22.311222009631116 ], [ 73.239589794812161, 22.311310906498804 ], [ 73.239685885501061, 22.311488700064377 ], [ 73.239974157567744, 22.311666493403536 ], [ 73.240070248256657, 22.311844286516308 ], [ 73.240262429634441, 22.311844286516308 ], [ 73.240550701701125, 22.31202207940267 ], [ 73.240742883078923, 22.31202207940267 ], [ 73.240935064456735, 22.31202207940267 ], [ 73.240935064456735, 22.312199872062628 ], [ 73.241031155145635, 22.312377664496179 ], [ 73.241223336523404, 22.312377664496179 ], [ 73.241319427212304, 22.312644352721986 ], [ 73.241511608590116, 22.312911040438372 ], [ 73.241703789967886, 22.312911040438372 ], [ 73.241895971345684, 22.312911040438372 ], [ 73.241992062034598, 22.313088831966279 ], [ 73.242184243412382, 22.313177727645325 ], [ 73.242280334101267, 22.313355518833607 ], [ 73.242472515479079, 22.313355518833607 ], [ 73.242568606167978, 22.313622205191514 ], [ 73.242760787545762, 22.313622205191514 ], [ 73.242856878234647, 22.31379999581376 ], [ 73.24304905961246, 22.31379999581376 ], [ 73.243145150301331, 22.314244471378782 ], [ 73.243337331679129, 22.314244471378782 ], [ 73.243529513056941, 22.314333366321975 ], [ 73.243721694434726, 22.314600050811901 ], [ 73.24391387581251, 22.314600050811901 ], [ 73.244106057190322, 22.314688945528665 ], [ 73.244298238568106, 22.314866734792371 ], [ 73.24449041994589, 22.314866734792371 ], [ 73.244586510634804, 22.315044523829648 ], [ 73.244778692012588, 22.315044523829648 ], [ 73.245066964079271, 22.315133418263372 ], [ 73.245066964079271, 22.315311206961013 ], [ 73.245355236145983, 22.315400101224917 ], [ 73.245355236145983, 22.315577889582901 ], [ 73.245643508212666, 22.315666783676985 ], [ 73.245739598901551, 22.315933465619562 ], [ 73.245931780279363, 22.315933465619562 ], [ 73.246123961657162, 22.316200147052676 ], [ 73.246316143034932, 22.316466827976299 ], [ 73.246508324412744, 22.316466827976299 ], [ 73.246700505790528, 22.316733508390417 ], [ 73.246988777857226, 22.316733508390417 ], [ 73.24718095923501, 22.316822401748574 ], [ 73.247373140612794, 22.316911295050122 ], [ 73.247661412679506, 22.317266867690179 ], [ 73.247661412679506, 22.317444653670542 ], [ 73.247853594057275, 22.317533546575806 ], [ 73.247949684746175, 22.317711332216497 ], [ 73.248141866123987, 22.317711332216497 ], [ 73.248334047501757, 22.317711332216497 ], [ 73.248622319568469, 22.318066902818515 ], [ 73.248718410257339, 22.318333580175587 ], [ 73.248910591635138, 22.318333580175587 ], [ 73.24910277301295, 22.318333580175587 ], [ 73.249198863701849, 22.318511364797242 ], [ 73.249391045079619, 22.318600257023135 ], [ 73.249487135768518, 22.318866933361161 ], [ 73.249679317146331, 22.318866933361161 ], [ 73.249775407835216, 22.319133609189645 ], [ 73.250063679901899, 22.319400284508593 ], [ 73.250255861279712, 22.319400284508593 ], [ 73.25044804265751, 22.319666959317988 ], [ 73.250640224035294, 22.319666959317988 ], [ 73.250832405413078, 22.31984474224117 ], [ 73.250928496101992, 22.320022524937887 ], [ 73.25112067747979, 22.320111416201321 ], [ 73.25131285885756, 22.320289198558331 ], [ 73.251505040235372, 22.320289198558331 ], [ 73.251793312302055, 22.320289198558331 ], [ 73.25188940299094, 22.32046698068887 ], [ 73.252081584368753, 22.32046698068887 ], [ 73.252273765746537, 22.32046698068887 ], [ 73.252465947124335, 22.32046698068887 ], [ 73.252562037813234, 22.320644762592931 ], [ 73.252754219191033, 22.320644762592931 ], [ 73.252946400568803, 22.320644762592931 ], [ 73.252946400568803, 22.320822544270527 ], [ 73.253138581946615, 22.320822544270527 ], [ 73.253234672635514, 22.321000325721638 ], [ 73.253426854013284, 22.321000325721638 ], [ 73.253522944702198, 22.321178106946292 ], [ 73.253715126079996, 22.321444778358604 ], [ 73.253907307457766, 22.321711449261329 ], [ 73.254099488835578, 22.321711449261329 ], [ 73.254387760902247, 22.321711449261329 ], [ 73.25457994228006, 22.321978119654467 ], [ 73.254772123657858, 22.321978119654467 ], [ 73.254868214346757, 22.322155899633461 ], [ 73.255060395724527, 22.322155899633461 ], [ 73.255156486413441, 22.32233367938597 ], [ 73.255348667791239, 22.32233367938597 ], [ 73.255444758480138, 22.322600348590058 ], [ 73.255636939857936, 22.322600348590058 ], [ 73.255733030546821, 22.322422569177284 ], [ 73.255733030546821, 22.322244789538026 ], [ 73.255540849169037, 22.322155899633461 ], [ 73.255540849169037, 22.321978119654467 ], [ 73.255540849169037, 22.321800339448991 ], [ 73.255540849169037, 22.32162255901704 ], [ 73.255540849169037, 22.321444778358604 ], [ 73.255540849169037, 22.321266997473678 ], [ 73.255540849169037, 22.321089216362274 ], [ 73.255540849169037, 22.320911435024392 ], [ 73.255540849169037, 22.320733653460042 ], [ 73.255540849169037, 22.320555871669217 ], [ 73.255540849169037, 22.320378089651907 ], [ 73.255540849169037, 22.32020030740814 ], [ 73.255540849169037, 22.320022524937887 ], [ 73.255540849169037, 22.31984474224117 ], [ 73.255540849169037, 22.319666959317988 ], [ 73.255540849169037, 22.319489176168336 ], [ 73.255733030546821, 22.319400284508593 ], [ 73.25592521192462, 22.319400284508593 ], [ 73.256117393302418, 22.319400284508593 ], [ 73.256309574680202, 22.319400284508593 ], [ 73.256501756058, 22.319400284508593 ], [ 73.256693937435799, 22.319400284508593 ], [ 73.256982209502482, 22.31957806777147 ], [ 73.25717439088028, 22.31957806777147 ], [ 73.257366572258064, 22.319755850807883 ], [ 73.257558753635863, 22.319755850807883 ], [ 73.257750935013661, 22.319755850807883 ], [ 73.257943116391431, 22.319755850807883 ], [ 73.258135297769243, 22.31984474224117 ], [ 73.258423569835912, 22.31984474224117 ], [ 73.258423569835912, 22.320022524937887 ], [ 73.258711841902624, 22.320022524937887 ], [ 73.258904023280408, 22.320111416201321 ], [ 73.259000113969293, 22.319933633617836 ], [ 73.258807932591537, 22.31984474224117 ], [ 73.258807932591537, 22.319666959317988 ], [ 73.258807932591537, 22.319489176168336 ], [ 73.258711841902624, 22.319311392792219 ], [ 73.258711841902624, 22.319133609189645 ], [ 73.258711841902624, 22.318955825360604 ], [ 73.258711841902624, 22.318778041305102 ], [ 73.258807932591537, 22.318600257023135 ], [ 73.258807932591537, 22.318422472514719 ], [ 73.258807932591537, 22.318244687779849 ], [ 73.258904023280408, 22.317978010252926 ], [ 73.258904023280408, 22.317800224951917 ], [ 73.259000113969293, 22.317622439424451 ], [ 73.259000113969293, 22.317444653670542 ], [ 73.259000113969293, 22.317266867690179 ], [ 73.259000113969293, 22.317089081483378 ], [ 73.259192295347106, 22.317000188295058 ], [ 73.259192295347106, 22.316822401748574 ], [ 73.259192295347106, 22.316644614975658 ], [ 73.259192295347106, 22.316466827976299 ], [ 73.259000113969293, 22.31628904075049 ], [ 73.258904023280408, 22.316111253298253 ], [ 73.258711841902624, 22.316111253298253 ], [ 73.258615751213725, 22.315933465619562 ], [ 73.258423569835912, 22.315933465619562 ], [ 73.258231388458142, 22.315844571695319 ], [ 73.258135297769243, 22.315666783676985 ], [ 73.258039207080344, 22.315488995432212 ], [ 73.257943116391431, 22.315222312640497 ], [ 73.257750935013661, 22.315133418263372 ], [ 73.257654844324762, 22.314955629339316 ], [ 73.257654844324762, 22.314777840188821 ], [ 73.257462662946963, 22.314777840188821 ], [ 73.257462662946963, 22.314600050811901 ], [ 73.257366572258064, 22.314422261208549 ], [ 73.25717439088028, 22.314333366321975 ], [ 73.25717439088028, 22.31415557637899 ], [ 73.257078300191381, 22.313977786209584 ], [ 73.256886118813568, 22.313888891039973 ], [ 73.256886118813568, 22.313711100530934 ], [ 73.256886118813568, 22.313533309795488 ], [ 73.256790028124684, 22.313266623267769 ], [ 73.256790028124684, 22.313088831966279 ], [ 73.256597846746899, 22.313088831966279 ], [ 73.256597846746899, 22.312911040438372 ], [ 73.256309574680202, 22.312733248684047 ], [ 73.256309574680202, 22.312555456703315 ], [ 73.256309574680202, 22.312377664496179 ], [ 73.256117393302418, 22.312288768307702 ], [ 73.256117393302418, 22.312110975760948 ], [ 73.25582912123572, 22.311844286516308 ], [ 73.25582912123572, 22.311577596762255 ], [ 73.255636939857936, 22.311310906498804 ], [ 73.255636939857936, 22.311133112706838 ], [ 73.255636939857936, 22.310955318688471 ], [ 73.255636939857936, 22.310777524443704 ], [ 73.255636939857936, 22.310599729972555 ], [ 73.255636939857936, 22.310421935274999 ], [ 73.255636939857936, 22.310244140351053 ], [ 73.255636939857936, 22.310066345200717 ], [ 73.255636939857936, 22.309888549823988 ], [ 73.255636939857936, 22.30971075422088 ], [ 73.255636939857936, 22.30953295839138 ], [ 73.255636939857936, 22.309355162335493 ], [ 73.255540849169037, 22.309177366053216 ], [ 73.255540849169037, 22.308999569544572 ], [ 73.255540849169037, 22.30873287435713 ], [ 73.255540849169037, 22.308555077282531 ], [ 73.255540849169037, 22.308377279981542 ], [ 73.255540849169037, 22.308199482454192 ], [ 73.255540849169037, 22.30802168470046 ], [ 73.255540849169037, 22.307843886720359 ], [ 73.255540849169037, 22.307666088513887 ], [ 73.255540849169037, 22.307399390779732 ], [ 73.255540849169037, 22.30722159200733 ], [ 73.255540849169037, 22.307043793008564 ], [ 73.255540849169037, 22.306865993783433 ], [ 73.255540849169037, 22.30668819433194 ], [ 73.255540849169037, 22.306421494730262 ], [ 73.255540849169037, 22.306243694712869 ], [ 73.255540849169037, 22.305976994262352 ], [ 73.255636939857936, 22.305710293302521 ], [ 73.255636939857936, 22.305532492379704 ], [ 73.255733030546821, 22.305354691230516 ], [ 73.255733030546821, 22.305176889854991 ], [ 73.255733030546821, 22.304999088253112 ], [ 73.255733030546821, 22.304821286424882 ], [ 73.255733030546821, 22.304643484370303 ], [ 73.25582912123572, 22.304465682089376 ], [ 73.25582912123572, 22.304287879582105 ], [ 73.25582912123572, 22.304110076848499 ], [ 73.256021302613519, 22.304021175396809 ], [ 73.256021302613519, 22.303843372323687 ], [ 73.256021302613519, 22.303665569024226 ], [ 73.256021302613519, 22.303398863650639 ], [ 73.256117393302418, 22.303132157767809 ], [ 73.256117393302418, 22.30286545137572 ], [ 73.256309574680202, 22.302776549131863 ], [ 73.256309574680202, 22.302598744474381 ], [ 73.256309574680202, 22.302420939590583 ], [ 73.256309574680202, 22.302243134480445 ], [ 73.256405665369101, 22.301976426390894 ], [ 73.256405665369101, 22.301798620714951 ], [ 73.256405665369101, 22.301620814812679 ], [ 73.256405665369101, 22.301354105534916 ], [ 73.256405665369101, 22.301176299066853 ], [ 73.256405665369101, 22.300998492372464 ], [ 73.256405665369101, 22.300820685451754 ], [ 73.256405665369101, 22.300642878304739 ], [ 73.256405665369101, 22.300465070931402 ], [ 73.256405665369101, 22.30028726333175 ], [ 73.256405665369101, 22.30010945550579 ], [ 73.256405665369101, 22.299931647453512 ], [ 73.256405665369101, 22.299753839174944 ], [ 73.256213483991303, 22.29957603067006 ], [ 73.256213483991303, 22.299398221938866 ], [ 73.256213483991303, 22.29922041298137 ], [ 73.256213483991303, 22.299042603797567 ], [ 73.256213483991303, 22.298864794387477 ], [ 73.256213483991303, 22.298686984751075 ], [ 73.256213483991303, 22.298509174888373 ], [ 73.256117393302418, 22.298331364799377 ], [ 73.256117393302418, 22.298153554484088 ], [ 73.256117393302418, 22.297975743942509 ], [ 73.256117393302418, 22.297797933174632 ], [ 73.256117393302418, 22.297620122180462 ], [ 73.256117393302418, 22.297442310959998 ], [ 73.256117393302418, 22.297264499513258 ], [ 73.256117393302418, 22.297086687840228 ], [ 73.256117393302418, 22.296908875940904 ], [ 73.256117393302418, 22.296731063815301 ], [ 73.256117393302418, 22.296553251463415 ], [ 73.25592521192462, 22.296464345202612 ], [ 73.255540849169037, 22.296197626080797 ], [ 73.255156486413441, 22.296108719593718 ], [ 73.254964305035656, 22.296108719593718 ], [ 73.254676032968959, 22.296108719593718 ], [ 73.254387760902247, 22.296108719593718 ], [ 73.254195579524477, 22.296108719593718 ], [ 73.254003398146665, 22.296108719593718 ], [ 73.253811216768881, 22.296108719593718 ], [ 73.253619035391097, 22.296108719593718 ], [ 73.253426854013284, 22.296108719593718 ], [ 73.253234672635514, 22.296108719593718 ], [ 73.253042491257716, 22.296197626080797 ], [ 73.252850309879904, 22.296197626080797 ], [ 73.252658128502134, 22.296286532511299 ], [ 73.252658128502134, 22.296464345202612 ], [ 73.252465947124335, 22.296464345202612 ], [ 73.252081584368753, 22.296819969906391 ], [ 73.25188940299094, 22.296908875940904 ], [ 73.251697221613171, 22.296997781918851 ], [ 73.251408949546473, 22.297086687840228 ], [ 73.251216768168675, 22.297086687840228 ], [ 73.251216768168675, 22.297264499513258 ], [ 73.251024586790891, 22.297264499513258 ], [ 73.250832405413078, 22.297264499513258 ], [ 73.250640224035294, 22.297353405264914 ], [ 73.25044804265751, 22.297442310959998 ], [ 73.250159770590813, 22.297620122180462 ], [ 73.249775407835216, 22.297797933174632 ], [ 73.249583226457432, 22.297797933174632 ], [ 73.249391045079619, 22.297797933174632 ], [ 73.249198863701849, 22.297797933174632 ], [ 73.248910591635138, 22.298064649241585 ], [ 73.248718410257339, 22.298064649241585 ], [ 73.248430138190656, 22.298242459670021 ], [ 73.248237956812872, 22.298242459670021 ], [ 73.248045775435088, 22.298242459670021 ], [ 73.247853594057275, 22.298242459670021 ], [ 73.247661412679506, 22.298242459670021 ], [ 73.247469231301707, 22.298509174888373 ], [ 73.24718095923501, 22.298686984751075 ], [ 73.246988777857226, 22.298686984751075 ], [ 73.246796596479413, 22.298686984751075 ], [ 73.246604415101643, 22.298686984751075 ], [ 73.246316143034932, 22.298864794387477 ], [ 73.246123961657162, 22.298864794387477 ], [ 73.245739598901551, 22.299042603797567 ], [ 73.245547417523753, 22.299042603797567 ], [ 73.245355236145983, 22.299042603797567 ], [ 73.245163054768184, 22.299042603797567 ], [ 73.244970873390372, 22.299042603797567 ], [ 73.244778692012588, 22.299042603797567 ], [ 73.244586510634804, 22.299131508417766 ], [ 73.244298238568106, 22.299131508417766 ], [ 73.244106057190322, 22.299131508417766 ], [ 73.24391387581251, 22.299131508417766 ], [ 73.24391387581251, 22.299309317488401 ], [ 73.243625603745841, 22.299309317488401 ], [ 73.243433422368028, 22.299309317488401 ], [ 73.243241240990244, 22.299309317488401 ], [ 73.242952968923547, 22.29957603067006 ], [ 73.242760787545762, 22.29957603067006 ], [ 73.242568606167978, 22.29957603067006 ], [ 73.242376424790166, 22.29957603067006 ], [ 73.242088152723497, 22.29957603067006 ], [ 73.241895971345684, 22.29966493495078 ], [ 73.241703789967886, 22.29966493495078 ], [ 73.241511608590116, 22.29966493495078 ], [ 73.241319427212304, 22.29966493495078 ], [ 73.241127245834505, 22.299753839174944 ], [ 73.240935064456735, 22.299753839174944 ], [ 73.240742883078923, 22.299753839174944 ], [ 73.240550701701125, 22.299753839174944 ], [ 73.240358520323355, 22.299842743342516 ], [ 73.240070248256657, 22.299842743342516 ], [ 73.239878066878859, 22.30010945550579 ], [ 73.239685885501061, 22.30010945550579 ], [ 73.239397613434363, 22.30010945550579 ], [ 73.239205432056579, 22.30010945550579 ], [ 73.238917159989882, 22.30010945550579 ], [ 73.238724978612098, 22.30010945550579 ], [ 73.238532797234313, 22.30010945550579 ], [ 73.238244525167616, 22.30010945550579 ], [ 73.238052343789803, 22.30010945550579 ], [ 73.237764071723134, 22.30010945550579 ], [ 73.237571890345336, 22.30010945550579 ], [ 73.237379708967538, 22.30010945550579 ], [ 73.237091436900855, 22.300376167159861 ], [ 73.236899255523056, 22.300376167159861 ], [ 73.236707074145258, 22.300376167159861 ], [ 73.23651489276746, 22.300376167159861 ], [ 73.236322711389676, 22.300465070931402 ], [ 73.236130530011863, 22.300465070931402 ], [ 73.235938348634107, 22.300465070931402 ], [ 73.235746167256295, 22.300465070931402 ], [ 73.235746167256295, 22.300642878304739 ], [ 73.235553985878497, 22.300642878304739 ], [ 73.235361804500712, 22.300642878304739 ], [ 73.235073532434001, 22.300731781906528 ], [ 73.234785260367332, 22.300731781906528 ], [ 73.234496988300648, 22.300731781906528 ], [ 73.23430480692285, 22.300731781906528 ], [ 73.234016534856153, 22.300731781906528 ], [ 73.233824353478369, 22.300731781906528 ], [ 73.233439990722772, 22.300998492372464 ], [ 73.233247809344988, 22.300998492372464 ], [ 73.23305562796719, 22.300998492372464 ], [ 73.232863446589391, 22.300998492372464 ], [ 73.232575174522708, 22.300998492372464 ], [ 73.23238299314491, 22.300998492372464 ], [ 73.232190811767097, 22.300998492372464 ], [ 73.231998630389327, 22.300998492372464 ], [ 73.231806449011529, 22.300998492372464 ], [ 73.231518176944846, 22.300998492372464 ], [ 73.231229904878148, 22.300998492372464 ], [ 73.231037723500336, 22.300998492372464 ], [ 73.230845542122566, 22.300998492372464 ], [ 73.230653360744768, 22.300998492372464 ], [ 73.230461179366969, 22.300998492372464 ], [ 73.230268997989185, 22.300998492372464 ], [ 73.229980725922488, 22.301265202329173 ], [ 73.229980725922488, 22.301443008684089 ], [ 73.229980725922488, 22.301709717792104 ], [ 73.229980725922488, 22.301887523581211 ], [ 73.229980725922488, 22.302154231840515 ], [ 73.229692453855805, 22.302420939590583 ], [ 73.229692453855805, 22.302598744474381 ], [ 73.229404181789121, 22.30286545137572 ], [ 73.229404181789121, 22.303043255693694 ], [ 73.229404181789121, 22.30322105978534 ], [ 73.229404181789121, 22.303398863650639 ], [ 73.229212000411323, 22.303398863650639 ], [ 73.229212000411323, 22.303576667289619 ], [ 73.229115909722424, 22.303754470702252 ], [ 73.229115909722424, 22.303932273888545 ], [ 73.229115909722424, 22.304110076848499 ], [ 73.228827637655741, 22.304554583258131 ], [ 73.228827637655741, 22.304732385425883 ], [ 73.228635456277942, 22.304910187367291 ], [ 73.228443274900116, 22.304910187367291 ], [ 73.228347184211245, 22.304732385425883 ], [ 73.22825109352236, 22.304554583258131 ], [ 73.228155002833461, 22.30437678086404 ], [ 73.228058912144562, 22.304198978243598 ], [ 73.227866730766763, 22.304110076848499 ], [ 73.227770640077864, 22.303932273888545 ], [ 73.22757845870008, 22.303843372323687 ], [ 73.22757845870008, 22.303665569024226 ], [ 73.227386277322282, 22.303665569024226 ], [ 73.227194095944469, 22.303576667289619 ], [ 73.227001914566699, 22.303487765498424 ], [ 73.226905823877772, 22.303309961746283 ], [ 73.226713642500002, 22.303309961746283 ], [ 73.226521461122189, 22.30322105978534 ], [ 73.226329279744419, 22.303132157767809 ], [ 73.226137098366607, 22.303043255693694 ], [ 73.225944916988823, 22.302954353563003 ], [ 73.225848826299938, 22.302776549131863 ], [ 73.22565664492214, 22.302776549131863 ], [ 73.225464463544327, 22.302687646831412 ], [ 73.225272282166557, 22.302687646831412 ], [ 73.225176191477658, 22.302509842060768 ], [ 73.224984010099845, 22.302509842060768 ], [ 73.224887919410961, 22.30233203706381 ], [ 73.224695738033176, 22.30233203706381 ], [ 73.224503556655364, 22.302243134480445 ], [ 73.224215284588695, 22.302065329143996 ], [ 73.224023103210882, 22.301976426390894 ], [ 73.223734831144213, 22.301798620714951 ], [ 73.223638740455314, 22.301620814812679 ], [ 73.223446559077502, 22.301620814812679 ], [ 73.223254377699732, 22.301620814812679 ], [ 73.223254377699732, 22.301443008684089 ], [ 73.22296610563302, 22.301443008684089 ], [ 73.22296610563302, 22.301265202329173 ], [ 73.222773924255236, 22.301265202329173 ], [ 73.222581742877452, 22.301176299066853 ], [ 73.222389561499639, 22.301087395747942 ], [ 73.222101289432942, 22.300909588940403 ], [ 73.221813017366273, 22.300820685451754 ], [ 73.221716926677374, 22.300642878304739 ], [ 73.221524745299561, 22.300553974646355 ], [ 73.221332563921777, 22.300465070931402 ], [ 73.221140382543979, 22.300465070931402 ], [ 73.220756019788411, 22.30028726333175 ], [ 73.220756019788411, 22.30010945550579 ], [ 73.220467747721699, 22.30010945550579 ], [ 73.220275566343929, 22.300020551507941 ], [ 73.220083384966117, 22.300020551507941 ], [ 73.219891203588332, 22.300020551507941 ], [ 73.219602931521649, 22.299931647453512 ], [ 73.219314659454952, 22.299842743342516 ], [ 73.219122478077168, 22.299842743342516 ], [ 73.21883420601047, 22.299753839174944 ], [ 73.218642024632686, 22.299753839174944 ], [ 73.218642024632686, 22.29957603067006 ], [ 73.218449843254874, 22.29957603067006 ], [ 73.218161571188205, 22.29957603067006 ], [ 73.217969389810392, 22.29948712633275 ], [ 73.217777208432594, 22.29948712633275 ], [ 73.217777208432594, 22.299309317488401 ], [ 73.217585027054795, 22.299309317488401 ], [ 73.217392845677011, 22.299309317488401 ], [ 73.217104573610314, 22.29922041298137 ], [ 73.21691239223253, 22.29922041298137 ], [ 73.216720210854746, 22.29922041298137 ], [ 73.216528029476933, 22.29922041298137 ], [ 73.216335848099149, 22.29922041298137 ], [ 73.216143666721351, 22.29922041298137 ], [ 73.215951485343567, 22.29922041298137 ], [ 73.215855394654668, 22.299398221938866 ], [ 73.215855394654668, 22.29957603067006 ], [ 73.215855394654668, 22.299842743342516 ], [ 73.215855394654668, 22.30010945550579 ], [ 73.215855394654668, 22.30028726333175 ], [ 73.215759303965768, 22.300553974646355 ], [ 73.215471031899071, 22.300731781906528 ], [ 73.215278850521287, 22.300998492372464 ], [ 73.215182759832402, 22.301176299066853 ], [ 73.214990578454589, 22.301265202329173 ], [ 73.214990578454589, 22.301443008684089 ], [ 73.214798397076805, 22.301531911776671 ], [ 73.214510125010108, 22.301887523581211 ], [ 73.214510125010108, 22.302065329143996 ], [ 73.214414034321209, 22.302243134480445 ], [ 73.214606215699021, 22.30233203706381 ], [ 73.214798397076805, 22.302420939590583 ], [ 73.214990578454589, 22.302420939590583 ], [ 73.215182759832402, 22.302509842060768 ], [ 73.215374941210186, 22.302509842060768 ], [ 73.215471031899071, 22.302687646831412 ], [ 73.215663213276883, 22.302776549131863 ], [ 73.215663213276883, 22.302954353563003 ], [ 73.215663213276883, 22.303132157767809 ], [ 73.215663213276883, 22.303309961746283 ], [ 73.215663213276883, 22.303487765498424 ], [ 73.215663213276883, 22.303665569024226 ], [ 73.215663213276883, 22.303932273888545 ], [ 73.215663213276883, 22.304198978243598 ], [ 73.215663213276883, 22.30437678086404 ], [ 73.215759303965768, 22.304554583258131 ], [ 73.215951485343567, 22.304554583258131 ], [ 73.216143666721351, 22.304643484370303 ], [ 73.216431938788048, 22.304643484370303 ], [ 73.216624120165832, 22.304643484370303 ], [ 73.216816301543631, 22.304732385425883 ], [ 73.217008482921429, 22.304732385425883 ], [ 73.217296754988112, 22.305087989082345 ], [ 73.217585027054795, 22.305087989082345 ], [ 73.217777208432594, 22.305087989082345 ], [ 73.217969389810392, 22.305087989082345 ], [ 73.218161571188205, 22.305176889854991 ], [ 73.21825766187709, 22.305354691230516 ], [ 73.218449843254874, 22.305354691230516 ], [ 73.218642024632686, 22.305354691230516 ], [ 73.21883420601047, 22.305621392869412 ], [ 73.219122478077168, 22.305888093998991 ], [ 73.219410750143837, 22.305888093998991 ], [ 73.219602931521649, 22.305888093998991 ], [ 73.219795112899433, 22.305888093998991 ], [ 73.219987294277217, 22.305888093998991 ], [ 73.219987294277217, 22.306065894469111 ], [ 73.220275566343929, 22.306332594749865 ], [ 73.220563838410598, 22.306599294521302 ], [ 73.220756019788411, 22.306599294521302 ], [ 73.220948201166195, 22.306865993783433 ], [ 73.221236473232892, 22.306865993783433 ], [ 73.221524745299561, 22.306865993783433 ], [ 73.221716926677374, 22.306865993783433 ], [ 73.221909108055158, 22.306865993783433 ], [ 73.222101289432942, 22.306865993783433 ], [ 73.222293470810754, 22.306865993783433 ], [ 73.222485652188553, 22.306865993783433 ], [ 73.222677833566323, 22.306865993783433 ], [ 73.222870014944107, 22.306865993783433 ], [ 73.223062196321933, 22.307132692536239 ], [ 73.223254377699732, 22.307132692536239 ], [ 73.223446559077502, 22.307132692536239 ], [ 73.223734831144213, 22.307399390779732 ], [ 73.223830921833098, 22.307666088513887 ], [ 73.224023103210882, 22.307666088513887 ], [ 73.224215284588695, 22.307666088513887 ], [ 73.224311375277594, 22.307932785738707 ], [ 73.224503556655364, 22.307932785738707 ], [ 73.224695738033176, 22.307932785738707 ], [ 73.224791828722076, 22.308110583605625 ], [ 73.224984010099845, 22.308110583605625 ], [ 73.224984010099845, 22.308288381246168 ], [ 73.225272282166557, 22.308377279981542 ], [ 73.225272282166557, 22.308555077282531 ], [ 73.225560554233226, 22.308821772809537 ], [ 73.22565664492214, 22.309088467827188 ], [ 73.225848826299938, 22.309266264222654 ], [ 73.226041007677708, 22.309266264222654 ], [ 73.226329279744419, 22.309355162335493 ], [ 73.226617551811088, 22.309355162335493 ], [ 73.226617551811088, 22.30953295839138 ], [ 73.226905823877772, 22.30962185633442 ], [ 73.227001914566699, 22.309799652050735 ], [ 73.227098005255598, 22.309977447540653 ], [ 73.227194095944469, 22.310155242804186 ], [ 73.227386277322282, 22.310155242804186 ], [ 73.227386277322282, 22.310333037841325 ], [ 73.227482368011181, 22.310599729972555 ], [ 73.227674549388979, 22.310599729972555 ], [ 73.227770640077864, 22.311044215725946 ], [ 73.227962821455648, 22.311044215725946 ], [ 73.227962821455648, 22.311222009631116 ], [ 73.228155002833461, 22.311222009631116 ], [ 73.22825109352236, 22.311399803309889 ], [ 73.228539365589043, 22.311666493403536 ], [ 73.228731546966841, 22.311666493403536 ], [ 73.228827637655741, 22.31193318298779 ], [ 73.22901981903351, 22.31193318298779 ], [ 73.229308091100222, 22.31193318298779 ], [ 73.229500272477992, 22.312288768307702 ], [ 73.229788544544704, 22.312288768307702 ], [ 73.230076816611373, 22.312377664496179 ], [ 73.230365088678084, 22.312377664496179 ], [ 73.230557270055854, 22.312377664496179 ], [ 73.230845542122566, 22.312377664496179 ], [ 73.230845542122566, 22.312555456703315 ], [ 73.231037723500336, 22.312555456703315 ], [ 73.231133814189235, 22.312733248684047 ], [ 73.231325995567047, 22.312733248684047 ], [ 73.231518176944846, 22.312822144589507 ], [ 73.231614267633717, 22.313088831966279 ], [ 73.231806449011529, 22.313088831966279 ], [ 73.232094721078226, 22.313088831966279 ], [ 73.232190811767097, 22.313266623267769 ], [ 73.23238299314491, 22.313266623267769 ], [ 73.232479083833809, 22.313533309795488 ], [ 73.232671265211607, 22.313533309795488 ], [ 73.232863446589391, 22.313533309795488 ], [ 73.23305562796719, 22.313533309795488 ], [ 73.233247809344988, 22.313622205191514 ], [ 73.233439990722772, 22.313711100530934 ], [ 73.23363217210057, 22.313622205191514 ], [ 73.233728262789469, 22.313444414342854 ], [ 73.233824353478369, 22.313266623267769 ], [ 73.233824353478369, 22.312999936230622 ], [ 73.234016534856153, 22.312999936230622 ], [ 73.234112625545052, 22.312733248684047 ], [ 73.234208716233951, 22.312555456703315 ], [ 73.234400897611735, 22.312555456703315 ], [ 73.234400897611735, 22.312377664496179 ], [ 73.234496988300648, 22.312199872062628 ], [ 73.234785260367332, 22.312110975760948 ], [ 73.234881351056231, 22.31193318298779 ], [ 73.235073532434001, 22.311844286516308 ], [ 73.235073532434001, 22.311666493403536 ], [ 73.234977441745116, 22.311755389988228 ] ] ] } },
{ "type": "Feature", "properties": { "fid": 12, "ward_id": 4 }, "geometry": { "type": "Polygon", "coordinates": [ [ [ 73.213645308810058, 22.324022575738471 ], [ 73.213453127432246, 22.323933686966384 ], [ 73.213453127432246, 22.323667020310349 ], [ 73.213357036743346, 22.323400353144702 ], [ 73.213357036743346, 22.323133685469426 ], [ 73.213357036743346, 22.322955906736134 ], [ 73.213357036743346, 22.322778127776346 ], [ 73.213357036743346, 22.322600348590058 ], [ 73.213164855365548, 22.322600348590058 ], [ 73.213164855365548, 22.322422569177284 ], [ 73.213164855365548, 22.322244789538026 ], [ 73.213164855365548, 22.321978119654467 ], [ 73.213164855365548, 22.321711449261329 ], [ 73.213164855365548, 22.321533668716132 ], [ 73.213164855365548, 22.321355887944456 ], [ 73.213164855365548, 22.321178106946292 ], [ 73.213164855365548, 22.321000325721645 ], [ 73.213164855365548, 22.320822544270527 ], [ 73.213164855365548, 22.320555871669217 ], [ 73.213164855365548, 22.320289198558331 ], [ 73.213164855365548, 22.320022524937887 ], [ 73.213164855365548, 22.319755850807887 ], [ 73.213164855365548, 22.319489176168343 ], [ 73.213260946054461, 22.319311392792219 ], [ 73.213453127432246, 22.319311392792219 ], [ 73.213453127432246, 22.319133609189645 ], [ 73.213645308810058, 22.319133609189645 ], [ 73.213837490187842, 22.319133609189645 ], [ 73.214029671565626, 22.319133609189645 ], [ 73.214221852943425, 22.319133609189645 ], [ 73.214414034321209, 22.319133609189645 ], [ 73.214606215699021, 22.319133609189645 ], [ 73.214798397076805, 22.319044717303434 ], [ 73.214990578454589, 22.319044717303434 ], [ 73.215182759832402, 22.319044717303434 ], [ 73.215471031899071, 22.319044717303434 ], [ 73.215663213276883, 22.318955825360607 ], [ 73.215855394654668, 22.318955825360607 ], [ 73.216047576032452, 22.318866933361161 ], [ 73.216239757410236, 22.318866933361161 ], [ 73.216528029476933, 22.318689149192426 ], [ 73.216816301543631, 22.318689149192426 ], [ 73.217104573610342, 22.318600257023139 ], [ 73.217296754988112, 22.318600257023139 ], [ 73.21748893636591, 22.318600257023139 ], [ 73.217681117743723, 22.318600257023139 ], [ 73.217777208432608, 22.318422472514726 ], [ 73.217969389810392, 22.318422472514726 ], [ 73.21825766187709, 22.318422472514726 ], [ 73.218449843254874, 22.318422472514726 ], [ 73.218642024632686, 22.318422472514726 ], [ 73.21883420601047, 22.318422472514726 ], [ 73.219026387388254, 22.318422472514726 ], [ 73.219218568766067, 22.318422472514726 ], [ 73.219506840832736, 22.318333580175597 ], [ 73.219602931521649, 22.318155795327488 ], [ 73.219699022210548, 22.317889117630727 ], [ 73.219699022210548, 22.317711332216501 ], [ 73.219891203588332, 22.317533546575806 ], [ 73.219891203588332, 22.317355760708669 ], [ 73.219891203588332, 22.317177974615092 ], [ 73.220083384966117, 22.317089081483378 ], [ 73.220275566343929, 22.316822401748581 ], [ 73.220563838410598, 22.316555721504287 ], [ 73.220852110477296, 22.316466827976299 ], [ 73.220852110477296, 22.316289040750494 ], [ 73.22104429185508, 22.316200147052676 ], [ 73.22104429185508, 22.316022359487221 ], [ 73.221332563921777, 22.315755677714456 ], [ 73.22162083598846, 22.315488995432212 ], [ 73.221813017366273, 22.315400101224917 ], [ 73.221909108055158, 22.315222312640497 ], [ 73.22210128943297, 22.315133418263382 ], [ 73.222293470810754, 22.315133418263382 ], [ 73.222293470810754, 22.314955629339316 ], [ 73.222485652188553, 22.314955629339316 ], [ 73.222677833566351, 22.314866734792375 ], [ 73.222870014944107, 22.314866734792375 ], [ 73.223062196321933, 22.314866734792375 ], [ 73.223254377699732, 22.314866734792375 ], [ 73.223446559077502, 22.314866734792375 ], [ 73.223638740455314, 22.314955629339316 ], [ 73.223734831144213, 22.315133418263382 ], [ 73.223830921833098, 22.315311206961013 ], [ 73.223927012521983, 22.315577889582901 ], [ 73.224023103210882, 22.315755677714456 ], [ 73.224119193899796, 22.315933465619576 ], [ 73.224215284588695, 22.316111253298253 ], [ 73.224407465966465, 22.316111253298253 ], [ 73.224599647344277, 22.316200147052676 ], [ 73.224695738033176, 22.316377934391703 ], [ 73.224887919410961, 22.316377934391703 ], [ 73.225176191477658, 22.316466827976299 ], [ 73.225272282166557, 22.316644614975658 ], [ 73.225464463544327, 22.316644614975658 ], [ 73.225560554233226, 22.316822401748581 ], [ 73.225848826299938, 22.316911295050122 ], [ 73.225848826299938, 22.317089081483378 ], [ 73.226041007677708, 22.317177974615092 ], [ 73.226041007677708, 22.317355760708669 ], [ 73.226329279744419, 22.317711332216501 ], [ 73.226425370433304, 22.317889117630727 ], [ 73.226617551811117, 22.317889117630727 ], [ 73.226713642500002, 22.318244687779849 ], [ 73.226905823877772, 22.318511364797242 ], [ 73.227194095944498, 22.318866933361161 ], [ 73.227386277322282, 22.318955825360607 ], [ 73.227386277322282, 22.319133609189645 ], [ 73.22757845870008, 22.319400284508593 ], [ 73.227770640077878, 22.319489176168343 ], [ 73.227866730766777, 22.319755850807887 ], [ 73.228058912144562, 22.31984474224117 ], [ 73.228155002833461, 22.320022524937887 ], [ 73.22844327490013, 22.320111416201321 ], [ 73.228731546966841, 22.32020030740814 ], [ 73.228731546966841, 22.320378089651907 ], [ 73.22901981903351, 22.320733653460042 ], [ 73.229308091100222, 22.320733653460042 ], [ 73.229404181789121, 22.321000325721645 ], [ 73.229596363166905, 22.321000325721645 ], [ 73.229596363166905, 22.321178106946292 ], [ 73.229692453855805, 22.321444778358604 ], [ 73.229884635233603, 22.321444778358604 ], [ 73.229980725922488, 22.321622559017044 ], [ 73.230172907300286, 22.321711449261329 ], [ 73.230365088678084, 22.321800339449002 ], [ 73.230365088678084, 22.321978119654467 ], [ 73.230557270055854, 22.322244789538026 ], [ 73.230749451433667, 22.322244789538026 ], [ 73.230941632811465, 22.32233367938597 ], [ 73.231229904878148, 22.32233367938597 ], [ 73.231422086255947, 22.32233367938597 ], [ 73.231614267633745, 22.32233367938597 ], [ 73.231614267633745, 22.322155899633461 ], [ 73.231710358322644, 22.321889229580048 ], [ 73.231806449011529, 22.321711449261329 ], [ 73.231806449011529, 22.321533668716132 ], [ 73.231998630389327, 22.321533668716132 ], [ 73.232094721078226, 22.321266997473678 ], [ 73.23238299314491, 22.321178106946292 ], [ 73.232575174522708, 22.321089216362274 ], [ 73.232767355900506, 22.320911435024403 ], [ 73.23295953727829, 22.320822544270527 ], [ 73.23305562796719, 22.320555871669217 ], [ 73.233247809344988, 22.320466980688874 ], [ 73.233343900033873, 22.320289198558331 ], [ 73.233536081411671, 22.32020030740814 ], [ 73.233536081411671, 22.320022524937887 ], [ 73.233824353478369, 22.319755850807887 ], [ 73.234112625545052, 22.319666959317988 ], [ 73.234112625545052, 22.319489176168343 ], [ 73.23430480692285, 22.319311392792219 ], [ 73.23430480692285, 22.319133609189645 ], [ 73.234496988300648, 22.319133609189645 ], [ 73.234593078989533, 22.318955825360607 ], [ 73.234881351056245, 22.318866933361161 ], [ 73.235073532434001, 22.318778041305102 ], [ 73.235073532434001, 22.318600257023139 ], [ 73.235361804500712, 22.318600257023139 ], [ 73.235361804500712, 22.318422472514726 ], [ 73.235553985878511, 22.318333580175597 ], [ 73.235650076567396, 22.318155795327488 ], [ 73.235842257945194, 22.318155795327488 ], [ 73.235938348634107, 22.317889117630727 ], [ 73.236130530011891, 22.317889117630727 ], [ 73.236226620700776, 22.317711332216501 ], [ 73.236322711389676, 22.317533546575806 ], [ 73.236322711389676, 22.317355760708669 ], [ 73.236226620700776, 22.317177974615092 ], [ 73.235938348634107, 22.317089081483378 ], [ 73.235746167256295, 22.317000188295058 ], [ 73.235553985878511, 22.317000188295058 ], [ 73.235457895189626, 22.316822401748581 ], [ 73.235169623122914, 22.316644614975658 ], [ 73.235169623122914, 22.316466827976299 ], [ 73.235169623122914, 22.316289040750494 ], [ 73.235169623122914, 22.316111253298253 ], [ 73.234977441745116, 22.316111253298253 ], [ 73.234977441745116, 22.315844571695319 ], [ 73.234977441745116, 22.315577889582901 ], [ 73.234977441745116, 22.315400101224917 ], [ 73.234881351056245, 22.315133418263382 ], [ 73.234785260367332, 22.314955629339316 ], [ 73.234785260367332, 22.314777840188825 ], [ 73.234785260367332, 22.314600050811901 ], [ 73.234785260367332, 22.314422261208549 ], [ 73.234689169678433, 22.314244471378782 ], [ 73.234593078989533, 22.314066681322597 ], [ 73.234400897611735, 22.313977786209591 ], [ 73.234208716233951, 22.313888891039973 ], [ 73.234112625545052, 22.313711100530945 ], [ 73.233920444167254, 22.313711100530945 ], [ 73.233920444167254, 22.313533309795488 ], [ 73.233728262789469, 22.313444414342854 ], [ 73.23363217210057, 22.313266623267769 ], [ 73.233824353478369, 22.313177727645325 ], [ 73.233920444167254, 22.312999936230622 ], [ 73.234208716233951, 22.312911040438372 ], [ 73.234496988300648, 22.312822144589511 ], [ 73.234689169678433, 22.312733248684047 ], [ 73.234689169678433, 22.312555456703315 ], [ 73.234785260367332, 22.312288768307702 ], [ 73.234977441745116, 22.312288768307702 ], [ 73.234977441745116, 22.31202207940267 ], [ 73.235073532434001, 22.311844286516308 ], [ 73.235169623122914, 22.311666493403546 ], [ 73.235361804500712, 22.311577596762255 ], [ 73.235361804500712, 22.311399803309889 ], [ 73.235457895189626, 22.311133112706838 ], [ 73.235457895189626, 22.31086642159439 ], [ 73.235650076567396, 22.310688627236427 ], [ 73.235746167256295, 22.310510832652071 ], [ 73.235842257945194, 22.310333037841325 ], [ 73.236034439322992, 22.310244140351053 ], [ 73.236226620700776, 22.310244140351053 ], [ 73.236226620700776, 22.31006634520072 ], [ 73.23651489276746, 22.309888549823999 ], [ 73.236803164834157, 22.309799652050735 ], [ 73.236899255523056, 22.30962185633442 ], [ 73.237091436900855, 22.30953295839138 ], [ 73.237379708967538, 22.309444060391733 ], [ 73.237571890345336, 22.309444060391733 ], [ 73.237571890345336, 22.30962185633442 ], [ 73.237764071723134, 22.309977447540653 ], [ 73.237764071723134, 22.310155242804189 ], [ 73.237764071723134, 22.310333037841325 ], [ 73.237956253100919, 22.310333037841325 ], [ 73.237956253100919, 22.310510832652071 ], [ 73.238148434478717, 22.310599729972555 ], [ 73.238340615856501, 22.310955318688471 ], [ 73.238532797234313, 22.310955318688471 ], [ 73.238724978612098, 22.311044215725957 ], [ 73.238724978612098, 22.311222009631127 ], [ 73.238917159989882, 22.311222009631127 ], [ 73.23910934136768, 22.311310906498807 ], [ 73.23910934136768, 22.311488700064377 ], [ 73.239205432056579, 22.311666493403546 ], [ 73.239397613434363, 22.311933182987794 ], [ 73.239589794812161, 22.31202207940267 ], [ 73.23978197618996, 22.312110975760948 ], [ 73.23978197618996, 22.312288768307702 ], [ 73.239974157567772, 22.312288768307702 ], [ 73.239974157567772, 22.312466560628049 ], [ 73.240166338945542, 22.312644352721986 ], [ 73.240358520323355, 22.312644352721986 ], [ 73.240550701701153, 22.312644352721986 ], [ 73.240742883078923, 22.312644352721986 ], [ 73.240935064456735, 22.312644352721986 ], [ 73.241127245834519, 22.312733248684047 ], [ 73.241319427212304, 22.312822144589511 ], [ 73.241415517901217, 22.312999936230622 ], [ 73.241607699279001, 22.313088831966283 ], [ 73.241799880656785, 22.313088831966283 ], [ 73.241799880656785, 22.313266623267769 ], [ 73.242088152723497, 22.313355518833617 ], [ 73.242184243412382, 22.313533309795488 ], [ 73.242376424790166, 22.313533309795488 ], [ 73.242472515479079, 22.31379999581376 ], [ 73.242664696856863, 22.31379999581376 ], [ 73.242760787545762, 22.314066681322597 ], [ 73.242952968923547, 22.314066681322597 ], [ 73.243145150301331, 22.31415557637899 ], [ 73.243241240990244, 22.314422261208549 ], [ 73.243433422368028, 22.314422261208549 ], [ 73.243529513056941, 22.314688945528665 ], [ 73.243721694434726, 22.314688945528665 ], [ 73.244009966501409, 22.314777840188825 ], [ 73.244009966501409, 22.314955629339316 ], [ 73.244298238568106, 22.315044523829648 ], [ 73.24439432925702, 22.315222312640497 ], [ 73.244586510634804, 22.315222312640497 ], [ 73.244682601323674, 22.315400101224917 ], [ 73.244874782701501, 22.315488995432212 ], [ 73.245163054768184, 22.315844571695319 ], [ 73.245355236145983, 22.315844571695319 ], [ 73.245451326834882, 22.316022359487221 ], [ 73.245739598901551, 22.316289040750494 ], [ 73.245931780279363, 22.316555721504287 ], [ 73.246220052346033, 22.316733508390417 ], [ 73.246316143034932, 22.316911295050122 ], [ 73.246508324412744, 22.316911295050122 ], [ 73.246796596479413, 22.317266867690179 ], [ 73.246892687168312, 22.317533546575806 ], [ 73.247084868546125, 22.317711332216501 ], [ 73.247277049923895, 22.317711332216501 ], [ 73.247469231301707, 22.317711332216501 ], [ 73.247565321990606, 22.318155795327488 ], [ 73.247757503368391, 22.318155795327488 ], [ 73.248045775435088, 22.318244687779849 ], [ 73.248141866123987, 22.318422472514726 ], [ 73.248334047501757, 22.318422472514726 ], [ 73.248430138190656, 22.318600257023139 ], [ 73.248622319568469, 22.318600257023139 ], [ 73.248718410257339, 22.318778041305102 ], [ 73.248910591635138, 22.318778041305102 ], [ 73.249198863701849, 22.318866933361161 ], [ 73.249294954390749, 22.319044717303434 ], [ 73.249487135768547, 22.319044717303434 ], [ 73.249775407835216, 22.319133609189645 ], [ 73.250063679901928, 22.319222501019244 ], [ 73.250255861279712, 22.319311392792219 ], [ 73.250255861279712, 22.319489176168343 ], [ 73.25044804265751, 22.319489176168343 ], [ 73.250544133346409, 22.319755850807887 ], [ 73.250736314724193, 22.319755850807887 ], [ 73.250928496101992, 22.320022524937887 ], [ 73.25112067747979, 22.320022524937887 ], [ 73.251216768168689, 22.320289198558331 ], [ 73.251408949546473, 22.320378089651907 ], [ 73.251601130924271, 22.320378089651907 ], [ 73.251793312302055, 22.320466980688874 ], [ 73.252081584368753, 22.320555871669217 ], [ 73.252177675057652, 22.320822544270527 ], [ 73.252369856435422, 22.320822544270527 ], [ 73.252465947124335, 22.321089216362274 ], [ 73.252658128502134, 22.321089216362274 ], [ 73.252754219191033, 22.321266997473678 ], [ 73.252946400568803, 22.321266997473678 ], [ 73.253138581946615, 22.321266997473678 ], [ 73.253330763324399, 22.321266997473678 ], [ 73.253522944702198, 22.321266997473678 ], [ 73.253715126079996, 22.321266997473678 ], [ 73.253907307457794, 22.321355887944456 ], [ 73.254099488835578, 22.321622559017044 ], [ 73.254291670213377, 22.321711449261329 ], [ 73.254387760902276, 22.321889229580048 ], [ 73.254579942280074, 22.322155899633461 ], [ 73.254772123657858, 22.322244789538026 ], [ 73.254868214346757, 22.322511458911986 ], [ 73.255060395724556, 22.322778127776346 ], [ 73.255156486413441, 22.322955906736134 ], [ 73.255348667791239, 22.323133685469426 ], [ 73.255540849169037, 22.323133685469426 ], [ 73.255540849169037, 22.323311463976232 ], [ 73.255636939857936, 22.323489242256539 ], [ 73.255636939857936, 22.323667020310349 ], [ 73.255636939857936, 22.323844798137657 ], [ 73.255636939857936, 22.324022575738471 ], [ 73.255636939857936, 22.324200353112786 ], [ 73.255636939857936, 22.324378130260595 ], [ 73.255636939857936, 22.324555907181892 ], [ 73.255636939857936, 22.324733683876691 ], [ 73.255636939857936, 22.325000348494186 ], [ 73.255636939857936, 22.325178124622717 ], [ 73.255636939857936, 22.325444788390808 ], [ 73.255636939857936, 22.325622563953047 ], [ 73.255636939857936, 22.325800339288783 ], [ 73.255444758480138, 22.325889226871713 ], [ 73.255348667791239, 22.326067001867667 ], [ 73.255156486413441, 22.326067001867667 ], [ 73.254964305035656, 22.326155889280702 ], [ 73.254772123657858, 22.326244776637115 ], [ 73.254676032968959, 22.326422551180041 ], [ 73.254579942280074, 22.326600325496447 ], [ 73.254291670213377, 22.326778099586321 ], [ 73.254099488835578, 22.327044760296413 ], [ 73.254099488835578, 22.327222533819988 ], [ 73.253907307457794, 22.327311420496823 ], [ 73.253907307457794, 22.327578080187539 ], [ 73.253715126079996, 22.327666966637853 ], [ 73.253715126079996, 22.327844739368572 ], [ 73.253426854013284, 22.328111398039905 ], [ 73.253426854013284, 22.328289170204297 ], [ 73.253234672635514, 22.328289170204297 ], [ 73.253234672635514, 22.328466942142146 ], [ 73.253138581946615, 22.328644713853453 ], [ 73.252754219191033, 22.328911370995669 ], [ 73.252562037813234, 22.329178027628171 ], [ 73.252562037813234, 22.329355798433323 ], [ 73.252562037813234, 22.329533569011932 ], [ 73.252369856435422, 22.329533569011932 ], [ 73.252273765746537, 22.329711339363996 ], [ 73.252177675057652, 22.329889109489507 ], [ 73.251985493679854, 22.330244649060898 ], [ 73.251697221613171, 22.330511303144739 ], [ 73.251505040235372, 22.330689072250784 ], [ 73.251408949546473, 22.330955725485047 ], [ 73.251216768168689, 22.331044609783191 ], [ 73.251216768168689, 22.331222378209567 ], [ 73.251024586790891, 22.331489030424326 ], [ 73.250928496101992, 22.331755682129316 ], [ 73.250640224035308, 22.332022333324545 ], [ 73.25044804265751, 22.332200100504824 ], [ 73.250159770590813, 22.33255563418567 ], [ 73.250063679901928, 22.332733400686248 ], [ 73.249775407835216, 22.333000050012288 ], [ 73.249583226457432, 22.333177815946438 ], [ 73.249487135768547, 22.333444464422822 ], [ 73.249391045079648, 22.333711112389413 ], [ 73.249198863701849, 22.333711112389413 ], [ 73.249006682324037, 22.333799994931653 ], [ 73.249006682324037, 22.333977759846192 ], [ 73.249006682324037, 22.334155524534161 ], [ 73.248718410257339, 22.334244406793179 ], [ 73.248718410257339, 22.334422171141266 ], [ 73.248622319568469, 22.33459993526278 ], [ 73.248622319568469, 22.334777699157701 ], [ 73.248814500946267, 22.334777699157701 ], [ 73.249006682324037, 22.334777699157701 ], [ 73.249198863701849, 22.334777699157701 ], [ 73.249391045079648, 22.334777699157701 ], [ 73.249583226457432, 22.334777699157701 ], [ 73.249775407835216, 22.334777699157701 ], [ 73.250063679901928, 22.334777699157701 ], [ 73.250255861279712, 22.334777699157701 ], [ 73.250544133346409, 22.334777699157701 ], [ 73.250832405413078, 22.334777699157701 ], [ 73.251024586790891, 22.335044344575223 ], [ 73.251216768168689, 22.335044344575223 ], [ 73.251408949546473, 22.335044344575223 ], [ 73.251601130924271, 22.335044344575223 ], [ 73.251793312302055, 22.335044344575223 ], [ 73.251793312302055, 22.335222107903675 ], [ 73.251985493679854, 22.335222107903675 ], [ 73.252081584368753, 22.335488752471495 ], [ 73.252273765746537, 22.335488752471495 ], [ 73.252465947124335, 22.335488752471495 ], [ 73.252658128502134, 22.335488752471495 ], [ 73.252850309879904, 22.335577633880799 ], [ 73.253042491257716, 22.335577633880799 ], [ 73.253138581946615, 22.335844277768832 ], [ 73.253330763324399, 22.335844277768832 ], [ 73.253522944702198, 22.335844277768832 ], [ 73.253715126079996, 22.335844277768832 ], [ 73.254003398146665, 22.335844277768832 ], [ 73.254195579524477, 22.335844277768832 ], [ 73.254291670213377, 22.336022040077623 ], [ 73.254483851591175, 22.336022040077623 ], [ 73.254483851591175, 22.3361998021598 ], [ 73.254579942280074, 22.336377564015386 ], [ 73.254676032968959, 22.336555325644369 ], [ 73.254772123657858, 22.336821967662967 ], [ 73.254772123657858, 22.336999728725438 ], [ 73.254868214346757, 22.337177489561309 ], [ 73.254868214346757, 22.337355250170578 ], [ 73.255060395724556, 22.337444130390232 ], [ 73.255348667791239, 22.337533010553233 ], [ 73.255636939857936, 22.337533010553233 ], [ 73.25582912123572, 22.337621890659577 ], [ 73.256021302613519, 22.337621890659577 ], [ 73.256213483991303, 22.337710770709283 ], [ 73.256405665369101, 22.337710770709283 ], [ 73.256597846746899, 22.337710770709283 ], [ 73.256790028124684, 22.337710770709283 ], [ 73.256982209502482, 22.337710770709283 ], [ 73.25717439088028, 22.337710770709283 ], [ 73.257366572258064, 22.337710770709283 ], [ 73.257654844324762, 22.337710770709283 ], [ 73.257943116391431, 22.337710770709283 ], [ 73.258231388458157, 22.337710770709283 ], [ 73.258423569835912, 22.337710770709283 ], [ 73.258615751213725, 22.337710770709283 ], [ 73.258807932591537, 22.337710770709283 ], [ 73.259000113969321, 22.337799650702323 ], [ 73.259288386036019, 22.337888530638718 ], [ 73.259480567413803, 22.338155170107974 ], [ 73.259672748791587, 22.338155170107974 ], [ 73.259768839480486, 22.338421809067345 ], [ 73.259961020858285, 22.338421809067345 ], [ 73.260153202236069, 22.338510688607155 ], [ 73.260153202236069, 22.33868844751683 ], [ 73.260249292924968, 22.338866206199885 ], [ 73.260249292924968, 22.339043964656312 ], [ 73.260441474302766, 22.339043964656312 ], [ 73.260441474302766, 22.339221722886116 ], [ 73.260537564991665, 22.339399480889309 ], [ 73.260729746369449, 22.339666117469164 ], [ 73.260825837058348, 22.339843874905792 ], [ 73.261018018436147, 22.339843874905792 ], [ 73.261210199813931, 22.339843874905792 ], [ 73.261402381191729, 22.339843874905792 ], [ 73.261594562569528, 22.339843874905792 ], [ 73.261882834636225, 22.339843874905792 ], [ 73.262171106702908, 22.339843874905792 ], [ 73.262459378769591, 22.339843874905792 ], [ 73.262747650836303, 22.339843874905792 ], [ 73.262843741525174, 22.340021632115786 ], [ 73.263035922902972, 22.340021632115786 ], [ 73.263228104280785, 22.340199389099144 ], [ 73.263420285658555, 22.340199389099144 ], [ 73.263612467036353, 22.340199389099144 ], [ 73.263804648414165, 22.340199389099144 ], [ 73.264092920480834, 22.340199389099144 ], [ 73.264381192547546, 22.340199389099144 ], [ 73.264669464614215, 22.340288267505848 ], [ 73.264861645992028, 22.340288267505848 ], [ 73.265053827369812, 22.340288267505848 ], [ 73.265342099436509, 22.340288267505848 ], [ 73.265534280814293, 22.340288267505848 ], [ 73.265726462192077, 22.340288267505848 ], [ 73.26591864356989, 22.340288267505848 ], [ 73.266206915636559, 22.340554902385986 ], [ 73.266495187703242, 22.340554902385986 ], [ 73.266687369081055, 22.340821536756202 ], [ 73.266879550458839, 22.340821536756202 ], [ 73.267071731836637, 22.340821536756202 ], [ 73.26726391321445, 22.340821536756202 ], [ 73.267552185281119, 22.340910414766292 ], [ 73.26784045734783, 22.340910414766292 ], [ 73.268224820103413, 22.340910414766292 ], [ 73.268609182858981, 22.340910414766292 ], [ 73.268897454925693, 22.340910414766292 ], [ 73.269185726992362, 22.340910414766292 ], [ 73.269473999059073, 22.340910414766292 ], [ 73.269666180436843, 22.340910414766292 ], [ 73.269858361814656, 22.340910414766292 ], [ 73.27005054319244, 22.340910414766292 ], [ 73.270146633881325, 22.341177048456597 ], [ 73.270338815259137, 22.341177048456597 ], [ 73.270530996636936, 22.341354803966837 ], [ 73.270723178014705, 22.341354803966837 ], [ 73.270915359392518, 22.341354803966837 ], [ 73.271107540770302, 22.341354803966837 ], [ 73.271299722148086, 22.341354803966837 ], [ 73.271491903525899, 22.341354803966837 ], [ 73.271780175592568, 22.341354803966837 ], [ 73.27197235697038, 22.341354803966837 ], [ 73.272068447659279, 22.341621436807241 ], [ 73.272356719725977, 22.341621436807241 ], [ 73.272644991792646, 22.341621436807241 ], [ 73.272933263859358, 22.341621436807241 ], [ 73.273125445237113, 22.341621436807241 ], [ 73.273413717303839, 22.341621436807241 ], [ 73.273605898681623, 22.341621436807241 ], [ 73.273798080059422, 22.341621436807241 ], [ 73.27399026143722, 22.341621436807241 ], [ 73.27418244281499, 22.341621436807241 ], [ 73.274470714881701, 22.341621436807241 ], [ 73.27475898694837, 22.341621436807241 ], [ 73.275047259015082, 22.341621436807241 ], [ 73.275239440392852, 22.341621436807241 ], [ 73.275431621770664, 22.341621436807241 ], [ 73.275623803148449, 22.341621436807241 ], [ 73.275815984526233, 22.341532559250432 ], [ 73.276008165904045, 22.341532559250432 ], [ 73.276200347281815, 22.341532559250432 ], [ 73.276200347281815, 22.341354803966837 ], [ 73.276392528659628, 22.341354803966837 ], [ 73.276584710037426, 22.341354803966837 ], [ 73.276776891415224, 22.341354803966837 ], [ 73.276969072793008, 22.341354803966837 ], [ 73.277161254170807, 22.341265926240045 ], [ 73.277353435548605, 22.341265926240045 ], [ 73.27744952623749, 22.341443681636971 ], [ 73.27744952623749, 22.341621436807241 ], [ 73.27744952623749, 22.341799191750887 ], [ 73.27744952623749, 22.341976946467874 ], [ 73.27744952623749, 22.342154700958226 ], [ 73.27744952623749, 22.342332455221928 ], [ 73.27744952623749, 22.342510209258982 ], [ 73.27744952623749, 22.342687963069384 ], [ 73.27744952623749, 22.342865716653147 ], [ 73.27744952623749, 22.343043470010247 ], [ 73.27744952623749, 22.343221223140699 ], [ 73.27744952623749, 22.343398976044483 ], [ 73.27744952623749, 22.343576728721622 ], [ 73.27744952623749, 22.343754481172105 ], [ 73.27744952623749, 22.343932233395929 ], [ 73.277641707615288, 22.344198861306673 ], [ 73.277737798304187, 22.344465488707424 ], [ 73.277737798304187, 22.34473211559817 ], [ 73.277833888993086, 22.344998741978923 ], [ 73.278026070370871, 22.34526536784967 ], [ 73.278026070370871, 22.345443118146836 ], [ 73.27812216105977, 22.345709743167568 ], [ 73.27812216105977, 22.34588749289804 ], [ 73.27812216105977, 22.346065242401838 ], [ 73.27812216105977, 22.346242991678967 ], [ 73.27812216105977, 22.346420740729407 ], [ 73.27812216105977, 22.346598489553159 ], [ 73.27812216105977, 22.346776238150241 ], [ 73.27812216105977, 22.346953986520646 ], [ 73.278314342437568, 22.347042860620828 ], [ 73.278314342437568, 22.347220608651199 ], [ 73.278506523815366, 22.347309482581384 ], [ 73.278602614504251, 22.347487230271714 ], [ 73.27879479588205, 22.347487230271714 ], [ 73.278986977259848, 22.347487230271714 ], [ 73.278986977259848, 22.34766497773537 ], [ 73.279179158637632, 22.34766497773537 ], [ 73.27937134001543, 22.34766497773537 ], [ 73.279467430704329, 22.347842724972331 ], [ 73.279659612082128, 22.347842724972331 ], [ 73.279851793459912, 22.347842724972331 ], [ 73.28004397483771, 22.347842724972331 ], [ 73.280140065526595, 22.348109345402715 ], [ 73.280332246904393, 22.348109345402715 ], [ 73.280620518971091, 22.348109345402715 ], [ 73.280716609659976, 22.34837596532304 ], [ 73.280908791037774, 22.34837596532304 ], [ 73.281004881726673, 22.348642584733302 ], [ 73.281197063104472, 22.348642584733302 ], [ 73.281485335171155, 22.348642584733302 ], [ 73.281581425860054, 22.3489092036335 ], [ 73.281773607237852, 22.348998076486875 ], [ 73.282061879304536, 22.349175822023614 ], [ 73.282254060682334, 22.349175822023614 ], [ 73.282350151371233, 22.349353567333637 ], [ 73.282542332749017, 22.349442439903644 ], [ 73.282734514126815, 22.349442439903644 ], [ 73.283022786193499, 22.349442439903644 ], [ 73.283311058260196, 22.349620184873622 ], [ 73.283503239637994, 22.349620184873622 ], [ 73.283695421015778, 22.349620184873622 ], [ 73.283887602393577, 22.349620184873622 ], [ 73.284079783771361, 22.349620184873622 ], [ 73.284368055838058, 22.349709057273593 ], [ 73.284560237215857, 22.349709057273593 ], [ 73.284752418593641, 22.349709057273593 ], [ 73.284944599971439, 22.349886801903502 ], [ 73.285136781349223, 22.350153418423304 ], [ 73.285328962727021, 22.350153418423304 ], [ 73.28552114410482, 22.350153418423304 ], [ 73.285713325482604, 22.350331162486448 ], [ 73.285809416171503, 22.350508906322869 ], [ 73.286001597549301, 22.350508906322869 ], [ 73.286289869615999, 22.350508906322869 ], [ 73.286578141682682, 22.350508906322869 ], [ 73.286578141682682, 22.350686649932591 ], [ 73.286674232371595, 22.350864393315593 ], [ 73.286674232371595, 22.351042136471879 ], [ 73.286674232371595, 22.351219879401452 ], [ 73.286482050993783, 22.351308750781222 ], [ 73.286385960304884, 22.351486493370707 ], [ 73.286193778927114, 22.351575364580427 ], [ 73.286097688238215, 22.35175310682984 ], [ 73.286001597549301, 22.352019719778845 ], [ 73.285809416171503, 22.352019719778845 ], [ 73.28552114410482, 22.352375202917315 ], [ 73.28552114410482, 22.352552944146449 ], [ 73.285425053415921, 22.352730685148867 ], [ 73.285232872038122, 22.352730685148867 ], [ 73.285232872038122, 22.35290842592455 ], [ 73.285136781349223, 22.353086166473499 ], [ 73.28484850928254, 22.353352776871787 ], [ 73.28484850928254, 22.353530516853912 ], [ 73.284656327904742, 22.353708256609277 ], [ 73.284656327904742, 22.353885996137919 ], [ 73.284368055838058, 22.354152605005734 ], [ 73.28417587446026, 22.354330343967515 ], [ 73.28417587446026, 22.354508082702562 ], [ 73.283983693082476, 22.354508082702562 ], [ 73.283791511704678, 22.354508082702562 ], [ 73.283599330326879, 22.354508082702562 ], [ 73.283407148949095, 22.354508082702562 ], [ 73.283214967571297, 22.354508082702562 ], [ 73.283022786193499, 22.354508082702562 ], [ 73.282734514126815, 22.354596951985048 ], [ 73.282542332749017, 22.354596951985048 ], [ 73.282350151371233, 22.354596951985048 ], [ 73.282061879304536, 22.354596951985048 ], [ 73.281773607237852, 22.354596951985048 ], [ 73.281485335171155, 22.354596951985048 ], [ 73.281197063104472, 22.354596951985048 ], [ 73.281004881726673, 22.354596951985048 ], [ 73.281004881726673, 22.354774690379969 ], [ 73.281004881726673, 22.354952428548142 ], [ 73.281004881726673, 22.355130166489566 ], [ 73.281004881726673, 22.355307904204238 ], [ 73.281004881726673, 22.355485641692162 ], [ 73.281004881726673, 22.355663378953334 ], [ 73.281004881726673, 22.355841115987751 ], [ 73.280812700348861, 22.355841115987751 ], [ 73.280620518971091, 22.355841115987751 ], [ 73.280428337593293, 22.355841115987751 ], [ 73.280236156215494, 22.355841115987751 ], [ 73.28004397483771, 22.355841115987751 ], [ 73.279851793459912, 22.355841115987751 ], [ 73.279563521393229, 22.355841115987751 ], [ 73.27937134001543, 22.355841115987751 ], [ 73.279179158637632, 22.355841115987751 ], [ 73.278890886570949, 22.355841115987751 ], [ 73.278698705193136, 22.355841115987751 ], [ 73.278506523815366, 22.355841115987751 ], [ 73.278314342437568, 22.355841115987751 ], [ 73.278026070370871, 22.355841115987751 ], [ 73.277833888993086, 22.355841115987751 ], [ 73.277641707615288, 22.355841115987751 ], [ 73.27744952623749, 22.355841115987751 ], [ 73.277257344859706, 22.355841115987751 ], [ 73.277065163481907, 22.355841115987751 ], [ 73.276872982104095, 22.355841115987751 ], [ 73.276680800726325, 22.355929984419923 ], [ 73.276488619348527, 22.355929984419923 ], [ 73.276104256592944, 22.356107721114206 ], [ 73.275912075215146, 22.356107721114206 ], [ 73.275719893837334, 22.356107721114206 ], [ 73.275431621770664, 22.356107721114206 ], [ 73.275239440392852, 22.356107721114206 ], [ 73.275047259015082, 22.356107721114206 ], [ 73.274855077637284, 22.356107721114206 ], [ 73.274566805570601, 22.356285457581716 ], [ 73.274374624192802, 22.356285457581716 ], [ 73.27418244281499, 22.356285457581716 ], [ 73.27399026143722, 22.356285457581716 ], [ 73.273894170748321, 22.356018852795401 ], [ 73.273605898681623, 22.355929984419923 ], [ 73.273605898681623, 22.355752247498881 ], [ 73.273509807992738, 22.355485641692162 ], [ 73.27331762661494, 22.355485641692162 ], [ 73.273029354548243, 22.355219035375246 ], [ 73.272741082481559, 22.355130166489566 ], [ 73.272644991792646, 22.354952428548142 ], [ 73.272452810414862, 22.354863559492394 ], [ 73.272452810414862, 22.354685821210847 ], [ 73.272356719725977, 22.354508082702562 ], [ 73.272164538348179, 22.354508082702562 ], [ 73.271876266281467, 22.354330343967515 ], [ 73.271587994214784, 22.354152605005734 ], [ 73.271491903525899, 22.353974865817207 ], [ 73.271203631459187, 22.353885996137919 ], [ 73.270915359392518, 22.35379712640194 ], [ 73.270627087325821, 22.353708256609277 ], [ 73.270338815259137, 22.353530516853912 ], [ 73.270338815259137, 22.353352776871787 ], [ 73.270146633881325, 22.353263906795711 ], [ 73.269954452503555, 22.353263906795711 ], [ 73.269858361814656, 22.353086166473499 ], [ 73.269473999059073, 22.35290842592455 ], [ 73.269089636303462, 22.352819555565045 ], [ 73.269089636303462, 22.352641814676005 ], [ 73.268993545614578, 22.352464073560224 ], [ 73.26870527354788, 22.352375202917315 ], [ 73.26870527354788, 22.35219746146144 ], [ 73.268224820103413, 22.351930848852525 ], [ 73.268224820103413, 22.35166423573347 ], [ 73.267936548036701, 22.351486493370707 ], [ 73.267936548036701, 22.351308750781222 ], [ 73.267744366658931, 22.351308750781222 ], [ 73.267456094592234, 22.351308750781222 ], [ 73.267456094592234, 22.351486493370707 ], [ 73.26736000390332, 22.351841977869523 ], [ 73.26736000390332, 22.352019719778845 ], [ 73.26736000390332, 22.35219746146144 ], [ 73.26736000390332, 22.352375202917315 ], [ 73.26736000390332, 22.352552944146449 ], [ 73.26736000390332, 22.352730685148867 ], [ 73.26736000390332, 22.35290842592455 ], [ 73.26736000390332, 22.353086166473499 ], [ 73.26716782252555, 22.353263906795711 ], [ 73.266975641147752, 22.353263906795711 ], [ 73.26678345976994, 22.353263906795711 ], [ 73.266591278392156, 22.353263906795711 ], [ 73.266399097014371, 22.353352776871787 ], [ 73.266206915636559, 22.353352776871787 ], [ 73.266014734258775, 22.353530516853912 ], [ 73.265822552880977, 22.353530516853912 ], [ 73.265630371503192, 22.353530516853912 ], [ 73.265438190125408, 22.353530516853912 ], [ 73.265246008747596, 22.353619386759938 ], [ 73.265053827369812, 22.353619386759938 ], [ 73.264861645992028, 22.353619386759938 ], [ 73.264861645992028, 22.35379712640194 ], [ 73.264669464614215, 22.35379712640194 ], [ 73.264477283236431, 22.35379712640194 ], [ 73.264285101858647, 22.354152605005734 ], [ 73.263900739103065, 22.354419213363386 ], [ 73.263900739103065, 22.354596951985048 ], [ 73.263804648414165, 22.354774690379969 ], [ 73.263804648414165, 22.354952428548142 ], [ 73.263804648414165, 22.355130166489566 ], [ 73.263900739103065, 22.355307904204238 ], [ 73.264092920480834, 22.355396772976547 ], [ 73.264189011169734, 22.35557451035109 ], [ 73.264381192547546, 22.35557451035109 ], [ 73.264381192547546, 22.355752247498881 ], [ 73.264477283236431, 22.355929984419923 ], [ 73.264669464614215, 22.355929984419923 ], [ 73.264669464614215, 22.356196589376307 ], [ 73.264765555303114, 22.356463193822492 ], [ 73.264765555303114, 22.356640929836491 ], [ 73.26457337392533, 22.356729797758458 ], [ 73.264381192547546, 22.356729797758458 ], [ 73.263996829791949, 22.356818665623734 ], [ 73.263804648414165, 22.356818665623734 ], [ 73.263612467036353, 22.357085268879413 ], [ 73.263612467036353, 22.357263004099732 ], [ 73.263612467036353, 22.357440739093295 ], [ 73.263612467036353, 22.357618473860089 ], [ 73.263612467036353, 22.357885075585092 ], [ 73.263420285658555, 22.357973942713361 ], [ 73.263228104280785, 22.358062809784951 ], [ 73.262939832214073, 22.35832941065955 ], [ 73.262843741525174, 22.358507144292478 ], [ 73.262843741525174, 22.358684877698625 ], [ 73.26265156014739, 22.358862610878003 ], [ 73.26265156014739, 22.359040343830593 ], [ 73.262843741525174, 22.359040343830593 ], [ 73.262939832214073, 22.359218076556402 ], [ 73.263132013591871, 22.359218076556402 ], [ 73.263324194969684, 22.359218076556402 ], [ 73.263420285658555, 22.359395809055432 ], [ 73.263612467036353, 22.359573541327673 ], [ 73.263708557725252, 22.359751273373139 ], [ 73.263708557725252, 22.359929005191798 ], [ 73.263708557725252, 22.360106736783685 ], [ 73.263708557725252, 22.360284468148777 ], [ 73.263708557725252, 22.360462199287081 ], [ 73.263612467036353, 22.360639930198591 ], [ 73.263612467036353, 22.36090652614061 ], [ 73.263612467036353, 22.361084256485125 ], [ 73.263420285658555, 22.361173121572342 ], [ 73.263228104280785, 22.361173121572342 ], [ 73.262939832214073, 22.361173121572342 ], [ 73.262747650836303, 22.361173121572342 ], [ 73.262555469458491, 22.361173121572342 ], [ 73.262363288080692, 22.361173121572342 ], [ 73.262075016014009, 22.361173121572342 ], [ 73.261786743947312, 22.36099539134122 ], [ 73.261786743947312, 22.360817660883303 ], [ 73.261786743947312, 22.360639930198591 ], [ 73.261786743947312, 22.360462199287081 ], [ 73.261498471880628, 22.360284468148777 ], [ 73.261498471880628, 22.360106736783685 ], [ 73.26130629050283, 22.360017871016094 ], [ 73.261114109125046, 22.359929005191798 ], [ 73.260825837058348, 22.359751273373139 ], [ 73.260633655680564, 22.35966240737875 ], [ 73.260345383613881, 22.359573541327673 ], [ 73.260057111547184, 22.359484675219907 ], [ 73.259768839480486, 22.359395809055432 ], [ 73.259576658102702, 22.359306942834266 ], [ 73.259288386036019, 22.359129210221845 ], [ 73.259096204658206, 22.359040343830593 ], [ 73.259000113969321, 22.358862610878003 ], [ 73.258807932591537, 22.358862610878003 ], [ 73.258615751213725, 22.358773744316657 ], [ 73.258423569835912, 22.358684877698625 ], [ 73.258423569835912, 22.358507144292478 ], [ 73.257943116391431, 22.358240543758047 ], [ 73.257654844324762, 22.358151676799849 ], [ 73.257654844324762, 22.357973942713361 ], [ 73.257654844324762, 22.357796208400117 ], [ 73.257654844324762, 22.357618473860089 ], [ 73.257366572258064, 22.357529606505043 ], [ 73.257366572258064, 22.357351871624864 ], [ 73.257078300191381, 22.357174136517916 ], [ 73.257078300191381, 22.356996401184212 ], [ 73.256886118813568, 22.356996401184212 ], [ 73.256597846746899, 22.356818665623734 ], [ 73.256309574680216, 22.356729797758458 ], [ 73.256309574680216, 22.35655206185784 ], [ 73.256117393302418, 22.356463193822492 ], [ 73.25592521192462, 22.356463193822492 ], [ 73.255733030546821, 22.356463193822492 ], [ 73.255540849169037, 22.356374325730453 ], [ 73.255348667791239, 22.356374325730453 ], [ 73.255348667791239, 22.356196589376307 ], [ 73.255156486413441, 22.356196589376307 ], [ 73.254964305035656, 22.356196589376307 ], [ 73.254772123657858, 22.356196589376307 ], [ 73.254579942280074, 22.356107721114206 ], [ 73.254291670213377, 22.356018852795401 ], [ 73.254099488835578, 22.355929984419923 ], [ 73.253907307457794, 22.355841115987751 ], [ 73.253619035391097, 22.355752247498881 ], [ 73.253426854013284, 22.35557451035109 ], [ 73.253138581946615, 22.355485641692162 ], [ 73.252850309879904, 22.355307904204238 ], [ 73.252562037813234, 22.355130166489566 ], [ 73.252273765746537, 22.355041297547192 ], [ 73.252081584368753, 22.354952428548142 ], [ 73.25188940299094, 22.354863559492394 ], [ 73.251697221613171, 22.354863559492394 ], [ 73.251505040235372, 22.354863559492394 ], [ 73.25131285885756, 22.354774690379969 ], [ 73.25112067747979, 22.354774690379969 ], [ 73.250832405413078, 22.354774690379969 ], [ 73.250640224035308, 22.354774690379969 ], [ 73.250255861279712, 22.354685821210847 ], [ 73.250063679901928, 22.354685821210847 ], [ 73.249871498524129, 22.354685821210847 ], [ 73.249679317146331, 22.354685821210847 ], [ 73.249391045079648, 22.354685821210847 ], [ 73.249198863701849, 22.354685821210847 ], [ 73.249006682324037, 22.354685821210847 ], [ 73.248814500946267, 22.354685821210847 ], [ 73.24852622887957, 22.354685821210847 ], [ 73.248334047501757, 22.354685821210847 ], [ 73.248141866123987, 22.354685821210847 ], [ 73.247853594057275, 22.354685821210847 ], [ 73.247661412679506, 22.354685821210847 ], [ 73.247469231301707, 22.354685821210847 ], [ 73.247277049923895, 22.354685821210847 ], [ 73.247084868546125, 22.354685821210847 ], [ 73.246892687168312, 22.354685821210847 ], [ 73.246604415101643, 22.354685821210847 ], [ 73.246316143034932, 22.354685821210847 ], [ 73.246123961657162, 22.354685821210847 ], [ 73.245931780279363, 22.354685821210847 ], [ 73.245547417523781, 22.354685821210847 ], [ 73.245355236145983, 22.354685821210847 ], [ 73.245163054768184, 22.354685821210847 ], [ 73.2449708733904, 22.354685821210847 ], [ 73.244778692012588, 22.354685821210847 ], [ 73.244298238568106, 22.354685821210847 ], [ 73.244106057190322, 22.354685821210847 ], [ 73.24391387581251, 22.354685821210847 ], [ 73.243721694434726, 22.354685821210847 ], [ 73.243529513056941, 22.354685821210847 ], [ 73.243337331679129, 22.354685821210847 ], [ 73.243145150301331, 22.354685821210847 ], [ 73.242856878234647, 22.354685821210847 ], [ 73.242568606167978, 22.354685821210847 ], [ 73.242376424790166, 22.354685821210847 ], [ 73.242376424790166, 22.354508082702562 ], [ 73.242184243412382, 22.354419213363386 ], [ 73.242184243412382, 22.354241474514971 ], [ 73.241992062034598, 22.354152605005734 ], [ 73.241992062034598, 22.353974865817207 ], [ 73.2417037899679, 22.353885996137919 ], [ 73.241511608590116, 22.353708256609277 ], [ 73.241319427212304, 22.353619386759938 ], [ 73.241127245834519, 22.353619386759938 ], [ 73.240935064456735, 22.353530516853912 ], [ 73.240646792390024, 22.353441646891195 ], [ 73.240454611012254, 22.353441646891195 ], [ 73.240166338945542, 22.353441646891195 ], [ 73.239878066878873, 22.353352776871787 ], [ 73.239493704123262, 22.353175036662947 ], [ 73.239301522745478, 22.353175036662947 ], [ 73.23910934136768, 22.353175036662947 ], [ 73.238821069300997, 22.353086166473499 ], [ 73.238628887923198, 22.353086166473499 ], [ 73.238532797234313, 22.35290842592455 ], [ 73.238340615856501, 22.35290842592455 ], [ 73.238052343789803, 22.35290842592455 ], [ 73.237764071723134, 22.352819555565045 ], [ 73.237571890345336, 22.352730685148867 ], [ 73.237379708967538, 22.352730685148867 ], [ 73.237091436900855, 22.352641814676005 ], [ 73.236899255523056, 22.352464073560224 ], [ 73.236707074145272, 22.352464073560224 ], [ 73.23651489276746, 22.352375202917315 ], [ 73.236322711389676, 22.352375202917315 ], [ 73.236130530011891, 22.352286332217716 ], [ 73.235842257945194, 22.35219746146144 ], [ 73.235457895189626, 22.351930848852525 ], [ 73.235265713811813, 22.351930848852525 ], [ 73.234881351056245, 22.35175310682984 ], [ 73.234881351056245, 22.351575364580427 ], [ 73.234689169678433, 22.351575364580427 ], [ 73.234400897611735, 22.351486493370707 ], [ 73.234208716233951, 22.351397622104297 ], [ 73.234016534856153, 22.351397622104297 ], [ 73.234016534856153, 22.351219879401452 ], [ 73.233728262789469, 22.351219879401452 ], [ 73.233439990722772, 22.351131007965005 ], [ 73.233343900033873, 22.350953264922079 ], [ 73.233151718656089, 22.350953264922079 ], [ 73.232767355900506, 22.350864393315593 ], [ 73.232575174522708, 22.350864393315593 ], [ 73.23238299314491, 22.350686649932591 ], [ 73.232190811767126, 22.350597778156072 ], [ 73.231998630389327, 22.350597778156072 ], [ 73.231710358322644, 22.350420034433 ], [ 73.231422086255947, 22.350331162486448 ], [ 73.231133814189235, 22.350153418423304 ], [ 73.230845542122566, 22.350064546306712 ], [ 73.230845542122566, 22.349886801903502 ], [ 73.230461179366984, 22.349797929616884 ], [ 73.230268997989185, 22.349797929616884 ], [ 73.230268997989185, 22.349620184873622 ], [ 73.229980725922488, 22.349620184873622 ], [ 73.229788544544704, 22.349531312416968 ], [ 73.229500272477992, 22.349442439903644 ], [ 73.229212000411323, 22.349353567333637 ], [ 73.229115909722424, 22.349175822023614 ], [ 73.228923728344625, 22.349175822023614 ], [ 73.228731546966841, 22.349086949283578 ], [ 73.228347184211245, 22.348998076486875 ], [ 73.228058912144562, 22.348820330723441 ], [ 73.227770640077878, 22.34873145775671 ], [ 73.22757845870008, 22.34873145775671 ], [ 73.227290186633397, 22.348553711653224 ], [ 73.227001914566699, 22.348464838516474 ], [ 73.226617551811117, 22.348287092072944 ], [ 73.226425370433304, 22.348287092072944 ], [ 73.22623318905552, 22.348198218766161 ], [ 73.226041007677708, 22.348198218766161 ], [ 73.22565664492214, 22.34802047198259 ], [ 73.225464463544327, 22.34802047198259 ], [ 73.225080100788745, 22.347842724972331 ], [ 73.224791828722076, 22.34775385138218 ], [ 73.224599647344277, 22.34775385138218 ], [ 73.224215284588695, 22.34757610403188 ], [ 73.224023103210882, 22.34757610403188 ], [ 73.223830921833098, 22.34757610403188 ], [ 73.223542649766415, 22.347487230271714 ], [ 73.223350468388617, 22.347398356454885 ], [ 73.223350468388617, 22.347220608651199 ], [ 73.223158287010833, 22.347220608651199 ], [ 73.223062196321933, 22.346953986520646 ], [ 73.222870014944107, 22.346953986520646 ], [ 73.222870014944107, 22.346776238150241 ], [ 73.222581742877452, 22.34668736388004 ], [ 73.222293470810754, 22.346509615169619 ], [ 73.22210128943297, 22.346420740729407 ], [ 73.222005198744071, 22.346242991678967 ], [ 73.222005198744071, 22.345976367678269 ], [ 73.221716926677374, 22.34588749289804 ], [ 73.221716926677374, 22.345709743167568 ], [ 73.221716926677374, 22.345531993210418 ], [ 73.22162083598846, 22.34526536784967 ], [ 73.22152474529959, 22.344998741978923 ], [ 73.221332563921777, 22.344998741978923 ], [ 73.221332563921777, 22.34473211559817 ], [ 73.220948201166209, 22.344465488707424 ], [ 73.220659929099511, 22.344198861306673 ], [ 73.220659929099511, 22.343932233395929 ], [ 73.220371657032814, 22.343754481172105 ], [ 73.220371657032814, 22.343487852411393 ], [ 73.22017947565503, 22.343398976044483 ], [ 73.22017947565503, 22.343221223140699 ], [ 73.219891203588332, 22.343132346603802 ], [ 73.219891203588332, 22.34295459336003 ], [ 73.219795112899433, 22.342687963069384 ], [ 73.219602931521649, 22.342599086192518 ], [ 73.219602931521649, 22.342421332268785 ], [ 73.219506840832736, 22.342154700958226 ], [ 73.219314659454952, 22.342065823741383 ], [ 73.219314659454952, 22.341888069137713 ], [ 73.219122478077168, 22.341799191750887 ], [ 73.219122478077168, 22.341532559250432 ], [ 73.219122478077168, 22.341354803966837 ], [ 73.218930296699355, 22.341354803966837 ], [ 73.218930296699355, 22.341177048456597 ], [ 73.21883420601047, 22.340910414766292 ], [ 73.218642024632686, 22.340910414766292 ], [ 73.218642024632686, 22.340643780566054 ], [ 73.218353752565974, 22.340554902385986 ], [ 73.218353752565974, 22.340377145855886 ], [ 73.218353752565974, 22.340199389099144 ], [ 73.21825766187709, 22.339932753539113 ], [ 73.218161571188205, 22.339754996215806 ], [ 73.218161571188205, 22.339577238665868 ], [ 73.218161571188205, 22.339310601916043 ], [ 73.217777208432608, 22.339221722886116 ], [ 73.217777208432608, 22.339043964656312 ], [ 73.217777208432608, 22.338866206199885 ], [ 73.217777208432608, 22.33868844751683 ], [ 73.217681117743723, 22.338421809067345 ], [ 73.217681117743723, 22.338244049817749 ], [ 73.217585027054824, 22.338066290341537 ], [ 73.217585027054824, 22.337799650702323 ], [ 73.217392845677011, 22.337799650702323 ], [ 73.217392845677011, 22.337533010553233 ], [ 73.217392845677011, 22.337355250170578 ], [ 73.217296754988112, 22.337177489561309 ], [ 73.217296754988112, 22.336999728725438 ], [ 73.217296754988112, 22.336821967662967 ], [ 73.217296754988112, 22.336644206373883 ], [ 73.217296754988112, 22.336466444858196 ], [ 73.217296754988112, 22.336288683115921 ], [ 73.217296754988112, 22.336110921147036 ], [ 73.217296754988112, 22.335933158951555 ], [ 73.217296754988112, 22.335755396529475 ], [ 73.217296754988112, 22.335577633880799 ], [ 73.217296754988112, 22.335310989482927 ], [ 73.217296754988112, 22.335044344575223 ], [ 73.217296754988112, 22.334866581020183 ], [ 73.217296754988112, 22.334688817238565 ], [ 73.217296754988112, 22.334511053230347 ], [ 73.217296754988112, 22.334333288995552 ], [ 73.217296754988112, 22.334066642218506 ], [ 73.217200664299213, 22.333799994931653 ], [ 73.21691239223253, 22.333711112389413 ], [ 73.21691239223253, 22.333533347134999 ], [ 73.216624120165832, 22.333444464422822 ], [ 73.216624120165832, 22.333266698828538 ], [ 73.216431938788048, 22.333177815946438 ], [ 73.216431938788048, 22.333000050012288 ], [ 73.216431938788048, 22.332822283851566 ], [ 73.216143666721351, 22.332733400686248 ], [ 73.216143666721351, 22.33255563418567 ], [ 73.216143666721351, 22.332288984009999 ], [ 73.215951485343567, 22.332200100504824 ], [ 73.215951485343567, 22.332022333324545 ], [ 73.215855394654668, 22.331755682129316 ], [ 73.215759303965768, 22.331489030424326 ], [ 73.21556712258797, 22.331489030424326 ], [ 73.21556712258797, 22.331222378209567 ], [ 73.215471031899071, 22.330955725485047 ], [ 73.215182759832402, 22.330866841130266 ], [ 73.215182759832402, 22.330689072250784 ], [ 73.214894487765704, 22.330600187726088 ], [ 73.214894487765704, 22.330422418506764 ], [ 73.214894487765704, 22.330244649060898 ], [ 73.214894487765704, 22.329977994467313 ], [ 73.214894487765704, 22.329800224455077 ], [ 73.214798397076805, 22.329622454216281 ], [ 73.214798397076805, 22.329444683750946 ], [ 73.214606215699021, 22.329444683750946 ], [ 73.214606215699021, 22.329266913059065 ], [ 73.214606215699021, 22.329089142140635 ], [ 73.214510125010108, 22.32882248533824 ], [ 73.214510125010108, 22.328644713853453 ], [ 73.214510125010108, 22.328466942142146 ], [ 73.214414034321209, 22.328289170204297 ], [ 73.214414034321209, 22.328111398039905 ], [ 73.214317943632324, 22.327933625648981 ], [ 73.214221852943425, 22.327755853031523 ], [ 73.214221852943425, 22.327578080187539 ], [ 73.214029671565626, 22.327489193680606 ], [ 73.213933580876727, 22.327311420496823 ], [ 73.213645308810058, 22.327222533819988 ], [ 73.213453127432246, 22.327222533819988 ], [ 73.213260946054461, 22.327222533819988 ], [ 73.213068764676677, 22.327133647086519 ], [ 73.212876583298865, 22.327133647086519 ], [ 73.212684401921081, 22.327133647086519 ], [ 73.212492220543282, 22.327133647086519 ], [ 73.212300039165484, 22.327133647086519 ], [ 73.212011767098815, 22.327133647086519 ], [ 73.211819585721003, 22.327044760296413 ], [ 73.211627404343218, 22.327044760296413 ], [ 73.21143522296542, 22.327044760296413 ], [ 73.211243041587622, 22.327044760296413 ], [ 73.211050860209824, 22.327044760296413 ], [ 73.210858678832039, 22.327044760296413 ], [ 73.210666497454241, 22.327044760296413 ], [ 73.210474316076443, 22.327044760296413 ], [ 73.210282134698659, 22.327044760296413 ], [ 73.210089953320875, 22.327044760296413 ], [ 73.209897771943076, 22.327044760296413 ], [ 73.209705590565278, 22.327044760296413 ], [ 73.20951340918748, 22.327044760296413 ], [ 73.209321227809696, 22.327044760296413 ], [ 73.209129046431897, 22.327044760296413 ], [ 73.208936865054099, 22.327044760296413 ], [ 73.208744683676315, 22.327044760296413 ], [ 73.208552502298517, 22.327044760296413 ], [ 73.208456411609617, 22.326866986546321 ], [ 73.208264230231833, 22.326866986546321 ], [ 73.208168139542934, 22.326689212569697 ], [ 73.208168139542934, 22.326511438366555 ], [ 73.207975958165136, 22.326422551180041 ], [ 73.207783776787338, 22.326244776637115 ], [ 73.207783776787338, 22.326067001867667 ], [ 73.207783776787338, 22.325889226871713 ], [ 73.207495504720654, 22.325711451649237 ], [ 73.207495504720654, 22.325444788390808 ], [ 73.207495504720654, 22.32526701260204 ], [ 73.207687686098424, 22.325355900524738 ], [ 73.207879867476237, 22.325355900524738 ], [ 73.208072048854035, 22.325444788390808 ], [ 73.208264230231833, 22.325444788390808 ], [ 73.208552502298517, 22.325444788390808 ], [ 73.208840774365214, 22.325444788390808 ], [ 73.209129046431897, 22.325444788390808 ], [ 73.209321227809696, 22.325444788390808 ], [ 73.20951340918748, 22.325444788390808 ], [ 73.209705590565278, 22.325444788390808 ], [ 73.209897771943076, 22.325533676200234 ], [ 73.210089953320875, 22.325533676200234 ], [ 73.210282134698659, 22.325533676200234 ], [ 73.210570406765342, 22.325533676200234 ], [ 73.210858678832039, 22.325533676200234 ], [ 73.211050860209824, 22.325533676200234 ], [ 73.211339132276521, 22.325533676200234 ], [ 73.211627404343218, 22.325533676200234 ], [ 73.211819585721003, 22.325533676200234 ], [ 73.212011767098815, 22.325533676200234 ], [ 73.212203948476585, 22.325533676200234 ], [ 73.212492220543282, 22.325533676200234 ], [ 73.212780492609966, 22.325444788390808 ], [ 73.212972673987764, 22.325444788390808 ], [ 73.213068764676677, 22.32526701260204 ], [ 73.213260946054461, 22.32526701260204 ], [ 73.213357036743346, 22.32508923658677 ], [ 73.213549218121159, 22.32508923658677 ], [ 73.213837490187842, 22.325000348494186 ], [ 73.214029671565626, 22.325000348494186 ], [ 73.21412576225454, 22.324822572139155 ], [ 73.214317943632324, 22.324822572139155 ], [ 73.214606215699021, 22.324733683876691 ], [ 73.214702306387892, 22.324555907181892 ], [ 73.214894487765704, 22.324555907181892 ], [ 73.215086669143489, 22.324467018749552 ], [ 73.215086669143489, 22.324289241715004 ], [ 73.215086669143489, 22.324111464453946 ], [ 73.215086669143489, 22.323933686966384 ], [ 73.215086669143489, 22.323755909252313 ], [ 73.214894487765704, 22.323578131311752 ], [ 73.214894487765704, 22.323400353144702 ], [ 73.214702306387892, 22.323311463976232 ], [ 73.214702306387892, 22.323133685469426 ], [ 73.214414034321209, 22.323044796131093 ], [ 73.214414034321209, 22.322867017284548 ], [ 73.21412576225454, 22.322778127776346 ], [ 73.213837490187842, 22.32268923821151 ], [ 73.213741399498943, 22.322511458911986 ], [ 73.213549218121159, 22.322511458911986 ], [ 73.213453127432246, 22.322244789538026 ], [ 73.213260946054461, 22.322244789538026 ], [ 73.212972673987764, 22.322067009672281 ], [ 73.212876583298865, 22.321889229580048 ], [ 73.213645308810058, 22.324022575738471 ] ] ] } },
{ "type": "Feature", "properties": { "fid": 13, "ward_id": 3 }, "geometry": { "type": "Polygon", "coordinates": [ [ [ 73.180590111829559, 22.310866421594401 ], [ 73.180590111829559, 22.310688627236427 ], [ 73.180782293207329, 22.310688627236427 ], [ 73.181070565274041, 22.310688627236427 ], [ 73.181262746651825, 22.310688627236427 ], [ 73.181454928029609, 22.310688627236427 ], [ 73.181647109407422, 22.310688627236427 ], [ 73.18183929078522, 22.310688627236427 ], [ 73.182127562851903, 22.310688627236427 ], [ 73.182415834918601, 22.310688627236427 ], [ 73.182704106985284, 22.310688627236427 ], [ 73.182896288363082, 22.310688627236427 ], [ 73.183088469740881, 22.310688627236427 ], [ 73.183280651118636, 22.310688627236427 ], [ 73.183568923185362, 22.310688627236427 ], [ 73.183761104563146, 22.310688627236427 ], [ 73.183953285940945, 22.310688627236427 ], [ 73.184145467318743, 22.310599729972555 ], [ 73.184241558007642, 22.310333037841335 ], [ 73.184433739385426, 22.310333037841335 ], [ 73.184529830074325, 22.310155242804189 ], [ 73.184625920763224, 22.309977447540657 ], [ 73.184818102140994, 22.309888549823999 ], [ 73.185010283518807, 22.309888549823999 ], [ 73.185202464896605, 22.309888549823999 ], [ 73.185394646274375, 22.309888549823999 ], [ 73.185586827652187, 22.309888549823999 ], [ 73.185779009029986, 22.309888549823999 ], [ 73.186067281096669, 22.309888549823999 ], [ 73.186355553163338, 22.309799652050742 ], [ 73.186547734541151, 22.309710754220891 ], [ 73.18664382523005, 22.309532958391387 ], [ 73.186932097296747, 22.309444060391744 ], [ 73.186932097296747, 22.309266264222664 ], [ 73.187124278674531, 22.309266264222664 ], [ 73.18731646005233, 22.309177366053234 ], [ 73.187508641430128, 22.309088467827205 ], [ 73.187796913496811, 22.308910671205361 ], [ 73.187989094874609, 22.308910671205361 ], [ 73.188085185563509, 22.308732874357137 ], [ 73.188277366941293, 22.308732874357137 ], [ 73.188469548319091, 22.308643975848135 ], [ 73.188661729696875, 22.308643975848135 ], [ 73.188853911074673, 22.308643975848135 ], [ 73.189046092452472, 22.308643975848135 ], [ 73.189142183141371, 22.308821772809548 ], [ 73.189238273830256, 22.308999569544575 ], [ 73.189238273830256, 22.309177366053234 ], [ 73.189334364519155, 22.309444060391744 ], [ 73.189430455208054, 22.309621856334434 ], [ 73.189718727274737, 22.309710754220891 ], [ 73.189718727274737, 22.309888549823999 ], [ 73.189910908652536, 22.309977447540657 ], [ 73.190103090030334, 22.310244140351063 ], [ 73.190295271408118, 22.310244140351063 ], [ 73.190391362097017, 22.310421935275006 ], [ 73.190583543474816, 22.310421935275006 ], [ 73.190871815541499, 22.310777524443715 ], [ 73.191063996919297, 22.310777524443715 ], [ 73.191063996919297, 22.310955318688482 ], [ 73.19125617829711, 22.310955318688482 ], [ 73.191448359674865, 22.310955318688482 ], [ 73.191640541052678, 22.310955318688482 ], [ 73.19183272243049, 22.310955318688482 ], [ 73.192024903808274, 22.311044215725957 ], [ 73.192217085186059, 22.311044215725957 ], [ 73.192505357252756, 22.311044215725957 ], [ 73.19269753863054, 22.311044215725957 ], [ 73.192889720008324, 22.311044215725957 ], [ 73.192889720008324, 22.31122200963113 ], [ 73.192985810697238, 22.3113998033099 ], [ 73.193081901386137, 22.311666493403553 ], [ 73.193081901386137, 22.311844286516319 ], [ 73.193274082763921, 22.311844286516319 ], [ 73.193466264141719, 22.312199872062628 ], [ 73.193658445519503, 22.312199872062628 ], [ 73.193658445519503, 22.312377664496179 ], [ 73.193754536208402, 22.312555456703326 ], [ 73.193946717586201, 22.312822144589518 ], [ 73.1940428082751, 22.312999936230636 ], [ 73.1940428082751, 22.313177727645339 ], [ 73.1940428082751, 22.313444414342861 ], [ 73.194138898963999, 22.313622205191518 ], [ 73.194234989652884, 22.313799995813763 ], [ 73.194331080341783, 22.314066681322597 ], [ 73.194523261719581, 22.314422261208566 ], [ 73.19461935240848, 22.314688945528673 ], [ 73.19461935240848, 22.314866734792378 ], [ 73.19461935240848, 22.315044523829656 ], [ 73.19461935240848, 22.315222312640508 ], [ 73.194715443097365, 22.315400101224924 ], [ 73.194907624475178, 22.315488995432226 ], [ 73.195099805852962, 22.315488995432226 ], [ 73.195388077919645, 22.315666783676992 ], [ 73.195580259297444, 22.315666783676992 ], [ 73.195772440675256, 22.315666783676992 ], [ 73.195964622053026, 22.315666783676992 ], [ 73.196252894119738, 22.315666783676992 ], [ 73.196541166186407, 22.315666783676992 ], [ 73.196829438253118, 22.315666783676992 ], [ 73.197021619630902, 22.315666783676992 ], [ 73.197213801008687, 22.315666783676992 ], [ 73.197405982386499, 22.315666783676992 ], [ 73.197598163764269, 22.315755677714463 ], [ 73.197790345142081, 22.315755677714463 ], [ 73.198078617208765, 22.315844571695322 ], [ 73.19817470789765, 22.31611125329826 ], [ 73.198366889275462, 22.31611125329826 ], [ 73.198366889275462, 22.316289040750501 ], [ 73.198462979964333, 22.316466827976306 ], [ 73.198655161342131, 22.316466827976306 ], [ 73.198655161342131, 22.316644614975669 ], [ 73.198655161342131, 22.316822401748592 ], [ 73.198655161342131, 22.317000188295061 ], [ 73.198655161342131, 22.317177974615095 ], [ 73.198655161342131, 22.317355760708683 ], [ 73.198655161342131, 22.317622439424468 ], [ 73.198655161342131, 22.317800224951927 ], [ 73.198270798586549, 22.318155795327492 ], [ 73.197982526519866, 22.318422472514726 ], [ 73.197790345142081, 22.318422472514726 ], [ 73.197790345142081, 22.318689149192441 ], [ 73.197502073075384, 22.318955825360614 ], [ 73.197117710319787, 22.319222501019251 ], [ 73.197117710319787, 22.319400284508596 ], [ 73.197117710319787, 22.319578067771474 ], [ 73.197117710319787, 22.319755850807894 ], [ 73.197117710319787, 22.319933633617847 ], [ 73.197117710319787, 22.320111416201321 ], [ 73.197117710319787, 22.320289198558335 ], [ 73.1973098916976, 22.320644762592941 ], [ 73.197502073075384, 22.320733653460042 ], [ 73.197694254453168, 22.320822544270541 ], [ 73.197982526519866, 22.32091143502441 ], [ 73.19817470789765, 22.32091143502441 ], [ 73.198366889275462, 22.32091143502441 ], [ 73.198559070653246, 22.32091143502441 ], [ 73.19875125203103, 22.32091143502441 ], [ 73.198943433408843, 22.321000325721656 ], [ 73.199135614786627, 22.321000325721656 ], [ 73.199327796164411, 22.321000325721656 ], [ 73.199519977542209, 22.321000325721656 ], [ 73.199712158919993, 22.321000325721656 ], [ 73.199904340297806, 22.321000325721656 ], [ 73.200192612364503, 22.32091143502441 ], [ 73.200288703053403, 22.320733653460042 ], [ 73.200480884431187, 22.320733653460042 ], [ 73.200673065808985, 22.320644762592941 ], [ 73.200961337875668, 22.320555871669217 ], [ 73.201153519253452, 22.320555871669217 ], [ 73.201153519253452, 22.320378089651918 ], [ 73.201441791320164, 22.320378089651918 ], [ 73.201441791320164, 22.320555871669217 ], [ 73.201441791320164, 22.320733653460042 ], [ 73.201537882009049, 22.32091143502441 ], [ 73.201537882009049, 22.321089216362285 ], [ 73.201537882009049, 22.321266997473685 ], [ 73.201633972697934, 22.321533668716139 ], [ 73.201633972697934, 22.321711449261333 ], [ 73.201826154075746, 22.322067009672285 ], [ 73.201826154075746, 22.322244789538036 ], [ 73.201922244764646, 22.322422569177284 ], [ 73.201922244764646, 22.322600348590061 ], [ 73.201922244764646, 22.322778127776346 ], [ 73.201922244764646, 22.322955906736137 ], [ 73.201922244764646, 22.323222574751142 ], [ 73.202018335453531, 22.323489242256542 ], [ 73.202018335453531, 22.323667020310349 ], [ 73.202018335453531, 22.323933686966384 ], [ 73.202210516831315, 22.324022575738478 ], [ 73.202210516831315, 22.324200353112786 ], [ 73.202210516831315, 22.324378130260595 ], [ 73.202210516831315, 22.324555907181903 ], [ 73.202210516831315, 22.324733683876701 ], [ 73.202210516831315, 22.324911460344989 ], [ 73.202210516831315, 22.325089236586773 ], [ 73.202210516831315, 22.325267012602048 ], [ 73.202210516831315, 22.325444788390808 ], [ 73.202210516831315, 22.325622563953061 ], [ 73.202210516831315, 22.325800339288797 ], [ 73.202210516831315, 22.325978114398005 ], [ 73.202306607520228, 22.326244776637115 ], [ 73.202306607520228, 22.326422551180045 ], [ 73.202594879586897, 22.326422551180045 ], [ 73.202883151653609, 22.326511438366559 ], [ 73.203075333031393, 22.326511438366559 ], [ 73.203267514409177, 22.326511438366559 ], [ 73.203459695786989, 22.326511438366559 ], [ 73.203651877164759, 22.326511438366559 ], [ 73.203844058542572, 22.326511438366559 ], [ 73.20403623992037, 22.326511438366559 ], [ 73.20422842129814, 22.326511438366559 ], [ 73.204420602675953, 22.326511438366559 ], [ 73.204612784053751, 22.326511438366559 ], [ 73.204804965431521, 22.326511438366559 ], [ 73.204997146809333, 22.326600325496447 ], [ 73.205093237498204, 22.326866986546328 ], [ 73.205285418876031, 22.326866986546328 ], [ 73.205573690942714, 22.326955873449684 ], [ 73.205573690942714, 22.327133647086519 ], [ 73.205861963009411, 22.327222533819992 ], [ 73.20615023507608, 22.327222533819992 ], [ 73.206246325764994, 22.327400307117038 ], [ 73.206438507142792, 22.32766696663786 ], [ 73.206534597831677, 22.327844739368572 ], [ 73.206726779209475, 22.327844739368572 ], [ 73.207015051276173, 22.327933625648992 ], [ 73.207207232653943, 22.327933625648992 ], [ 73.207399414031755, 22.327933625648992 ], [ 73.207591595409554, 22.327844739368572 ], [ 73.207687686098424, 22.32766696663786 ], [ 73.207879867476237, 22.327578080187546 ], [ 73.207879867476237, 22.327400307117038 ], [ 73.207879867476237, 22.327222533819992 ], [ 73.208168139542906, 22.327133647086519 ], [ 73.208360320920718, 22.327133647086519 ], [ 73.208552502298517, 22.327133647086519 ], [ 73.208744683676287, 22.327133647086519 ], [ 73.208936865054099, 22.327133647086519 ], [ 73.209225137120768, 22.327133647086519 ], [ 73.209417318498581, 22.327133647086519 ], [ 73.209609499876379, 22.327133647086519 ], [ 73.209801681254177, 22.327133647086519 ], [ 73.209993862631961, 22.327133647086519 ], [ 73.21018604400976, 22.327133647086519 ], [ 73.210378225387558, 22.327133647086519 ], [ 73.210570406765342, 22.327133647086519 ], [ 73.21076258814314, 22.327133647086519 ], [ 73.210954769520939, 22.327133647086519 ], [ 73.211146950898723, 22.327133647086519 ], [ 73.211339132276521, 22.327133647086519 ], [ 73.211531313654305, 22.327133647086519 ], [ 73.211723495032103, 22.327133647086519 ], [ 73.211915676409902, 22.327133647086519 ], [ 73.212203948476585, 22.327133647086519 ], [ 73.212492220543282, 22.327133647086519 ], [ 73.212684401921067, 22.327133647086519 ], [ 73.212876583298865, 22.327133647086519 ], [ 73.213068764676663, 22.327222533819992 ], [ 73.213260946054433, 22.327222533819992 ], [ 73.213260946054433, 22.327400307117038 ], [ 73.213453127432246, 22.327400307117038 ], [ 73.213741399498929, 22.327489193680613 ], [ 73.213837490187828, 22.327755853031523 ], [ 73.214029671565626, 22.327844739368572 ], [ 73.21412576225454, 22.328022511872767 ], [ 73.214221852943425, 22.328289170204297 ], [ 73.214317943632295, 22.32846694214215 ], [ 73.214414034321209, 22.328644713853461 ], [ 73.214414034321209, 22.32891137099568 ], [ 73.214606215699021, 22.32891137099568 ], [ 73.214606215699021, 22.329178027628178 ], [ 73.214606215699021, 22.32935579843333 ], [ 73.214606215699021, 22.329533569011936 ], [ 73.214798397076805, 22.329533569011936 ], [ 73.214798397076805, 22.329711339364003 ], [ 73.21489448776569, 22.329889109489521 ], [ 73.21489448776569, 22.330066879388486 ], [ 73.214990578454589, 22.330244649060898 ], [ 73.215182759832402, 22.330333533812158 ], [ 73.215182759832402, 22.330511303144753 ], [ 73.215374941210186, 22.330600187726091 ], [ 73.215374941210186, 22.330777956718851 ], [ 73.215471031899071, 22.331133494024709 ], [ 73.21556712258797, 22.331400146409386 ], [ 73.215663213276883, 22.331577914382635 ], [ 73.215759303965768, 22.331844565917702 ], [ 73.215951485343567, 22.331844565917702 ], [ 73.216047576032452, 22.332200100504824 ], [ 73.216335848099149, 22.33228898401001 ], [ 73.216431938788048, 22.332644517464292 ], [ 73.216528029476933, 22.332822283851581 ], [ 73.216720210854746, 22.332911166960258 ], [ 73.216720210854746, 22.333088933007691 ], [ 73.216816301543631, 22.333355581654008 ], [ 73.217008482921429, 22.333622229790528 ], [ 73.217008482921429, 22.333799994931656 ], [ 73.217008482921429, 22.333977759846206 ], [ 73.217008482921429, 22.334155524534175 ], [ 73.217008482921429, 22.334333288995555 ], [ 73.217008482921429, 22.334511053230347 ], [ 73.217008482921429, 22.334688817238568 ], [ 73.217104573610314, 22.334866581020197 ], [ 73.217104573610314, 22.335044344575234 ], [ 73.217104573610314, 22.335222107903689 ], [ 73.217104573610314, 22.335399871005539 ], [ 73.217104573610314, 22.335577633880813 ], [ 73.217104573610314, 22.335755396529478 ], [ 73.217104573610314, 22.336022040077623 ], [ 73.217104573610314, 22.336199802159811 ], [ 73.217104573610314, 22.336377564015393 ], [ 73.217104573610314, 22.33664420637389 ], [ 73.217104573610314, 22.336910848222534 ], [ 73.217104573610314, 22.337177489561316 ], [ 73.217104573610314, 22.337355250170585 ], [ 73.217104573610314, 22.337533010553241 ], [ 73.217104573610314, 22.337710770709286 ], [ 73.217200664299213, 22.337888530638722 ], [ 73.217392845677011, 22.337888530638722 ], [ 73.21748893636591, 22.338244049817764 ], [ 73.217681117743695, 22.338244049817764 ], [ 73.217681117743695, 22.338421809067345 ], [ 73.217777208432594, 22.338688447516837 ], [ 73.217969389810392, 22.33895508545643 ], [ 73.218065480499291, 22.339132843799558 ], [ 73.218161571188176, 22.339310601916047 ], [ 73.21825766187709, 22.339577238665871 ], [ 73.218449843254874, 22.339843874905799 ], [ 73.218545933943787, 22.340110510635803 ], [ 73.218545933943787, 22.340288267505855 ], [ 73.218738115321557, 22.340554902385993 ], [ 73.218834206010456, 22.340821536756209 ], [ 73.218834206010456, 22.340999292719719 ], [ 73.218930296699355, 22.341177048456608 ], [ 73.219122478077168, 22.341177048456608 ], [ 73.219122478077168, 22.341354803966841 ], [ 73.219218568766067, 22.341532559250446 ], [ 73.219410750143837, 22.341621436807248 ], [ 73.219410750143837, 22.341799191750887 ], [ 73.219506840832736, 22.342065823741386 ], [ 73.219602931521649, 22.342332455221943 ], [ 73.219795112899433, 22.342687963069398 ], [ 73.219891203588332, 22.34295459336003 ], [ 73.220083384966117, 22.343310099620933 ], [ 73.22017947565503, 22.343576728721636 ], [ 73.220371657032814, 22.343665604975204 ], [ 73.220371657032814, 22.343843357312355 ], [ 73.220563838410598, 22.344198861306673 ], [ 73.220563838410598, 22.344376612963842 ], [ 73.220659929099511, 22.344643240024602 ], [ 73.220659929099511, 22.344820991115096 ], [ 73.220756019788411, 22.344998741978937 ], [ 73.220852110477296, 22.345176492616101 ], [ 73.22104429185508, 22.345265367849681 ], [ 73.221140382543979, 22.345443118146843 ], [ 73.221428654610676, 22.345531993210418 ], [ 73.221428654610676, 22.345709743167571 ], [ 73.22162083598846, 22.345798618061139 ], [ 73.22162083598846, 22.345976367678272 ], [ 73.221813017366273, 22.346065242401838 ], [ 73.222005198744057, 22.346420740729407 ], [ 73.222101289432942, 22.346687363880047 ], [ 73.222293470810754, 22.346687363880047 ], [ 73.222293470810754, 22.346865112363787 ], [ 73.222485652188553, 22.346953986520649 ], [ 73.222485652188553, 22.347131734664359 ], [ 73.222581742877423, 22.347309482581384 ], [ 73.222773924255236, 22.347309482581384 ], [ 73.22296610563302, 22.347398356454889 ], [ 73.223158287010804, 22.347576104031887 ], [ 73.223350468388617, 22.347576104031887 ], [ 73.223542649766415, 22.347576104031887 ], [ 73.223734831144213, 22.347576104031887 ], [ 73.223927012521983, 22.347842724972331 ], [ 73.224119193899796, 22.347842724972331 ], [ 73.224311375277594, 22.347931598505802 ], [ 73.224503556655364, 22.348109345402722 ], [ 73.224791828722076, 22.348198218766175 ], [ 73.225080100788745, 22.348198218766175 ], [ 73.225272282166557, 22.348198218766175 ], [ 73.225464463544327, 22.348198218766175 ], [ 73.22565664492214, 22.348464838516474 ], [ 73.225848826299938, 22.348464838516474 ], [ 73.226137098366607, 22.348464838516474 ], [ 73.226329279744419, 22.348464838516474 ], [ 73.226329279744419, 22.348642584733302 ], [ 73.226521461122189, 22.348642584733302 ], [ 73.226809733188901, 22.348731457756713 ], [ 73.22709800525557, 22.348998076486875 ], [ 73.227386277322282, 22.348998076486875 ], [ 73.227482368011181, 22.349264694706971 ], [ 73.227674549388951, 22.349264694706971 ], [ 73.227962821455648, 22.349264694706971 ], [ 73.228251093522331, 22.349264694706971 ], [ 73.228539365589043, 22.349264694706971 ], [ 73.228731546966841, 22.349264694706971 ], [ 73.228827637655741, 22.349531312416978 ], [ 73.22901981903351, 22.349531312416978 ], [ 73.229308091100222, 22.349531312416978 ], [ 73.229596363166905, 22.349886801903512 ], [ 73.229884635233603, 22.349886801903512 ], [ 73.229980725922488, 22.350153418423311 ], [ 73.230172907300286, 22.350153418423311 ], [ 73.230365088678084, 22.350153418423311 ], [ 73.230653360744768, 22.350153418423311 ], [ 73.230749451433667, 22.350331162486452 ], [ 73.230941632811465, 22.350331162486452 ], [ 73.231133814189235, 22.350420034433007 ], [ 73.231422086255947, 22.350420034433007 ], [ 73.231614267633717, 22.350420034433007 ], [ 73.231806449011529, 22.350420034433007 ], [ 73.231998630389327, 22.350686649932598 ], [ 73.232286902456011, 22.350686649932598 ], [ 73.232479083833809, 22.350686649932598 ], [ 73.232671265211579, 22.350775521652437 ], [ 73.232863446589391, 22.351042136471882 ], [ 73.23305562796719, 22.351042136471882 ], [ 73.233247809344988, 22.351308750781222 ], [ 73.233439990722772, 22.351308750781222 ], [ 73.233728262789469, 22.351308750781222 ], [ 73.234016534856153, 22.351397622104308 ], [ 73.234208716233951, 22.351486493370711 ], [ 73.234496988300648, 22.351575364580441 ], [ 73.234785260367332, 22.351575364580441 ], [ 73.234881351056231, 22.351930848852525 ], [ 73.235073532434001, 22.351930848852525 ], [ 73.235265713811813, 22.352197461461444 ], [ 73.235457895189597, 22.352197461461444 ], [ 73.235650076567396, 22.352197461461444 ], [ 73.235842257945194, 22.352197461461444 ], [ 73.236130530011863, 22.352464073560228 ], [ 73.236322711389676, 22.352464073560228 ], [ 73.236610983456345, 22.352730685148874 ], [ 73.236899255523056, 22.352730685148874 ], [ 73.23699534621197, 22.352908425924554 ], [ 73.237187527589725, 22.352908425924554 ], [ 73.237379708967538, 22.352908425924554 ], [ 73.237571890345336, 22.352908425924554 ], [ 73.23776407172312, 22.352908425924554 ], [ 73.237956253100919, 22.352908425924554 ], [ 73.238148434478717, 22.352908425924554 ], [ 73.238340615856501, 22.352908425924554 ], [ 73.238532797234313, 22.352908425924554 ], [ 73.238821069300997, 22.352997296227372 ], [ 73.23910934136768, 22.352997296227372 ], [ 73.239301522745478, 22.352997296227372 ], [ 73.239589794812161, 22.353086166473503 ], [ 73.239878066878859, 22.353175036662961 ], [ 73.240070248256657, 22.353352776871802 ], [ 73.240262429634441, 22.353352776871802 ], [ 73.240454611012225, 22.353441646891202 ], [ 73.240646792390024, 22.353708256609291 ], [ 73.240935064456721, 22.353974865817218 ], [ 73.241127245834505, 22.353974865817218 ], [ 73.241415517901217, 22.353974865817218 ], [ 73.241511608590116, 22.354152605005744 ], [ 73.241703789967886, 22.354152605005744 ], [ 73.241895971345684, 22.354241474514978 ], [ 73.242184243412368, 22.354508082702566 ], [ 73.242376424790166, 22.354508082702566 ], [ 73.242664696856863, 22.354508082702566 ], [ 73.242760787545762, 22.354774690379969 ], [ 73.242952968923547, 22.354774690379969 ], [ 73.243145150301331, 22.354863559492404 ], [ 73.243241240990244, 22.355041297547206 ], [ 73.243433422368028, 22.355041297547206 ], [ 73.243625603745841, 22.355307904204246 ], [ 73.24391387581251, 22.355485641692169 ], [ 73.244106057190322, 22.355485641692169 ], [ 73.244202147879207, 22.355663378953334 ], [ 73.24391387581251, 22.355841115987761 ], [ 73.243721694434726, 22.355841115987761 ], [ 73.243529513056941, 22.355841115987761 ], [ 73.243337331679129, 22.355841115987761 ], [ 73.24304905961246, 22.355841115987761 ], [ 73.242856878234647, 22.355841115987761 ], [ 73.242856878234647, 22.356018852795412 ], [ 73.242664696856863, 22.356018852795412 ], [ 73.242472515479079, 22.356018852795412 ], [ 73.242184243412368, 22.356285457581734 ], [ 73.241992062034598, 22.356285457581734 ], [ 73.241703789967886, 22.35655206185784 ], [ 73.241511608590116, 22.35655206185784 ], [ 73.241319427212304, 22.35655206185784 ], [ 73.241127245834505, 22.35655206185784 ], [ 73.240935064456721, 22.35655206185784 ], [ 73.240550701701125, 22.356818665623734 ], [ 73.24035852032334, 22.356818665623734 ], [ 73.240166338945542, 22.356818665623734 ], [ 73.239974157567744, 22.356818665623734 ], [ 73.23978197618996, 22.356818665623734 ], [ 73.239589794812161, 22.356818665623734 ], [ 73.239397613434363, 22.356818665623734 ], [ 73.23910934136768, 22.356818665623734 ], [ 73.238917159989882, 22.356818665623734 ], [ 73.238628887923198, 22.356818665623734 ], [ 73.238148434478717, 22.356818665623734 ], [ 73.23776407172312, 22.356818665623734 ], [ 73.237571890345336, 22.356818665623734 ], [ 73.237283618278639, 22.356640929836502 ], [ 73.237187527589725, 22.356463193822496 ], [ 73.237187527589725, 22.356285457581734 ], [ 73.237187527589725, 22.35610772111421 ], [ 73.237187527589725, 22.355929984419923 ], [ 73.237187527589725, 22.355752247498888 ], [ 73.237187527589725, 22.355574510351094 ], [ 73.237283618278639, 22.355396772976551 ], [ 73.237283618278639, 22.355219035375256 ], [ 73.237283618278639, 22.355041297547206 ], [ 73.237283618278639, 22.354863559492404 ], [ 73.237091436900855, 22.354774690379969 ], [ 73.236803164834157, 22.354685821210854 ], [ 73.236610983456345, 22.354685821210854 ], [ 73.236418802078589, 22.354685821210854 ], [ 73.236130530011863, 22.354685821210854 ], [ 73.235938348634093, 22.354685821210854 ], [ 73.235746167256295, 22.354685821210854 ], [ 73.235457895189597, 22.354685821210854 ], [ 73.235265713811813, 22.354685821210854 ], [ 73.235073532434001, 22.354685821210854 ], [ 73.234785260367332, 22.354685821210854 ], [ 73.234593078989533, 22.354685821210854 ], [ 73.234400897611735, 22.354685821210854 ], [ 73.234208716233951, 22.354685821210854 ], [ 73.233920444167254, 22.354685821210854 ], [ 73.233728262789469, 22.354685821210854 ], [ 73.233536081411671, 22.354685821210854 ], [ 73.233343900033873, 22.354685821210854 ], [ 73.23305562796719, 22.354685821210854 ], [ 73.232671265211579, 22.354952428548145 ], [ 73.232479083833809, 22.354952428548145 ], [ 73.232286902456011, 22.354952428548145 ], [ 73.232094721078198, 22.354952428548145 ], [ 73.231902539700428, 22.354952428548145 ], [ 73.231614267633717, 22.354952428548145 ], [ 73.231325995567047, 22.354952428548145 ], [ 73.231133814189235, 22.354952428548145 ], [ 73.230845542122566, 22.354952428548145 ], [ 73.230557270055854, 22.354952428548145 ], [ 73.230365088678084, 22.354952428548145 ], [ 73.230172907300286, 22.354952428548145 ], [ 73.229980725922488, 22.354952428548145 ], [ 73.229788544544704, 22.354952428548145 ], [ 73.229596363166905, 22.354952428548145 ], [ 73.229212000411323, 22.354774690379969 ], [ 73.22901981903351, 22.354774690379969 ], [ 73.228731546966841, 22.354685821210854 ], [ 73.228347184211245, 22.354508082702566 ], [ 73.228155002833461, 22.354508082702566 ], [ 73.227866730766763, 22.354419213363386 ], [ 73.227674549388951, 22.354419213363386 ], [ 73.227482368011181, 22.354419213363386 ], [ 73.227290186633383, 22.354419213363386 ], [ 73.22709800525557, 22.354419213363386 ], [ 73.226905823877772, 22.354419213363386 ], [ 73.226713642500002, 22.354419213363386 ], [ 73.226425370433304, 22.354419213363386 ], [ 73.226137098366607, 22.354419213363386 ], [ 73.225848826299938, 22.354419213363386 ], [ 73.22565664492214, 22.354419213363386 ], [ 73.225464463544327, 22.354419213363386 ], [ 73.225272282166557, 22.354419213363386 ], [ 73.225272282166557, 22.354241474514978 ], [ 73.225080100788745, 22.354241474514978 ], [ 73.224695738033176, 22.354152605005744 ], [ 73.224407465966451, 22.353974865817218 ], [ 73.224215284588695, 22.353708256609291 ], [ 73.224119193899796, 22.353530516853915 ], [ 73.223927012521983, 22.353530516853915 ], [ 73.223734831144213, 22.353530516853915 ], [ 73.223542649766415, 22.353530516853915 ], [ 73.223350468388617, 22.353530516853915 ], [ 73.223158287010804, 22.353530516853915 ], [ 73.223062196321933, 22.353708256609291 ], [ 73.223062196321933, 22.353885996137926 ], [ 73.223062196321933, 22.354063735439826 ], [ 73.223062196321933, 22.354330343967526 ], [ 73.223062196321933, 22.354508082702566 ], [ 73.223062196321933, 22.354685821210854 ], [ 73.222870014944107, 22.354685821210854 ], [ 73.222677833566323, 22.354685821210854 ], [ 73.222485652188553, 22.354774690379969 ], [ 73.222293470810754, 22.354774690379969 ], [ 73.222101289432942, 22.354685821210854 ], [ 73.222101289432942, 22.354508082702566 ], [ 73.222101289432942, 22.354330343967526 ], [ 73.221813017366273, 22.354152605005744 ], [ 73.221813017366273, 22.353974865817218 ], [ 73.221716926677374, 22.353797126401947 ], [ 73.221428654610676, 22.353708256609291 ], [ 73.221236473232892, 22.353619386759945 ], [ 73.22104429185508, 22.353619386759945 ], [ 73.220852110477296, 22.353619386759945 ], [ 73.220659929099511, 22.353530516853915 ], [ 73.220467747721699, 22.353530516853915 ], [ 73.220275566343929, 22.353530516853915 ], [ 73.220083384966117, 22.353530516853915 ], [ 73.219891203588332, 22.353530516853915 ], [ 73.219699022210548, 22.353530516853915 ], [ 73.219506840832736, 22.353530516853915 ], [ 73.219314659454952, 22.353530516853915 ], [ 73.219122478077168, 22.353530516853915 ], [ 73.218930296699355, 22.353530516853915 ], [ 73.218642024632686, 22.353530516853915 ], [ 73.218449843254874, 22.353530516853915 ], [ 73.218161571188176, 22.353530516853915 ], [ 73.217969389810392, 22.353530516853915 ], [ 73.217681117743695, 22.353797126401947 ], [ 73.21748893636591, 22.353797126401947 ], [ 73.217296754988112, 22.353974865817218 ], [ 73.217104573610314, 22.353974865817218 ], [ 73.21691239223253, 22.353974865817218 ], [ 73.216720210854746, 22.353974865817218 ], [ 73.216528029476933, 22.353974865817218 ], [ 73.216239757410236, 22.353974865817218 ], [ 73.216047576032452, 22.353974865817218 ], [ 73.215951485343567, 22.353797126401947 ], [ 73.215759303965768, 22.353797126401947 ], [ 73.21556712258797, 22.353797126401947 ], [ 73.215278850521287, 22.353708256609291 ], [ 73.215086669143489, 22.353708256609291 ], [ 73.215086669143489, 22.353530516853915 ], [ 73.21489448776569, 22.353530516853915 ], [ 73.214702306387892, 22.353530516853915 ], [ 73.214510125010108, 22.353530516853915 ], [ 73.214317943632295, 22.353530516853915 ], [ 73.214317943632295, 22.353708256609291 ], [ 73.214317943632295, 22.353885996137926 ], [ 73.214317943632295, 22.354063735439826 ], [ 73.214317943632295, 22.354241474514978 ], [ 73.214317943632295, 22.354419213363386 ], [ 73.214317943632295, 22.354596951985055 ], [ 73.214510125010108, 22.354952428548145 ], [ 73.214510125010108, 22.355130166489566 ], [ 73.214510125010108, 22.355307904204246 ], [ 73.21412576225454, 22.355485641692169 ], [ 73.213933580876727, 22.355485641692169 ], [ 73.213741399498929, 22.355485641692169 ], [ 73.213549218121159, 22.355485641692169 ], [ 73.213357036743346, 22.355485641692169 ], [ 73.213068764676663, 22.355396772976551 ], [ 73.212780492609966, 22.355219035375256 ], [ 73.212588311232167, 22.355219035375256 ], [ 73.212396129854383, 22.355219035375256 ], [ 73.212396129854383, 22.355396772976551 ], [ 73.212588311232167, 22.355396772976551 ], [ 73.212588311232167, 22.355574510351094 ], [ 73.212780492609966, 22.355574510351094 ], [ 73.212972673987764, 22.355663378953334 ], [ 73.213164855365548, 22.355663378953334 ], [ 73.213164855365548, 22.355841115987761 ], [ 73.213357036743346, 22.355841115987761 ], [ 73.213453127432246, 22.356018852795412 ], [ 73.21364530881003, 22.356018852795412 ], [ 73.213837490187828, 22.356018852795412 ], [ 73.214029671565626, 22.356196589376317 ], [ 73.214221852943425, 22.356285457581734 ], [ 73.214414034321209, 22.356374325730453 ], [ 73.214414034321209, 22.35655206185784 ], [ 73.214702306387892, 22.35690753343232 ], [ 73.214798397076805, 22.357085268879413 ], [ 73.214990578454589, 22.357085268879413 ], [ 73.215182759832402, 22.357174136517926 ], [ 73.215182759832402, 22.357351871624875 ], [ 73.215374941210186, 22.357351871624875 ], [ 73.215471031899071, 22.357529606505054 ], [ 73.215759303965768, 22.357707341158456 ], [ 73.215951485343567, 22.357796208400121 ], [ 73.216047576032452, 22.357973942713365 ], [ 73.216143666721351, 22.358240543758047 ], [ 73.216143666721351, 22.358418277504363 ], [ 73.216335848099149, 22.358418277504363 ], [ 73.216335848099149, 22.358596011023906 ], [ 73.216335848099149, 22.358773744316672 ], [ 73.216335848099149, 22.358951477382654 ], [ 73.216335848099149, 22.359129210221845 ], [ 73.216335848099149, 22.359306942834269 ], [ 73.216335848099149, 22.359484675219907 ], [ 73.216335848099149, 22.35966240737876 ], [ 73.216335848099149, 22.359929005191812 ], [ 73.216239757410236, 22.360195602494585 ], [ 73.216239757410236, 22.360373333746285 ], [ 73.216239757410236, 22.360551064771194 ], [ 73.216143666721351, 22.360728795569297 ], [ 73.215951485343567, 22.36090652614061 ], [ 73.215759303965768, 22.36090652614061 ], [ 73.21556712258797, 22.36090652614061 ], [ 73.215374941210186, 22.36090652614061 ], [ 73.215182759832402, 22.36090652614061 ], [ 73.214990578454589, 22.36090652614061 ], [ 73.214798397076805, 22.36090652614061 ], [ 73.214510125010108, 22.36090652614061 ], [ 73.214317943632295, 22.36090652614061 ], [ 73.21412576225454, 22.36090652614061 ], [ 73.213933580876727, 22.36090652614061 ], [ 73.21364530881003, 22.36090652614061 ], [ 73.213164855365548, 22.360728795569297 ], [ 73.212876583298865, 22.360728795569297 ], [ 73.212684401921067, 22.360728795569297 ], [ 73.212876583298865, 22.361084256485135 ], [ 73.213068764676663, 22.361261986602859 ], [ 73.213260946054433, 22.361261986602859 ], [ 73.213357036743346, 22.361528581354193 ], [ 73.213549218121159, 22.361528581354193 ], [ 73.213741399498929, 22.361706310904907 ], [ 73.213933580876727, 22.361795175595223 ], [ 73.214029671565626, 22.362061769325944 ], [ 73.214221852943425, 22.362150633789454 ], [ 73.214317943632295, 22.362328362546354 ], [ 73.214510125010108, 22.362417226839749 ], [ 73.214606215699021, 22.362594955256451 ], [ 73.214798397076805, 22.362594955256451 ], [ 73.21489448776569, 22.362772683446334 ], [ 73.215086669143489, 22.362772683446334 ], [ 73.215086669143489, 22.362950411409404 ], [ 73.21489448776569, 22.362950411409404 ], [ 73.214702306387892, 22.362950411409404 ], [ 73.214414034321209, 22.362950411409404 ], [ 73.214221852943425, 22.362950411409404 ], [ 73.214029671565626, 22.362950411409404 ], [ 73.213741399498929, 22.362950411409404 ], [ 73.213549218121159, 22.362950411409404 ], [ 73.213357036743346, 22.362950411409404 ], [ 73.213164855365548, 22.362950411409404 ], [ 73.212972673987764, 22.362950411409404 ], [ 73.212780492609966, 22.362950411409404 ], [ 73.212588311232167, 22.362950411409404 ], [ 73.212588311232167, 22.362772683446334 ], [ 73.212588311232167, 22.362594955256451 ], [ 73.212492220543282, 22.362417226839749 ], [ 73.212492220543282, 22.362239498196253 ], [ 73.212492220543282, 22.361972904805747 ], [ 73.212300039165484, 22.36188404022883 ], [ 73.212300039165484, 22.361706310904907 ], [ 73.212203948476585, 22.361528581354193 ], [ 73.212107857787686, 22.361350851576667 ], [ 73.211819585721003, 22.361261986602859 ], [ 73.211627404343218, 22.361261986602859 ], [ 73.21143522296542, 22.361261986602859 ], [ 73.211243041587622, 22.361261986602859 ], [ 73.211050860209824, 22.361261986602859 ], [ 73.21076258814314, 22.361617446157897 ], [ 73.21076258814314, 22.361795175595223 ], [ 73.21076258814314, 22.361972904805747 ], [ 73.21076258814314, 22.362150633789454 ], [ 73.21076258814314, 22.362328362546354 ], [ 73.21076258814314, 22.362506091076451 ], [ 73.21076258814314, 22.362683819379747 ], [ 73.210954769520939, 22.362772683446334 ], [ 73.211146950898723, 22.362772683446334 ], [ 73.211339132276521, 22.362772683446334 ], [ 73.211531313654305, 22.362772683446334 ], [ 73.211723495032103, 22.362772683446334 ], [ 73.211915676409902, 22.362772683446334 ], [ 73.211915676409902, 22.363039275305891 ], [ 73.211723495032103, 22.363128139145669 ], [ 73.21143522296542, 22.363305866655114 ], [ 73.211243041587622, 22.363305866655114 ], [ 73.211050860209824, 22.363305866655114 ], [ 73.210954769520939, 22.363572457493998 ], [ 73.210954769520939, 22.363750184436405 ], [ 73.21076258814314, 22.364105637640755 ], [ 73.21076258814314, 22.364283363902697 ], [ 73.21076258814314, 22.364461089937816 ], [ 73.21076258814314, 22.364727678565195 ], [ 73.210954769520939, 22.364816541327571 ], [ 73.210954769520939, 22.364994266682217 ], [ 73.211243041587622, 22.365083129274471 ], [ 73.211243041587622, 22.36526085428887 ], [ 73.211531313654305, 22.365349716711009 ], [ 73.211531313654305, 22.365527441385154 ], [ 73.211531313654305, 22.365705165832473 ], [ 73.211531313654305, 22.365882890052955 ], [ 73.211531313654305, 22.366060614046603 ], [ 73.211146950898723, 22.366238337813407 ], [ 73.210666497454241, 22.366504923038296 ], [ 73.210570406765342, 22.366682646237997 ], [ 73.210282134698659, 22.36677150775278 ], [ 73.21008995332086, 22.36677150775278 ], [ 73.21008995332086, 22.366949230612235 ], [ 73.210282134698659, 22.367038091956886 ], [ 73.210570406765342, 22.367304675650583 ], [ 73.210858678832039, 22.367304675650583 ], [ 73.210858678832039, 22.367482397829484 ], [ 73.211050860209824, 22.36757125883387 ], [ 73.211050860209824, 22.367837841506745 ], [ 73.211050860209824, 22.368015563005102 ], [ 73.210858678832039, 22.368104423669212 ], [ 73.210666497454241, 22.368104423669212 ], [ 73.210378225387558, 22.368104423669212 ], [ 73.21018604400976, 22.368104423669212 ], [ 73.209993862631961, 22.368104423669212 ], [ 73.209801681254177, 22.368104423669212 ], [ 73.209705590565278, 22.36828214482728 ], [ 73.209705590565278, 22.368459865758496 ], [ 73.209705590565278, 22.36863758646286 ], [ 73.209705590565278, 22.368815306940359 ], [ 73.209705590565278, 22.36899302719101 ], [ 73.209705590565278, 22.369170747214788 ], [ 73.209705590565278, 22.369348467011712 ], [ 73.20951340918748, 22.369615046281716 ], [ 73.20951340918748, 22.36988162504128 ], [ 73.20951340918748, 22.370059343930738 ], [ 73.20951340918748, 22.370237062593326 ], [ 73.20951340918748, 22.370414781029044 ], [ 73.209417318498581, 22.370681358257222 ], [ 73.209225137120768, 22.370681358257222 ], [ 73.208936865054099, 22.370681358257222 ], [ 73.208744683676287, 22.370681358257222 ], [ 73.208552502298517, 22.370681358257222 ], [ 73.208264230231805, 22.370681358257222 ], [ 73.207975958165136, 22.370681358257222 ], [ 73.207975958165136, 22.370503640161825 ], [ 73.207975958165136, 22.370325921839537 ], [ 73.207975958165136, 22.370148203290388 ], [ 73.207879867476237, 22.36988162504128 ], [ 73.207591595409554, 22.369792765511473 ], [ 73.207303323342856, 22.369703905924951 ], [ 73.207015051276173, 22.369526186581766 ], [ 73.206822869898375, 22.369526186581766 ], [ 73.206630688520562, 22.369526186581766 ], [ 73.206438507142792, 22.369526186581766 ], [ 73.206246325764994, 22.369526186581766 ], [ 73.206054144387195, 22.369437326825093 ], [ 73.205861963009411, 22.369437326825093 ], [ 73.205573690942714, 22.369259607141604 ], [ 73.205381509564901, 22.369259607141604 ], [ 73.205093237498204, 22.369259607141604 ], [ 73.204804965431521, 22.369170747214788 ], [ 73.204516693364852, 22.369170747214788 ], [ 73.204324511987039, 22.369170747214788 ], [ 73.204132330609255, 22.369170747214788 ], [ 73.203940149231471, 22.369259607141604 ], [ 73.203940149231471, 22.369437326825093 ], [ 73.203844058542572, 22.369615046281716 ], [ 73.203651877164759, 22.369703905924951 ], [ 73.203459695786989, 22.369703905924951 ], [ 73.203267514409177, 22.369703905924951 ], [ 73.202979242342508, 22.36988162504128 ], [ 73.202690970275796, 22.369792765511473 ], [ 73.202690970275796, 22.369615046281716 ], [ 73.202690970275796, 22.369437326825093 ], [ 73.202690970275796, 22.369259607141604 ], [ 73.202690970275796, 22.369081887231257 ], [ 73.202690970275796, 22.368904167094044 ], [ 73.202690970275796, 22.368726446729973 ], [ 73.202498788898026, 22.36863758646286 ], [ 73.202402698209127, 22.368459865758496 ], [ 73.202210516831315, 22.368371005321251 ], [ 73.201922244764646, 22.36828214482728 ], [ 73.201633972697934, 22.368104423669212 ], [ 73.201153519253452, 22.367837841506745 ], [ 73.200865247186783, 22.36757125883387 ], [ 73.200673065808985, 22.367393536768386 ], [ 73.200480884431187, 22.367304675650583 ], [ 73.200480884431187, 22.367126953244828 ], [ 73.200384793742273, 22.366949230612235 ], [ 73.200192612364503, 22.366949230612235 ], [ 73.200192612364503, 22.36677150775278 ], [ 73.199712158919993, 22.366593784666502 ], [ 73.199327796164411, 22.366327199611749 ], [ 73.199135614786627, 22.366238337813407 ], [ 73.198847342719944, 22.366060614046603 ], [ 73.198655161342131, 22.365971752078128 ], [ 73.198462979964333, 22.365882890052955 ], [ 73.198270798586549, 22.365794027971074 ], [ 73.198078617208765, 22.365705165832473 ], [ 73.197886435830981, 22.365616303637168 ], [ 73.197598163764269, 22.365527441385154 ], [ 73.1973098916976, 22.365438579076439 ], [ 73.197117710319787, 22.365349716711009 ], [ 73.196925528941989, 22.365349716711009 ], [ 73.196733347564219, 22.36526085428887 ], [ 73.196541166186407, 22.36517199181003 ], [ 73.196252894119738, 22.365083129274471 ], [ 73.196060712741925, 22.365083129274471 ], [ 73.195868531364127, 22.364994266682217 ], [ 73.195772440675256, 22.364816541327571 ], [ 73.195484168608544, 22.364727678565195 ], [ 73.195388077919645, 22.364549952870316 ], [ 73.195195896541875, 22.364549952870316 ], [ 73.195099805852962, 22.364372226948607 ], [ 73.194811533786265, 22.364194500800068 ], [ 73.194811533786265, 22.364016774424726 ], [ 73.194811533786265, 22.363839047822548 ], [ 73.194811533786265, 22.36366132099355 ], [ 73.195003715164063, 22.36366132099355 ], [ 73.195195896541875, 22.36366132099355 ], [ 73.195388077919645, 22.363572457493998 ], [ 73.195676349986357, 22.363572457493998 ], [ 73.195868531364127, 22.363483593937744 ], [ 73.195868531364127, 22.363305866655114 ], [ 73.195868531364127, 22.363128139145669 ], [ 73.195964622053026, 22.362950411409404 ], [ 73.195964622053026, 22.362772683446334 ], [ 73.195964622053026, 22.362594955256451 ], [ 73.195964622053026, 22.362417226839749 ], [ 73.195964622053026, 22.362239498196253 ], [ 73.195964622053026, 22.362061769325944 ], [ 73.195964622053026, 22.36188404022883 ], [ 73.195964622053026, 22.361706310904907 ], [ 73.195964622053026, 22.361528581354193 ], [ 73.195964622053026, 22.361350851576667 ], [ 73.195964622053026, 22.361173121572342 ], [ 73.195964622053026, 22.36099539134123 ], [ 73.195964622053026, 22.360817660883306 ], [ 73.195964622053026, 22.360639930198595 ], [ 73.195964622053026, 22.360462199287085 ], [ 73.195964622053026, 22.360284468148777 ], [ 73.195964622053026, 22.360106736783685 ], [ 73.195964622053026, 22.359929005191812 ], [ 73.195964622053026, 22.359751273373139 ], [ 73.196060712741925, 22.359484675219907 ], [ 73.196252894119738, 22.359484675219907 ], [ 73.196541166186407, 22.359395809055432 ], [ 73.196541166186407, 22.359218076556409 ], [ 73.196733347564219, 22.359129210221845 ], [ 73.196925528941989, 22.359040343830596 ], [ 73.197117710319787, 22.358862610878003 ], [ 73.197117710319787, 22.358684877698636 ], [ 73.197213801008687, 22.358418277504363 ], [ 73.1973098916976, 22.358240543758047 ], [ 73.1973098916976, 22.358062809784961 ], [ 73.197405982386499, 22.357885075585095 ], [ 73.197502073075384, 22.357707341158456 ], [ 73.197502073075384, 22.357529606505054 ], [ 73.197694254453168, 22.357529606505054 ], [ 73.197694254453168, 22.357351871624875 ], [ 73.197886435830981, 22.357263004099746 ], [ 73.197886435830981, 22.357085268879413 ], [ 73.197982526519866, 22.356818665623734 ], [ 73.19817470789765, 22.356729797758469 ], [ 73.19817470789765, 22.356463193822496 ], [ 73.198270798586549, 22.356285457581734 ], [ 73.198366889275462, 22.35610772111421 ], [ 73.198462979964333, 22.355929984419923 ], [ 73.198559070653246, 22.355752247498888 ], [ 73.198655161342131, 22.355574510351094 ], [ 73.198847342719944, 22.355485641692169 ], [ 73.198943433408843, 22.355307904204246 ], [ 73.199135614786627, 22.355219035375256 ], [ 73.199135614786627, 22.355041297547206 ], [ 73.199327796164411, 22.354952428548145 ], [ 73.199519977542209, 22.354774690379969 ], [ 73.199616068231109, 22.354596951985055 ], [ 73.199808249608893, 22.354596951985055 ], [ 73.199808249608893, 22.354419213363386 ], [ 73.199904340297806, 22.354152605005744 ], [ 73.20009652167559, 22.354152605005744 ], [ 73.200192612364503, 22.353974865817218 ], [ 73.200192612364503, 22.353797126401947 ], [ 73.200288703053403, 22.353619386759945 ], [ 73.200288703053403, 22.353441646891202 ], [ 73.200384793742273, 22.353263906795721 ], [ 73.200480884431187, 22.352997296227372 ], [ 73.200480884431187, 22.352819555565056 ], [ 73.200673065808985, 22.352819555565056 ], [ 73.200673065808985, 22.352641814676005 ], [ 73.200769156497884, 22.352375202917315 ], [ 73.200865247186783, 22.352108590648491 ], [ 73.200865247186783, 22.351930848852525 ], [ 73.200961337875668, 22.35166423573348 ], [ 73.200961337875668, 22.351486493370711 ], [ 73.201153519253452, 22.351397622104308 ], [ 73.201153519253452, 22.351219879401455 ], [ 73.201153519253452, 22.350953264922083 ], [ 73.201249609942366, 22.350686649932598 ], [ 73.201249609942366, 22.350508906322883 ], [ 73.201441791320164, 22.350508906322883 ], [ 73.201441791320164, 22.350242290483219 ], [ 73.201441791320164, 22.350064546306719 ], [ 73.201537882009049, 22.349886801903512 ], [ 73.201537882009049, 22.349709057273603 ], [ 73.201633972697934, 22.349531312416978 ], [ 73.201633972697934, 22.349353567333651 ], [ 73.201633972697934, 22.349175822023614 ], [ 73.201730063386847, 22.348998076486875 ], [ 73.201730063386847, 22.348820330723449 ], [ 73.201730063386847, 22.348642584733302 ], [ 73.201730063386847, 22.348464838516474 ], [ 73.201826154075746, 22.348287092072944 ], [ 73.201826154075746, 22.348109345402722 ], [ 73.201826154075746, 22.347931598505802 ], [ 73.201826154075746, 22.347753851382187 ], [ 73.202018335453531, 22.347753851382187 ], [ 73.202018335453531, 22.347576104031887 ], [ 73.202018335453531, 22.347309482581384 ], [ 73.202018335453531, 22.347042860620842 ], [ 73.202018335453531, 22.346865112363787 ], [ 73.202018335453531, 22.346598489553173 ], [ 73.202114426142415, 22.346420740729407 ], [ 73.202114426142415, 22.346154117068746 ], [ 73.202114426142415, 22.345887492898051 ], [ 73.202114426142415, 22.345709743167571 ], [ 73.202210516831315, 22.345531993210418 ], [ 73.202210516831315, 22.345354243026591 ], [ 73.202210516831315, 22.345176492616101 ], [ 73.202306607520228, 22.344909866575353 ], [ 73.202306607520228, 22.34473211559818 ], [ 73.202402698209127, 22.344554364394334 ], [ 73.202498788898026, 22.344376612963842 ], [ 73.202594879586897, 22.344198861306673 ], [ 73.202402698209127, 22.344109985393089 ], [ 73.202210516831315, 22.344021109422844 ], [ 73.202210516831315, 22.343843357312355 ], [ 73.202018335453531, 22.343754481172116 ], [ 73.201633972697934, 22.343665604975204 ], [ 73.201441791320164, 22.343665604975204 ], [ 73.201153519253452, 22.343576728721636 ], [ 73.200961337875668, 22.343487852411393 ], [ 73.200961337875668, 22.343310099620933 ], [ 73.200673065808985, 22.343221223140706 ], [ 73.200673065808985, 22.343043470010247 ], [ 73.200384793742273, 22.342776839889599 ], [ 73.200192612364503, 22.342510209258986 ], [ 73.200192612364503, 22.342332455221943 ], [ 73.200192612364503, 22.342065823741386 ], [ 73.200192612364503, 22.341799191750887 ], [ 73.200192612364503, 22.341532559250446 ], [ 73.200192612364503, 22.341354803966841 ], [ 73.200192612364503, 22.341177048456608 ], [ 73.200192612364503, 22.340999292719719 ], [ 73.20009652167559, 22.340821536756209 ], [ 73.20009652167559, 22.340643780566058 ], [ 73.200000430986705, 22.340377145855889 ], [ 73.200000430986705, 22.340199389099155 ], [ 73.200000430986705, 22.340021632115793 ], [ 73.200000430986705, 22.339843874905799 ], [ 73.200000430986705, 22.339666117469175 ], [ 73.199712158919993, 22.339577238665871 ], [ 73.199712158919993, 22.339399480889309 ], [ 73.199712158919993, 22.33922172288613 ], [ 73.199519977542209, 22.339132843799558 ], [ 73.199519977542209, 22.33895508545643 ], [ 73.199231705475512, 22.338688447516837 ], [ 73.198943433408843, 22.338599568090331 ], [ 73.198943433408843, 22.338421809067345 ], [ 73.198655161342131, 22.338244049817764 ], [ 73.198655161342131, 22.338066290341544 ], [ 73.198462979964333, 22.337977410518455 ], [ 73.198270798586549, 22.337888530638722 ], [ 73.197982526519866, 22.33779965070233 ], [ 73.197694254453168, 22.337621890659591 ], [ 73.197502073075384, 22.337621890659591 ], [ 73.197117710319787, 22.337533010553241 ], [ 73.196925528941989, 22.337533010553241 ], [ 73.196733347564219, 22.337533010553241 ], [ 73.196541166186407, 22.337533010553241 ], [ 73.196348984808637, 22.337444130390232 ], [ 73.196156803430824, 22.337444130390232 ], [ 73.195964622053026, 22.337444130390232 ], [ 73.195964622053026, 22.33726636989427 ], [ 73.195772440675256, 22.33726636989427 ], [ 73.195580259297444, 22.33726636989427 ], [ 73.195291987230746, 22.337177489561316 ], [ 73.194907624475178, 22.336999728725445 ], [ 73.194715443097365, 22.336999728725445 ], [ 73.194331080341783, 22.336821967662967 ], [ 73.194138898963999, 22.336821967662967 ], [ 73.193850626897316, 22.336733087046756 ], [ 73.193466264141719, 22.33664420637389 ], [ 73.193274082763921, 22.33664420637389 ], [ 73.193274082763921, 22.336466444858207 ], [ 73.193081901386137, 22.336466444858207 ], [ 73.192985810697238, 22.336288683115921 ], [ 73.193177992075022, 22.336199802159811 ], [ 73.193370173452834, 22.336110921147036 ], [ 73.193562354830618, 22.336022040077623 ], [ 73.193562354830618, 22.335844277768842 ], [ 73.193754536208402, 22.335844277768842 ], [ 73.193754536208402, 22.33566651523347 ], [ 73.193850626897316, 22.335399871005539 ], [ 73.1940428082751, 22.335399871005539 ], [ 73.1940428082751, 22.335133226267786 ], [ 73.194138898963999, 22.334955462826034 ], [ 73.194331080341783, 22.334866581020197 ], [ 73.194331080341783, 22.334688817238568 ], [ 73.194427171030668, 22.334422171141281 ], [ 73.19461935240848, 22.334333288995555 ], [ 73.19461935240848, 22.334155524534175 ], [ 73.194715443097365, 22.333977759846206 ], [ 73.194811533786265, 22.333799994931656 ], [ 73.194907624475178, 22.333622229790528 ], [ 73.195099805852962, 22.333444464422822 ], [ 73.195195896541875, 22.333266698828549 ], [ 73.195484168608544, 22.333177815946442 ], [ 73.195484168608544, 22.333000050012291 ], [ 73.195772440675256, 22.332911166960258 ], [ 73.195772440675256, 22.332733400686259 ], [ 73.195868531364127, 22.332466750850433 ], [ 73.195964622053026, 22.33228898401001 ], [ 73.196060712741925, 22.332022333324552 ], [ 73.196252894119738, 22.332022333324552 ], [ 73.196252894119738, 22.331844565917702 ], [ 73.196348984808637, 22.331666798284296 ], [ 73.196445075497522, 22.331489030424329 ], [ 73.196445075497522, 22.331311262337792 ], [ 73.196637256875306, 22.331133494024709 ], [ 73.196637256875306, 22.330955725485058 ], [ 73.196733347564219, 22.330777956718851 ], [ 73.196733347564219, 22.330511303144753 ], [ 73.196925528941989, 22.330511303144753 ], [ 73.196925528941989, 22.330333533812158 ], [ 73.196925528941989, 22.330066879388486 ], [ 73.197021619630902, 22.329889109489521 ], [ 73.197117710319787, 22.329622454216292 ], [ 73.197213801008687, 22.329444683750946 ], [ 73.197213801008687, 22.329266913059065 ], [ 73.197213801008687, 22.329089142140646 ], [ 73.197213801008687, 22.32891137099568 ], [ 73.197213801008687, 22.328644713853461 ], [ 73.197213801008687, 22.32846694214215 ], [ 73.197213801008687, 22.328289170204297 ], [ 73.197213801008687, 22.328111398039912 ], [ 73.197213801008687, 22.327933625648992 ], [ 73.197213801008687, 22.327755853031523 ], [ 73.197213801008687, 22.327578080187546 ], [ 73.197405982386499, 22.327489193680613 ], [ 73.197405982386499, 22.32731142049683 ], [ 73.197502073075384, 22.327133647086519 ], [ 73.197502073075384, 22.326955873449684 ], [ 73.197502073075384, 22.326778099586335 ], [ 73.197502073075384, 22.326511438366559 ], [ 73.197502073075384, 22.326244776637115 ], [ 73.197502073075384, 22.325978114398005 ], [ 73.197502073075384, 22.325800339288797 ], [ 73.197694254453168, 22.325622563953061 ], [ 73.197694254453168, 22.325444788390808 ], [ 73.197694254453168, 22.325178124622724 ], [ 73.197694254453168, 22.325000348494196 ], [ 73.197694254453168, 22.324822572139155 ], [ 73.197502073075384, 22.324733683876701 ], [ 73.1973098916976, 22.324733683876701 ], [ 73.197117710319787, 22.324733683876701 ], [ 73.196925528941989, 22.324733683876701 ], [ 73.196637256875306, 22.324822572139155 ], [ 73.196445075497522, 22.324822572139155 ], [ 73.196060712741925, 22.325089236586773 ], [ 73.195868531364127, 22.325089236586773 ], [ 73.195676349986357, 22.325178124622724 ], [ 73.195388077919645, 22.325355900524738 ], [ 73.195195896541875, 22.325355900524738 ], [ 73.195003715164063, 22.325355900524738 ], [ 73.194811533786265, 22.325355900524738 ], [ 73.19461935240848, 22.325622563953061 ], [ 73.194427171030668, 22.325622563953061 ], [ 73.194234989652884, 22.325622563953061 ], [ 73.1940428082751, 22.325622563953061 ], [ 73.193850626897316, 22.325622563953061 ], [ 73.193658445519503, 22.325622563953061 ], [ 73.193370173452834, 22.325622563953061 ], [ 73.193177992075022, 22.325622563953061 ], [ 73.192985810697238, 22.325622563953061 ], [ 73.192793629319453, 22.325622563953061 ], [ 73.192601447941641, 22.325622563953061 ], [ 73.192409266563857, 22.325622563953061 ], [ 73.192217085186059, 22.325622563953061 ], [ 73.192024903808274, 22.325622563953061 ], [ 73.191736631741591, 22.325444788390808 ], [ 73.191448359674865, 22.325355900524738 ], [ 73.191448359674865, 22.325178124622724 ], [ 73.191160087608196, 22.325089236586773 ], [ 73.191063996919297, 22.324822572139155 ], [ 73.190775724852628, 22.324733683876701 ], [ 73.190583543474816, 22.324644795557614 ], [ 73.190391362097017, 22.324467018749569 ], [ 73.190103090030334, 22.324200353112786 ], [ 73.190006999341435, 22.323933686966384 ], [ 73.189814817963651, 22.323933686966384 ], [ 73.189526545896953, 22.323844798137671 ], [ 73.189334364519155, 22.323755909252327 ], [ 73.189142183141371, 22.323667020310349 ], [ 73.189142183141371, 22.323489242256542 ], [ 73.188950001763573, 22.323489242256542 ], [ 73.188757820385774, 22.323489242256542 ], [ 73.188373457630192, 22.323400353144706 ], [ 73.188085185563509, 22.323311463976236 ], [ 73.18789300418571, 22.323311463976236 ], [ 73.187508641430128, 22.323133685469436 ], [ 73.18731646005233, 22.323133685469436 ], [ 73.187124278674531, 22.323133685469436 ], [ 73.186739915918963, 22.323044796131093 ], [ 73.186547734541151, 22.323044796131093 ], [ 73.186355553163338, 22.323044796131093 ], [ 73.186067281096669, 22.323044796131093 ], [ 73.185875099718857, 22.323044796131093 ], [ 73.185682918341087, 22.323044796131093 ], [ 73.18529855558549, 22.323044796131093 ], [ 73.185106374207706, 22.323044796131093 ], [ 73.184914192829908, 22.323044796131093 ], [ 73.184722011452109, 22.323044796131093 ], [ 73.184529830074325, 22.323044796131093 ], [ 73.184337648696513, 22.323044796131093 ], [ 73.184145467318743, 22.323044796131093 ], [ 73.183953285940945, 22.323044796131093 ], [ 73.183761104563146, 22.323044796131093 ], [ 73.183568923185362, 22.323044796131093 ], [ 73.183280651118636, 22.323044796131093 ], [ 73.182992379051981, 22.323044796131093 ], [ 73.182704106985284, 22.323044796131093 ], [ 73.1825119256075, 22.323044796131093 ], [ 73.182223653540802, 22.323133685469436 ], [ 73.182031472163004, 22.323133685469436 ], [ 73.18183929078522, 22.323133685469436 ], [ 73.181647109407422, 22.323133685469436 ], [ 73.181454928029609, 22.323133685469436 ], [ 73.18116665596294, 22.323133685469436 ], [ 73.180974474585142, 22.323133685469436 ], [ 73.180782293207329, 22.323133685469436 ], [ 73.180590111829559, 22.323133685469436 ], [ 73.180397930451747, 22.323133685469436 ], [ 73.180109658385078, 22.323133685469436 ], [ 73.17991747700728, 22.323133685469436 ], [ 73.179533114251697, 22.323133685469436 ], [ 73.179340932873885, 22.323133685469436 ], [ 73.179052660807216, 22.323133685469436 ], [ 73.178860479429417, 22.323133685469436 ], [ 73.178668298051619, 22.323133685469436 ], [ 73.178380025984936, 22.322955906736137 ], [ 73.178187844607109, 22.322955906736137 ], [ 73.177899572540454, 22.322955906736137 ], [ 73.177611300473757, 22.322955906736137 ], [ 73.177323028407073, 22.322955906736137 ], [ 73.177130847029275, 22.322955906736137 ], [ 73.176938665651463, 22.322955906736137 ], [ 73.176554302895894, 22.322867017284551 ], [ 73.176362121518082, 22.322867017284551 ], [ 73.175977758762514, 22.322778127776346 ], [ 73.175785577384701, 22.32268923821152 ], [ 73.175785577384701, 22.32251145891199 ], [ 73.176073849451413, 22.32251145891199 ], [ 73.176169940140298, 22.322333679385974 ], [ 73.176362121518082, 22.322244789538036 ], [ 73.176458212206981, 22.322067009672285 ], [ 73.176554302895894, 22.321889229580052 ], [ 73.176650393584765, 22.321711449261333 ], [ 73.176842574962564, 22.321622559017047 ], [ 73.176842574962564, 22.321444778358611 ], [ 73.177034756340376, 22.321266997473685 ], [ 73.177034756340376, 22.321089216362285 ], [ 73.17722693771816, 22.321089216362285 ], [ 73.17722693771816, 22.32091143502441 ], [ 73.177323028407073, 22.320733653460042 ], [ 73.177419119095973, 22.320555871669217 ], [ 73.177611300473757, 22.320466980688874 ], [ 73.177611300473757, 22.320289198558335 ], [ 73.177707391162642, 22.320022524937894 ], [ 73.177803481851555, 22.31984474224118 ], [ 73.177899572540454, 22.319578067771474 ], [ 73.178091753918238, 22.319578067771474 ], [ 73.178091753918238, 22.319311392792226 ], [ 73.178187844607109, 22.319044717303438 ], [ 73.178187844607109, 22.318866933361161 ], [ 73.178380025984936, 22.318866933361161 ], [ 73.178380025984936, 22.318600257023149 ], [ 73.178476116673835, 22.318333580175601 ], [ 73.178668298051619, 22.318244687779856 ], [ 73.178668298051619, 22.317978010252936 ], [ 73.178764388740504, 22.317800224951927 ], [ 73.178764388740504, 22.317622439424468 ], [ 73.178860479429417, 22.317355760708683 ], [ 73.178956570118316, 22.317089081483388 ], [ 73.178956570118316, 22.316822401748592 ], [ 73.179148751496115, 22.316733508390431 ], [ 73.179148751496115, 22.316555721504287 ], [ 73.179340932873885, 22.316289040750501 ], [ 73.179340932873885, 22.316022359487224 ], [ 73.179340932873885, 22.315844571695322 ], [ 73.179437023562798, 22.315577889582908 ], [ 73.179629204940596, 22.315488995432226 ], [ 73.179629204940596, 22.31531120696102 ], [ 73.179725295629481, 22.315044523829656 ], [ 73.179725295629481, 22.314777840188832 ], [ 73.179821386318366, 22.314600050811908 ], [ 73.180013567696179, 22.314422261208566 ], [ 73.180013567696179, 22.314155576379001 ], [ 73.180109658385078, 22.313977786209591 ], [ 73.180205749073963, 22.313711100530949 ], [ 73.180205749073963, 22.313533309795492 ], [ 73.180301839762848, 22.313266623267786 ], [ 73.180301839762848, 22.313088831966287 ], [ 73.180301839762848, 22.312822144589518 ], [ 73.18049402114066, 22.312733248684061 ], [ 73.18049402114066, 22.312555456703326 ], [ 73.18049402114066, 22.312377664496179 ], [ 73.18049402114066, 22.312199872062628 ], [ 73.18049402114066, 22.312022079402681 ], [ 73.18049402114066, 22.311844286516319 ], [ 73.180590111829559, 22.311666493403553 ], [ 73.180590111829559, 22.31148870006438 ], [ 73.180590111829559, 22.311310906498807 ], [ 73.180686202518459, 22.311133112706848 ], [ 73.180686202518459, 22.310955318688482 ], [ 73.180686202518459, 22.310777524443715 ], [ 73.180590111829559, 22.310866421594401 ] ] ] } },
{ "type": "Feature", "properties": { "fid": 14, "ward_id": 2 }, "geometry": { "type": "Polygon", "coordinates": [ [ [ 73.17722693771816, 22.336644206373883 ], [ 73.176938665651463, 22.336644206373883 ], [ 73.176458212206981, 22.336644206373883 ], [ 73.176169940140298, 22.336821967662967 ], [ 73.175977758762514, 22.336821967662967 ], [ 73.175689486695816, 22.336821967662967 ], [ 73.175497305318032, 22.336821967662967 ], [ 73.17530512394022, 22.336821967662967 ], [ 73.175016851873551, 22.336821967662967 ], [ 73.174824670495738, 22.336821967662967 ], [ 73.174632489117954, 22.336821967662967 ], [ 73.174536398429069, 22.337177489561309 ], [ 73.174632489117954, 22.337444130390232 ], [ 73.174824670495738, 22.337444130390232 ], [ 73.174824670495738, 22.337621890659587 ], [ 73.175016851873551, 22.337710770709283 ], [ 73.175112942562421, 22.337888530638718 ], [ 73.175112942562421, 22.338066290341537 ], [ 73.175112942562421, 22.338332929470873 ], [ 73.175112942562421, 22.338510688607169 ], [ 73.175112942562421, 22.338688447516834 ], [ 73.175112942562421, 22.338955085456426 ], [ 73.175112942562421, 22.339221722886116 ], [ 73.175112942562421, 22.339399480889309 ], [ 73.17530512394022, 22.339754996215806 ], [ 73.175401214629119, 22.340021632115786 ], [ 73.175497305318032, 22.340288267505848 ], [ 73.175689486695816, 22.340643780566054 ], [ 73.175689486695816, 22.340821536756209 ], [ 73.175785577384701, 22.340999292719719 ], [ 73.175785577384701, 22.341265926240045 ], [ 73.1758816680736, 22.341532559250432 ], [ 73.176073849451413, 22.341976946467888 ], [ 73.176073849451413, 22.342154700958226 ], [ 73.176073849451413, 22.342332455221928 ], [ 73.176169940140298, 22.342687963069384 ], [ 73.176169940140298, 22.342865716653147 ], [ 73.176169940140298, 22.343132346603809 ], [ 73.176362121518082, 22.343487852411393 ], [ 73.176362121518082, 22.343665604975204 ], [ 73.176554302895894, 22.344109985393086 ], [ 73.176554302895894, 22.344376612963838 ], [ 73.176554302895894, 22.344554364394334 ], [ 73.176554302895894, 22.34473211559818 ], [ 73.176554302895894, 22.344909866575346 ], [ 73.176554302895894, 22.345176492616094 ], [ 73.176554302895894, 22.345354243026591 ], [ 73.176554302895894, 22.345531993210418 ], [ 73.176554302895894, 22.345798618061139 ], [ 73.176554302895894, 22.345976367678269 ], [ 73.176554302895894, 22.346242991678967 ], [ 73.176362121518082, 22.346509615169619 ], [ 73.176362121518082, 22.346687363880044 ], [ 73.176362121518082, 22.346953986520646 ], [ 73.176073849451413, 22.347042860620842 ], [ 73.176073849451413, 22.347220608651199 ], [ 73.1758816680736, 22.347220608651199 ], [ 73.175785577384701, 22.347487230271714 ], [ 73.175593396006931, 22.347576104031884 ], [ 73.175401214629119, 22.347576104031884 ], [ 73.175401214629119, 22.34775385138218 ], [ 73.175112942562421, 22.34802047198259 ], [ 73.174824670495738, 22.348287092072944 ], [ 73.174824670495738, 22.348553711653224 ], [ 73.174824670495738, 22.348731457756713 ], [ 73.174824670495738, 22.3489092036335 ], [ 73.174536398429069, 22.349175822023614 ], [ 73.174536398429069, 22.349442439903644 ], [ 73.174536398429069, 22.349620184873622 ], [ 73.174344217051257, 22.349797929616884 ], [ 73.174152035673472, 22.349886801903512 ], [ 73.174152035673472, 22.350064546306712 ], [ 73.173959854295688, 22.350153418423304 ], [ 73.173671582228977, 22.350420034433 ], [ 73.173671582228977, 22.350597778156072 ], [ 73.173671582228977, 22.350775521652437 ], [ 73.173575491540078, 22.350953264922079 ], [ 73.173383310162308, 22.351131007965005 ], [ 73.173575491540078, 22.351131007965005 ], [ 73.173767672917876, 22.351131007965005 ], [ 73.173959854295688, 22.351131007965005 ], [ 73.174152035673472, 22.351131007965005 ], [ 73.174344217051257, 22.351131007965005 ], [ 73.174536398429069, 22.351131007965005 ], [ 73.174728579806839, 22.351131007965005 ], [ 73.174920761184651, 22.351042136471882 ], [ 73.175209033251335, 22.350953264922079 ], [ 73.17530512394022, 22.350775521652437 ], [ 73.175497305318032, 22.350775521652437 ], [ 73.175785577384701, 22.350686649932591 ], [ 73.175977758762514, 22.350597778156072 ], [ 73.176169940140298, 22.350508906322872 ], [ 73.176362121518082, 22.350508906322872 ], [ 73.176554302895894, 22.350508906322872 ], [ 73.176746484273679, 22.350508906322872 ], [ 73.176938665651463, 22.350508906322872 ], [ 73.17722693771816, 22.350508906322872 ], [ 73.177515209784843, 22.350508906322872 ], [ 73.177611300473757, 22.350331162486448 ], [ 73.177803481851555, 22.350331162486448 ], [ 73.178091753918252, 22.350331162486448 ], [ 73.178283935296022, 22.350331162486448 ], [ 73.178572207362734, 22.350331162486448 ], [ 73.178860479429417, 22.350331162486448 ], [ 73.179148751496115, 22.350331162486448 ], [ 73.179340932873885, 22.350331162486448 ], [ 73.179629204940596, 22.350331162486448 ], [ 73.179821386318366, 22.350331162486448 ], [ 73.180013567696179, 22.350331162486448 ], [ 73.180205749073963, 22.350331162486448 ], [ 73.180397930451747, 22.350331162486448 ], [ 73.180686202518459, 22.350331162486448 ], [ 73.180974474585142, 22.350331162486448 ], [ 73.181262746651839, 22.350331162486448 ], [ 73.181454928029609, 22.350331162486448 ], [ 73.181743200096307, 22.350331162486448 ], [ 73.182031472163004, 22.350331162486448 ], [ 73.182223653540802, 22.350331162486448 ], [ 73.182415834918601, 22.350331162486448 ], [ 73.182704106985284, 22.350331162486448 ], [ 73.182896288363082, 22.350331162486448 ], [ 73.183184560429765, 22.350331162486448 ], [ 73.183472832496463, 22.350331162486448 ], [ 73.183665013874247, 22.350242290483212 ], [ 73.183953285940945, 22.350242290483212 ], [ 73.184145467318743, 22.350242290483212 ], [ 73.184433739385426, 22.350242290483212 ], [ 73.184529830074325, 22.350064546306712 ], [ 73.184722011452109, 22.350064546306712 ], [ 73.185010283518807, 22.350064546306712 ], [ 73.185202464896605, 22.350064546306712 ], [ 73.185394646274375, 22.350064546306712 ], [ 73.185586827652187, 22.350064546306712 ], [ 73.185779009029986, 22.350242290483212 ], [ 73.18597119040777, 22.350331162486448 ], [ 73.186259462474467, 22.350508906322872 ], [ 73.186547734541151, 22.350597778156072 ], [ 73.186739915918963, 22.350597778156072 ], [ 73.186932097296747, 22.350597778156072 ], [ 73.187124278674531, 22.350597778156072 ], [ 73.18722036936343, 22.350864393315593 ], [ 73.187508641430128, 22.350953264922079 ], [ 73.187508641430128, 22.351131007965005 ], [ 73.187604732119013, 22.351397622104304 ], [ 73.187796913496811, 22.351397622104304 ], [ 73.187796913496811, 22.351575364580427 ], [ 73.187796913496811, 22.35175310682984 ], [ 73.187989094874609, 22.352019719778845 ], [ 73.188181276252394, 22.352019719778845 ], [ 73.188181276252394, 22.352286332217716 ], [ 73.188277366941307, 22.352464073560228 ], [ 73.188469548319091, 22.35255294414646 ], [ 73.188469548319091, 22.352730685148867 ], [ 73.18856563900799, 22.352997296227368 ], [ 73.188757820385774, 22.353086166473503 ], [ 73.188757820385774, 22.353263906795711 ], [ 73.188853911074673, 22.353530516853915 ], [ 73.189046092452472, 22.353974865817214 ], [ 73.189142183141371, 22.354241474514975 ], [ 73.189334364519155, 22.354508082702562 ], [ 73.189430455208054, 22.354774690379969 ], [ 73.189430455208054, 22.354952428548145 ], [ 73.189526545896953, 22.355130166489566 ], [ 73.189526545896953, 22.355307904204238 ], [ 73.189526545896953, 22.355574510351094 ], [ 73.189622636585852, 22.355841115987754 ], [ 73.189622636585852, 22.356018852795412 ], [ 73.189814817963651, 22.356374325730453 ], [ 73.189814817963651, 22.35655206185784 ], [ 73.189814817963651, 22.356729797758462 ], [ 73.189814817963651, 22.35690753343232 ], [ 73.189814817963651, 22.357085268879413 ], [ 73.189622636585852, 22.357440739093295 ], [ 73.189622636585852, 22.3576184738601 ], [ 73.189430455208054, 22.357796208400121 ], [ 73.189238273830256, 22.357885075585092 ], [ 73.189142183141371, 22.358062809784951 ], [ 73.188853911074673, 22.358151676799849 ], [ 73.188853911074673, 22.35832941065955 ], [ 73.188661729696875, 22.358507144292485 ], [ 73.188469548319091, 22.358862610878003 ], [ 73.188469548319091, 22.359129210221845 ], [ 73.188469548319091, 22.359306942834269 ], [ 73.188469548319091, 22.359484675219907 ], [ 73.188277366941307, 22.35966240737876 ], [ 73.188277366941307, 22.359840139310815 ], [ 73.188277366941307, 22.360017871016094 ], [ 73.188277366941307, 22.360195602494585 ], [ 73.188277366941307, 22.360373333746281 ], [ 73.188277366941307, 22.360639930198591 ], [ 73.188277366941307, 22.360817660883306 ], [ 73.188277366941307, 22.36099539134122 ], [ 73.188277366941307, 22.361261986602852 ], [ 73.188277366941307, 22.361528581354182 ], [ 73.188277366941307, 22.361706310904903 ], [ 73.188277366941307, 22.361972904805739 ], [ 73.188277366941307, 22.362239498196246 ], [ 73.188181276252394, 22.362506091076451 ], [ 73.188181276252394, 22.362683819379743 ], [ 73.188181276252394, 22.362861547456212 ], [ 73.188181276252394, 22.363128139145665 ], [ 73.188373457630192, 22.363128139145665 ], [ 73.188661729696875, 22.363128139145665 ], [ 73.188853911074673, 22.363128139145665 ], [ 73.189046092452472, 22.363128139145665 ], [ 73.189238273830256, 22.363128139145665 ], [ 73.189526545896953, 22.363128139145665 ], [ 73.189718727274737, 22.363128139145665 ], [ 73.189910908652536, 22.363128139145665 ], [ 73.190103090030334, 22.363128139145665 ], [ 73.190391362097017, 22.363128139145665 ], [ 73.190583543474816, 22.363128139145665 ], [ 73.190775724852628, 22.363128139145665 ], [ 73.190967906230398, 22.363217002928739 ], [ 73.191160087608196, 22.3633058666551 ], [ 73.191448359674894, 22.363572457493991 ], [ 73.191640541052678, 22.363572457493991 ], [ 73.19183272243049, 22.363750184436398 ], [ 73.192024903808274, 22.363927911151983 ], [ 73.192217085186059, 22.363927911151983 ], [ 73.192313175874972, 22.364105637640748 ], [ 73.192505357252756, 22.364105637640748 ], [ 73.19269753863054, 22.364105637640748 ], [ 73.192889720008324, 22.364372226948607 ], [ 73.193081901386137, 22.364372226948607 ], [ 73.193274082763921, 22.364372226948607 ], [ 73.193466264141719, 22.364372226948607 ], [ 73.193754536208402, 22.364372226948607 ], [ 73.1940428082751, 22.364372226948607 ], [ 73.194234989652884, 22.364372226948607 ], [ 73.194427171030668, 22.364461089937805 ], [ 73.19461935240848, 22.364461089937805 ], [ 73.194811533786265, 22.364461089937805 ], [ 73.194907624475178, 22.364283363902693 ], [ 73.195099805852962, 22.364283363902693 ], [ 73.195099805852962, 22.364105637640748 ], [ 73.195195896541875, 22.363927911151983 ], [ 73.195291987230746, 22.36366132099355 ], [ 73.195388077919645, 22.363483593937737 ], [ 73.195484168608544, 22.363217002928739 ], [ 73.195484168608544, 22.362950411409404 ], [ 73.195676349986357, 22.362950411409404 ], [ 73.195676349986357, 22.362772683446334 ], [ 73.195772440675256, 22.362594955256444 ], [ 73.195964622053026, 22.362594955256444 ], [ 73.195964622053026, 22.362417226839746 ], [ 73.196060712741925, 22.362150633789444 ], [ 73.196252894119738, 22.362150633789444 ], [ 73.196252894119738, 22.361972904805739 ], [ 73.196348984808637, 22.361706310904903 ], [ 73.196348984808637, 22.361528581354182 ], [ 73.196348984808637, 22.361350851576667 ], [ 73.196348984808637, 22.361173121572342 ], [ 73.196348984808637, 22.36099539134122 ], [ 73.196348984808637, 22.360817660883306 ], [ 73.196348984808637, 22.360639930198591 ], [ 73.196348984808637, 22.360462199287085 ], [ 73.196252894119738, 22.360195602494585 ], [ 73.195964622053026, 22.360106736783685 ], [ 73.195964622053026, 22.359929005191802 ], [ 73.195964622053026, 22.359751273373139 ], [ 73.196156803430824, 22.359751273373139 ], [ 73.196156803430824, 22.359573541327681 ], [ 73.196348984808637, 22.359573541327681 ], [ 73.196637256875306, 22.359484675219907 ], [ 73.196637256875306, 22.359306942834269 ], [ 73.196925528941989, 22.359218076556406 ], [ 73.197021619630902, 22.359040343830596 ], [ 73.197021619630902, 22.358862610878003 ], [ 73.197021619630902, 22.358684877698625 ], [ 73.197117710319787, 22.358507144292485 ], [ 73.197117710319787, 22.35832941065955 ], [ 73.197213801008687, 22.358062809784951 ], [ 73.197405982386499, 22.357973942713361 ], [ 73.197405982386499, 22.357796208400121 ], [ 73.197405982386499, 22.3576184738601 ], [ 73.197598163764269, 22.3576184738601 ], [ 73.197790345142081, 22.357529606505043 ], [ 73.197790345142081, 22.357351871624875 ], [ 73.197886435830981, 22.357085268879413 ], [ 73.19817470789765, 22.356818665623734 ], [ 73.19817470789765, 22.356640929836491 ], [ 73.19817470789765, 22.356463193822496 ], [ 73.198462979964333, 22.356374325730453 ], [ 73.198462979964333, 22.356196589376307 ], [ 73.198559070653246, 22.356018852795412 ], [ 73.198655161342131, 22.355841115987754 ], [ 73.19875125203103, 22.355663378953334 ], [ 73.198847342719944, 22.355485641692162 ], [ 73.198943433408843, 22.355307904204238 ], [ 73.199135614786627, 22.355219035375246 ], [ 73.199135614786627, 22.355041297547192 ], [ 73.199231705475512, 22.354774690379969 ], [ 73.199423886853324, 22.354685821210854 ], [ 73.199519977542209, 22.354508082702562 ], [ 73.199616068231109, 22.354330343967515 ], [ 73.199904340297806, 22.354241474514975 ], [ 73.199904340297806, 22.354063735439819 ], [ 73.200000430986705, 22.353885996137919 ], [ 73.20009652167559, 22.353708256609281 ], [ 73.200192612364503, 22.353530516853915 ], [ 73.200192612364503, 22.353352776871802 ], [ 73.200384793742273, 22.353352776871802 ], [ 73.200384793742273, 22.353175036662954 ], [ 73.200384793742273, 22.352997296227368 ], [ 73.200480884431187, 22.352819555565048 ], [ 73.200480884431187, 22.352641814676005 ], [ 73.200480884431187, 22.352375202917315 ], [ 73.200673065808985, 22.352375202917315 ], [ 73.200673065808985, 22.352108590648481 ], [ 73.200865247186783, 22.351841977869523 ], [ 73.200865247186783, 22.35166423573348 ], [ 73.200865247186783, 22.351397622104304 ], [ 73.200961337875682, 22.351131007965005 ], [ 73.200961337875682, 22.350953264922079 ], [ 73.200961337875682, 22.350686649932591 ], [ 73.201153519253452, 22.350686649932591 ], [ 73.201153519253452, 22.350420034433 ], [ 73.201249609942366, 22.350242290483212 ], [ 73.201249609942366, 22.350064546306712 ], [ 73.201441791320164, 22.349975674133454 ], [ 73.201441791320164, 22.349797929616884 ], [ 73.201537882009049, 22.349620184873622 ], [ 73.201633972697934, 22.349442439903644 ], [ 73.201633972697934, 22.349264694706967 ], [ 73.201826154075746, 22.349086949283588 ], [ 73.201922244764646, 22.348820330723441 ], [ 73.202114426142415, 22.348731457756713 ], [ 73.202114426142415, 22.348553711653224 ], [ 73.202210516831315, 22.348287092072944 ], [ 73.202210516831315, 22.34802047198259 ], [ 73.202402698209127, 22.347931598505799 ], [ 73.202402698209127, 22.34775385138218 ], [ 73.202498788898026, 22.347576104031884 ], [ 73.202594879586897, 22.347309482581384 ], [ 73.202690970275796, 22.347131734664359 ], [ 73.202690970275796, 22.346953986520646 ], [ 73.20278706096471, 22.346776238150252 ], [ 73.20278706096471, 22.34659848955317 ], [ 73.20278706096471, 22.346420740729407 ], [ 73.20278706096471, 22.346242991678967 ], [ 73.20278706096471, 22.346065242401838 ], [ 73.20278706096471, 22.345798618061139 ], [ 73.20278706096471, 22.345620868217321 ], [ 73.20278706096471, 22.345443118146843 ], [ 73.20278706096471, 22.345176492616094 ], [ 73.20278706096471, 22.344998741978934 ], [ 73.20278706096471, 22.344820991115096 ], [ 73.202690970275796, 22.344643240024592 ], [ 73.202498788898026, 22.344465488707424 ], [ 73.202498788898026, 22.344287737163583 ], [ 73.202498788898026, 22.344109985393086 ], [ 73.202306607520228, 22.344021109422844 ], [ 73.202306607520228, 22.343843357312355 ], [ 73.202114426142415, 22.343843357312355 ], [ 73.202018335453531, 22.343665604975204 ], [ 73.201633972697934, 22.343487852411393 ], [ 73.201345700631265, 22.343398976044494 ], [ 73.201345700631265, 22.343221223140702 ], [ 73.201057428564553, 22.343043470010247 ], [ 73.200769156497884, 22.34295459336003 ], [ 73.200576975120072, 22.342776839889599 ], [ 73.200576975120072, 22.342599086192518 ], [ 73.200384793742273, 22.342510209258986 ], [ 73.200192612364503, 22.342243578118406 ], [ 73.200192612364503, 22.341976946467888 ], [ 73.199904340297806, 22.341710314307395 ], [ 73.199904340297806, 22.341532559250432 ], [ 73.199904340297806, 22.341354803966841 ], [ 73.199904340297806, 22.341177048456604 ], [ 73.199904340297806, 22.340910414766292 ], [ 73.199904340297806, 22.340732658689454 ], [ 73.199904340297806, 22.340554902385986 ], [ 73.199808249608893, 22.340377145855886 ], [ 73.199808249608893, 22.340199389099155 ], [ 73.199616068231109, 22.340199389099155 ], [ 73.199616068231109, 22.340021632115786 ], [ 73.199423886853324, 22.339843874905792 ], [ 73.199423886853324, 22.339666117469172 ], [ 73.199423886853324, 22.33948835980592 ], [ 73.199327796164411, 22.339221722886116 ], [ 73.199039524097728, 22.339132843799543 ], [ 73.199039524097728, 22.338955085456426 ], [ 73.199039524097728, 22.338777326886689 ], [ 73.198943433408843, 22.338599568090324 ], [ 73.198847342719944, 22.338332929470873 ], [ 73.198655161342131, 22.338332929470873 ], [ 73.198655161342131, 22.338066290341537 ], [ 73.198462979964333, 22.338066290341537 ], [ 73.198366889275462, 22.337799650702323 ], [ 73.198270798586549, 22.337533010553237 ], [ 73.198078617208765, 22.337533010553237 ], [ 73.197886435830981, 22.337533010553237 ], [ 73.197694254453168, 22.337533010553237 ], [ 73.197502073075384, 22.337533010553237 ], [ 73.1973098916976, 22.337533010553237 ], [ 73.197117710319787, 22.337533010553237 ], [ 73.196925528941989, 22.337533010553237 ], [ 73.196541166186407, 22.337355250170578 ], [ 73.196348984808637, 22.337355250170578 ], [ 73.195964622053026, 22.337266369894266 ], [ 73.195772440675256, 22.337266369894266 ], [ 73.195484168608544, 22.337088609171705 ], [ 73.195195896541875, 22.336999728725445 ], [ 73.195003715164063, 22.336999728725445 ], [ 73.194715443097365, 22.336821967662967 ], [ 73.194331080341783, 22.336733087046756 ], [ 73.1940428082751, 22.336555325644369 ], [ 73.193754536208402, 22.336466444858207 ], [ 73.193562354830618, 22.336377564015386 ], [ 73.193274082763921, 22.336288683115921 ], [ 73.193274082763921, 22.336110921147036 ], [ 73.193177992075022, 22.335933158951558 ], [ 73.193370173452834, 22.335844277768842 ], [ 73.193562354830618, 22.335755396529475 ], [ 73.193754536208402, 22.33566651523347 ], [ 73.193946717586201, 22.33566651523347 ], [ 73.1940428082751, 22.335488752471495 ], [ 73.194138898963999, 22.335222107903675 ], [ 73.194234989652884, 22.334955462826034 ], [ 73.194427171030668, 22.334866581020197 ], [ 73.194427171030668, 22.334688817238568 ], [ 73.194427171030668, 22.334511053230347 ], [ 73.194523261719581, 22.334333288995552 ], [ 73.194523261719581, 22.334155524534172 ], [ 73.19461935240848, 22.333977759846203 ], [ 73.194811533786265, 22.333888877417248 ], [ 73.194811533786265, 22.33371111238942 ], [ 73.195003715164063, 22.33371111238942 ], [ 73.195099805852962, 22.333444464422822 ], [ 73.195195896541875, 22.333266698828545 ], [ 73.195388077919645, 22.33308893300768 ], [ 73.195484168608544, 22.332822283851577 ], [ 73.195676349986357, 22.332822283851577 ], [ 73.195676349986357, 22.332644517464292 ], [ 73.195868531364155, 22.332555634185681 ], [ 73.195964622053026, 22.33237786745854 ], [ 73.195964622053026, 22.332200100504824 ], [ 73.196252894119738, 22.331933449649448 ], [ 73.196348984808637, 22.331666798284296 ], [ 73.196541166186407, 22.331577914382628 ], [ 73.196541166186407, 22.331400146409376 ], [ 73.196829438253118, 22.331222378209574 ], [ 73.196829438253118, 22.331044609783198 ], [ 73.196925528941989, 22.330777956718848 ], [ 73.197021619630902, 22.33051130314475 ], [ 73.197021619630902, 22.330333533812155 ], [ 73.197213801008687, 22.330155764253014 ], [ 73.197213801008687, 22.32997799446732 ], [ 73.197213801008687, 22.329800224455077 ], [ 73.1973098916976, 22.329533569011932 ], [ 73.1973098916976, 22.329355798433323 ], [ 73.1973098916976, 22.329178027628178 ], [ 73.1973098916976, 22.329000256596476 ], [ 73.1973098916976, 22.32882248533824 ], [ 73.197502073075384, 22.32882248533824 ], [ 73.197502073075384, 22.328644713853453 ], [ 73.197502073075384, 22.328378056201537 ], [ 73.197502073075384, 22.328111398039905 ], [ 73.197694254453168, 22.328022511872764 ], [ 73.197694254453168, 22.327844739368572 ], [ 73.197694254453168, 22.327666966637853 ], [ 73.197694254453168, 22.327400307117028 ], [ 73.197790345142081, 22.327133647086519 ], [ 73.197790345142081, 22.326866986546321 ], [ 73.197790345142081, 22.326689212569701 ], [ 73.197790345142081, 22.326511438366555 ], [ 73.197790345142081, 22.326333663936893 ], [ 73.197790345142081, 22.326155889280713 ], [ 73.197790345142081, 22.325978114398001 ], [ 73.197790345142081, 22.325800339288783 ], [ 73.197694254453168, 22.325533676200244 ], [ 73.197694254453168, 22.325355900524738 ], [ 73.197598163764269, 22.325178124622717 ], [ 73.197405982386499, 22.325178124622717 ], [ 73.197405982386499, 22.325000348494196 ], [ 73.197213801008687, 22.324911460344985 ], [ 73.197021619630902, 22.324822572139155 ], [ 73.196829438253118, 22.324822572139155 ], [ 73.196541166186407, 22.324911460344985 ], [ 73.196348984808637, 22.324911460344985 ], [ 73.196252894119738, 22.32508923658677 ], [ 73.196060712741925, 22.325178124622717 ], [ 73.196060712741925, 22.325355900524738 ], [ 73.195868531364155, 22.325355900524738 ], [ 73.195580259297444, 22.325444788390808 ], [ 73.195291987230746, 22.325711451649237 ], [ 73.195099805852962, 22.325711451649237 ], [ 73.194811533786265, 22.325978114398001 ], [ 73.19461935240848, 22.325978114398001 ], [ 73.194427171030668, 22.325978114398001 ], [ 73.194234989652884, 22.325978114398001 ], [ 73.193946717586201, 22.325978114398001 ], [ 73.193754536208402, 22.325978114398001 ], [ 73.193562354830618, 22.325978114398001 ], [ 73.193274082763921, 22.325978114398001 ], [ 73.193081901386137, 22.325978114398001 ], [ 73.192889720008324, 22.325978114398001 ], [ 73.192601447941641, 22.325978114398001 ], [ 73.192409266563857, 22.325978114398001 ], [ 73.192120994497159, 22.325978114398001 ], [ 73.191640541052678, 22.325978114398001 ], [ 73.19125617829711, 22.325978114398001 ], [ 73.191063996919297, 22.325978114398001 ], [ 73.190967906230398, 22.325800339288783 ], [ 73.190871815541499, 22.325533676200244 ], [ 73.190775724852628, 22.325355900524738 ], [ 73.190679634163715, 22.325178124622717 ], [ 73.190487452785916, 22.32508923658677 ], [ 73.190295271408118, 22.324911460344985 ], [ 73.190295271408118, 22.324733683876698 ], [ 73.190006999341435, 22.324555907181892 ], [ 73.189718727274737, 22.324378130260595 ], [ 73.189334364519155, 22.324111464453946 ], [ 73.189142183141371, 22.323933686966384 ], [ 73.189142183141371, 22.323755909252313 ], [ 73.188757820385774, 22.323578131311763 ], [ 73.188469548319091, 22.323489242256539 ], [ 73.188277366941307, 22.323489242256539 ], [ 73.188085185563509, 22.323400353144702 ], [ 73.187796913496811, 22.323400353144702 ], [ 73.187508641430128, 22.323400353144702 ], [ 73.18731646005233, 22.323400353144702 ], [ 73.187028187985646, 22.323222574751142 ], [ 73.186739915918963, 22.323222574751142 ], [ 73.186355553163366, 22.323133685469433 ], [ 73.186163371785568, 22.323133685469433 ], [ 73.185875099718857, 22.323133685469433 ], [ 73.185586827652187, 22.322955906736134 ], [ 73.185394646274375, 22.322955906736134 ], [ 73.185202464896605, 22.322955906736134 ], [ 73.185010283518807, 22.322955906736134 ], [ 73.184818102140994, 22.322955906736134 ], [ 73.184433739385426, 22.323133685469433 ], [ 73.184049376629844, 22.323222574751142 ], [ 73.183953285940945, 22.323400353144702 ], [ 73.183953285940945, 22.323667020310349 ], [ 73.183857195252045, 22.323933686966384 ], [ 73.183857195252045, 22.324111464453946 ], [ 73.183857195252045, 22.324467018749566 ], [ 73.183857195252045, 22.324644795557614 ], [ 73.183857195252045, 22.324822572139155 ], [ 73.183857195252045, 22.325000348494196 ], [ 73.183857195252045, 22.325178124622717 ], [ 73.183857195252045, 22.325355900524738 ], [ 73.183857195252045, 22.325533676200244 ], [ 73.183857195252045, 22.325711451649237 ], [ 73.183857195252045, 22.32588922687172 ], [ 73.183857195252045, 22.326067001867667 ], [ 73.183953285940945, 22.326422551180045 ], [ 73.183953285940945, 22.326600325496447 ], [ 73.184241558007642, 22.326689212569701 ], [ 73.184433739385426, 22.326955873449684 ], [ 73.184625920763224, 22.326955873449684 ], [ 73.184722011452109, 22.327133647086519 ], [ 73.184914192829908, 22.327133647086519 ], [ 73.184914192829908, 22.327311420496823 ], [ 73.185106374207706, 22.327311420496823 ], [ 73.185106374207706, 22.327489193680606 ], [ 73.185106374207706, 22.327666966637853 ], [ 73.185202464896605, 22.327933625648988 ], [ 73.185202464896605, 22.328111398039905 ], [ 73.185202464896605, 22.328289170204297 ], [ 73.185202464896605, 22.32846694214215 ], [ 73.185202464896605, 22.328644713853453 ], [ 73.18529855558549, 22.328911370995669 ], [ 73.18529855558549, 22.329089142140646 ], [ 73.185394646274375, 22.329444683750946 ], [ 73.185394646274375, 22.329622454216292 ], [ 73.185586827652187, 22.329622454216292 ], [ 73.185586827652187, 22.329800224455077 ], [ 73.185586827652187, 22.32997799446732 ], [ 73.185682918341087, 22.330155764253014 ], [ 73.185682918341087, 22.330333533812155 ], [ 73.185779009029986, 22.33051130314475 ], [ 73.18597119040777, 22.330600187726088 ], [ 73.18597119040777, 22.330777956718848 ], [ 73.186067281096669, 22.331044609783198 ], [ 73.186259462474467, 22.331311262337792 ], [ 73.186355553163366, 22.331755682129316 ], [ 73.186547734541151, 22.332022333324545 ], [ 73.18664382523005, 22.332288984009999 ], [ 73.186836006607848, 22.332555634185681 ], [ 73.186932097296747, 22.332822283851577 ], [ 73.187124278674531, 22.332822283851577 ], [ 73.18731646005233, 22.332911166960258 ], [ 73.187508641430128, 22.332911166960258 ], [ 73.187700822807912, 22.333266698828545 ], [ 73.18789300418571, 22.333533347134999 ], [ 73.188181276252394, 22.33371111238942 ], [ 73.188373457630192, 22.333799994931656 ], [ 73.18856563900799, 22.333977759846203 ], [ 73.18856563900799, 22.334155524534172 ], [ 73.18856563900799, 22.334333288995552 ], [ 73.188757820385774, 22.334688817238568 ], [ 73.189046092452472, 22.335222107903675 ], [ 73.189142183141371, 22.33566651523347 ], [ 73.189142183141371, 22.335844277768842 ], [ 73.189334364519155, 22.336110921147036 ], [ 73.189334364519155, 22.336288683115921 ], [ 73.189334364519155, 22.336466444858207 ], [ 73.189430455208054, 22.336733087046756 ], [ 73.189430455208054, 22.336910848222534 ], [ 73.189430455208054, 22.337088609171705 ], [ 73.189430455208054, 22.337266369894266 ], [ 73.189430455208054, 22.337444130390232 ], [ 73.189238273830256, 22.337533010553237 ], [ 73.188950001763573, 22.337533010553237 ], [ 73.188661729696875, 22.337533010553237 ], [ 73.188373457630192, 22.337533010553237 ], [ 73.188181276252394, 22.337533010553237 ], [ 73.187989094874609, 22.337533010553237 ], [ 73.187700822807912, 22.337533010553237 ], [ 73.187412550741229, 22.337533010553237 ], [ 73.18722036936343, 22.337533010553237 ], [ 73.187028187985646, 22.337533010553237 ], [ 73.186836006607848, 22.337533010553237 ], [ 73.18664382523005, 22.337533010553237 ], [ 73.186451643852237, 22.337533010553237 ], [ 73.186163371785568, 22.337710770709283 ], [ 73.18597119040777, 22.337710770709283 ], [ 73.185682918341087, 22.337710770709283 ], [ 73.185394646274375, 22.337710770709283 ], [ 73.185106374207706, 22.337710770709283 ], [ 73.184722011452109, 22.337888530638718 ], [ 73.184529830074325, 22.337888530638718 ], [ 73.184337648696513, 22.337888530638718 ], [ 73.184049376629844, 22.337888530638718 ], [ 73.183761104563146, 22.337888530638718 ], [ 73.183568923185362, 22.337888530638718 ], [ 73.183376741807564, 22.337888530638718 ], [ 73.183184560429765, 22.337888530638718 ], [ 73.182992379051981, 22.337888530638718 ], [ 73.182800197674183, 22.337888530638718 ], [ 73.1825119256075, 22.337888530638718 ], [ 73.182223653540802, 22.337888530638718 ], [ 73.182031472163004, 22.337888530638718 ], [ 73.182031472163004, 22.337710770709283 ], [ 73.18183929078522, 22.337710770709283 ], [ 73.18135883734071, 22.337444130390232 ], [ 73.18116665596294, 22.337355250170578 ], [ 73.180974474585142, 22.337355250170578 ], [ 73.180782293207329, 22.337355250170578 ], [ 73.180782293207329, 22.337177489561309 ], [ 73.180590111829559, 22.337177489561309 ], [ 73.180397930451747, 22.337177489561309 ], [ 73.180109658385078, 22.337177489561309 ], [ 73.179725295629481, 22.337177489561309 ], [ 73.179340932873885, 22.337088609171705 ], [ 73.179052660807216, 22.337088609171705 ], [ 73.178764388740504, 22.337088609171705 ], [ 73.178572207362734, 22.337088609171705 ], [ 73.178283935296022, 22.337088609171705 ], [ 73.177995663229353, 22.337088609171705 ], [ 73.177803481851555, 22.337088609171705 ], [ 73.177611300473757, 22.336999728725445 ], [ 73.177419119095973, 22.336999728725445 ], [ 73.17722693771816, 22.336999728725445 ], [ 73.177034756340376, 22.336999728725445 ], [ 73.176842574962592, 22.336999728725445 ], [ 73.176554302895894, 22.336821967662967 ], [ 73.176362121518082, 22.336821967662967 ], [ 73.176169940140298, 22.336821967662967 ], [ 73.175977758762514, 22.336821967662967 ], [ 73.175785577384701, 22.336821967662967 ], [ 73.175593396006931, 22.336733087046756 ], [ 73.175401214629119, 22.336733087046756 ], [ 73.17722693771816, 22.336644206373883 ] ] ] } },
{ "type": "Feature", "properties": { "fid": 15, "ward_id": 1 }, "geometry": { "type": "Polygon", "coordinates": [ [ [ 73.184049376629844, 22.36366132099355 ], [ 73.184337648696513, 22.363572457493991 ], [ 73.184337648696513, 22.363394730324778 ], [ 73.184529830074325, 22.363394730324778 ], [ 73.184722011452109, 22.3633058666551 ], [ 73.184722011452109, 22.363128139145665 ], [ 73.184914192829908, 22.363128139145665 ], [ 73.185106374207706, 22.363039275305887 ], [ 73.185394646274375, 22.362861547456212 ], [ 73.185682918341087, 22.362861547456212 ], [ 73.185875099718857, 22.362772683446334 ], [ 73.186067281096669, 22.362772683446334 ], [ 73.186355553163338, 22.362772683446334 ], [ 73.186547734541151, 22.362772683446334 ], [ 73.186739915918963, 22.362772683446334 ], [ 73.186932097296719, 22.362772683446334 ], [ 73.187124278674531, 22.362772683446334 ], [ 73.18731646005233, 22.362772683446334 ], [ 73.187508641430099, 22.362772683446334 ], [ 73.187700822807912, 22.362772683446334 ], [ 73.18789300418571, 22.362772683446334 ], [ 73.187989094874609, 22.362594955256444 ], [ 73.187989094874609, 22.362417226839746 ], [ 73.187989094874609, 22.362239498196246 ], [ 73.187989094874609, 22.362061769325944 ], [ 73.187989094874609, 22.36188404022883 ], [ 73.187989094874609, 22.361706310904903 ], [ 73.187989094874609, 22.361528581354182 ], [ 73.187989094874609, 22.361261986602852 ], [ 73.187989094874609, 22.361084256485125 ], [ 73.187989094874609, 22.36090652614061 ], [ 73.187989094874609, 22.360639930198591 ], [ 73.187989094874609, 22.360373333746281 ], [ 73.187989094874609, 22.360195602494585 ], [ 73.187989094874609, 22.360017871016094 ], [ 73.187989094874609, 22.359751273373139 ], [ 73.188085185563509, 22.359484675219907 ], [ 73.188085185563509, 22.359306942834269 ], [ 73.188085185563509, 22.359129210221845 ], [ 73.188085185563509, 22.358951477382643 ], [ 73.188277366941293, 22.358951477382643 ], [ 73.188277366941293, 22.358773744316668 ], [ 73.188277366941293, 22.358596011023906 ], [ 73.188277366941293, 22.35832941065955 ], [ 73.188469548319091, 22.358240543758047 ], [ 73.188661729696875, 22.358151676799849 ], [ 73.188853911074673, 22.358062809784951 ], [ 73.188950001763573, 22.357796208400121 ], [ 73.189142183141371, 22.357796208400121 ], [ 73.189238273830256, 22.357529606505043 ], [ 73.189430455208054, 22.357529606505043 ], [ 73.189622636585852, 22.357351871624875 ], [ 73.189622636585852, 22.357174136517926 ], [ 73.189622636585852, 22.356996401184215 ], [ 73.189622636585852, 22.356818665623734 ], [ 73.189622636585852, 22.356640929836491 ], [ 73.189622636585852, 22.356374325730453 ], [ 73.189622636585852, 22.356196589376317 ], [ 73.189622636585852, 22.356018852795412 ], [ 73.189622636585852, 22.355841115987754 ], [ 73.189622636585852, 22.355663378953334 ], [ 73.189622636585852, 22.355396772976547 ], [ 73.189622636585852, 22.355219035375246 ], [ 73.189622636585852, 22.355041297547192 ], [ 73.189622636585852, 22.354863559492397 ], [ 73.189622636585852, 22.354685821210854 ], [ 73.189622636585852, 22.354508082702562 ], [ 73.189622636585852, 22.354330343967515 ], [ 73.189622636585852, 22.354152605005734 ], [ 73.189334364519155, 22.353974865817214 ], [ 73.189334364519155, 22.353797126401947 ], [ 73.189142183141371, 22.353708256609281 ], [ 73.189142183141371, 22.353441646891195 ], [ 73.189046092452472, 22.353175036662954 ], [ 73.189046092452472, 22.35290842592455 ], [ 73.188950001763573, 22.352641814676005 ], [ 73.188661729696875, 22.352464073560228 ], [ 73.188661729696875, 22.352197461461444 ], [ 73.188661729696875, 22.352019719778845 ], [ 73.188469548319091, 22.351930848852525 ], [ 73.188469548319091, 22.35166423573348 ], [ 73.188373457630192, 22.351486493370711 ], [ 73.188181276252394, 22.351486493370711 ], [ 73.188181276252394, 22.351219879401452 ], [ 73.187796913496811, 22.351131007965005 ], [ 73.187508641430099, 22.350953264922079 ], [ 73.187508641430099, 22.350775521652437 ], [ 73.18731646005233, 22.350775521652437 ], [ 73.187028187985632, 22.350686649932591 ], [ 73.186836006607848, 22.350597778156072 ], [ 73.18664382523005, 22.350508906322872 ], [ 73.186451643852237, 22.350508906322872 ], [ 73.186259462474467, 22.350508906322872 ], [ 73.186067281096669, 22.350508906322872 ], [ 73.185875099718857, 22.350420034433 ], [ 73.185682918341087, 22.350420034433 ], [ 73.185490736963288, 22.350420034433 ], [ 73.18529855558549, 22.350420034433 ], [ 73.185010283518807, 22.350420034433 ], [ 73.184722011452109, 22.350242290483212 ], [ 73.184433739385426, 22.350242290483212 ], [ 73.184241558007642, 22.350242290483212 ], [ 73.183953285940945, 22.350242290483212 ], [ 73.183761104563146, 22.350242290483212 ], [ 73.183568923185362, 22.350242290483212 ], [ 73.183376741807564, 22.350242290483212 ], [ 73.183184560429765, 22.350242290483212 ], [ 73.182992379051981, 22.350242290483212 ], [ 73.182704106985284, 22.350242290483212 ], [ 73.182511925607471, 22.350242290483212 ], [ 73.182319744229702, 22.350242290483212 ], [ 73.182127562851903, 22.350242290483212 ], [ 73.181935381474091, 22.350242290483212 ], [ 73.181743200096307, 22.350242290483212 ], [ 73.181551018718523, 22.350242290483212 ], [ 73.18135883734071, 22.350242290483212 ], [ 73.18116665596294, 22.350242290483212 ], [ 73.180974474585142, 22.350242290483212 ], [ 73.180782293207329, 22.350242290483212 ], [ 73.180590111829559, 22.350242290483212 ], [ 73.180301839762848, 22.350242290483212 ], [ 73.180109658385078, 22.350242290483212 ], [ 73.179821386318366, 22.350242290483212 ], [ 73.179629204940596, 22.350242290483212 ], [ 73.179437023562798, 22.350242290483212 ], [ 73.179244842184985, 22.350242290483212 ], [ 73.179052660807216, 22.350242290483212 ], [ 73.178860479429417, 22.350242290483212 ], [ 73.178572207362734, 22.350242290483212 ], [ 73.178283935296022, 22.350242290483212 ], [ 73.177995663229325, 22.350242290483212 ], [ 73.177803481851555, 22.350242290483212 ], [ 73.177515209784843, 22.350242290483212 ], [ 73.177323028407073, 22.350242290483212 ], [ 73.177130847029275, 22.350242290483212 ], [ 73.176938665651463, 22.350242290483212 ], [ 73.176746484273679, 22.350242290483212 ], [ 73.176554302895894, 22.350242290483212 ], [ 73.176266030829197, 22.350242290483212 ], [ 73.176073849451413, 22.350242290483212 ], [ 73.1758816680736, 22.350242290483212 ], [ 73.175689486695816, 22.350242290483212 ], [ 73.175497305318032, 22.350242290483212 ], [ 73.175112942562421, 22.350420034433 ], [ 73.174920761184651, 22.350420034433 ], [ 73.174728579806839, 22.350420034433 ], [ 73.17444030774017, 22.350420034433 ], [ 73.174248126362357, 22.350420034433 ], [ 73.174055944984588, 22.350508906322872 ], [ 73.173671582228977, 22.350686649932591 ], [ 73.173671582228977, 22.350508906322872 ], [ 73.173767672917876, 22.350242290483212 ], [ 73.173959854295688, 22.350242290483212 ], [ 73.173959854295688, 22.350064546306712 ], [ 73.174152035673472, 22.349975674133454 ], [ 73.174152035673472, 22.349797929616884 ], [ 73.174344217051257, 22.349709057273593 ], [ 73.174344217051257, 22.349531312416968 ], [ 73.17444030774017, 22.349264694706967 ], [ 73.174536398429069, 22.349086949283588 ], [ 73.174632489117954, 22.348820330723441 ], [ 73.174824670495738, 22.348731457756713 ], [ 73.174824670495738, 22.348553711653224 ], [ 73.174920761184651, 22.34837596532304 ], [ 73.174920761184651, 22.348198218766171 ], [ 73.175016851873551, 22.34802047198259 ], [ 73.175209033251335, 22.347842724972331 ], [ 73.175401214629119, 22.34775385138218 ], [ 73.175401214629119, 22.347576104031884 ], [ 73.175593396006931, 22.347487230271714 ], [ 73.175689486695816, 22.347309482581384 ], [ 73.175977758762514, 22.347042860620842 ], [ 73.176169940140298, 22.346776238150252 ], [ 73.176266030829197, 22.34659848955317 ], [ 73.176362121518082, 22.346420740729407 ], [ 73.176362121518082, 22.346242991678967 ], [ 73.176554302895894, 22.346154117068739 ], [ 73.176554302895894, 22.345887492898047 ], [ 73.176650393584765, 22.345709743167568 ], [ 73.176650393584765, 22.345531993210418 ], [ 73.176650393584765, 22.345354243026591 ], [ 73.176650393584765, 22.345176492616094 ], [ 73.176650393584765, 22.344998741978934 ], [ 73.176650393584765, 22.344820991115096 ], [ 73.176650393584765, 22.344643240024592 ], [ 73.176650393584765, 22.344465488707424 ], [ 73.176650393584765, 22.344287737163583 ], [ 73.176650393584765, 22.344109985393086 ], [ 73.176650393584765, 22.343932233395929 ], [ 73.176650393584765, 22.343754481172109 ], [ 73.176554302895894, 22.343487852411393 ], [ 73.176554302895894, 22.343310099620918 ], [ 73.176362121518082, 22.343310099620918 ], [ 73.176362121518082, 22.343132346603809 ], [ 73.176362121518082, 22.342865716653147 ], [ 73.176266030829197, 22.342687963069398 ], [ 73.176073849451413, 22.342687963069398 ], [ 73.176073849451413, 22.342510209258986 ], [ 73.176073849451413, 22.342243578118406 ], [ 73.1758816680736, 22.342243578118406 ], [ 73.1758816680736, 22.341976946467888 ], [ 73.1758816680736, 22.341799191750887 ], [ 73.175785577384701, 22.341621436807245 ], [ 73.175689486695816, 22.341443681636971 ], [ 73.175689486695816, 22.341265926240045 ], [ 73.175593396006931, 22.340999292719719 ], [ 73.175593396006931, 22.340821536756209 ], [ 73.175593396006931, 22.340643780566058 ], [ 73.175593396006931, 22.340466024149269 ], [ 73.17530512394022, 22.340288267505848 ], [ 73.17530512394022, 22.340021632115786 ], [ 73.17530512394022, 22.339843874905792 ], [ 73.17530512394022, 22.339666117469172 ], [ 73.17530512394022, 22.33948835980592 ], [ 73.17530512394022, 22.339310601916047 ], [ 73.175016851873551, 22.339132843799543 ], [ 73.175016851873551, 22.338955085456426 ], [ 73.175016851873551, 22.338777326886689 ], [ 73.175016851873551, 22.338599568090324 ], [ 73.175016851873551, 22.338421809067345 ], [ 73.174920761184651, 22.338244049817749 ], [ 73.174920761184651, 22.338066290341537 ], [ 73.174824670495738, 22.337888530638718 ], [ 73.174632489117954, 22.337799650702323 ], [ 73.174632489117954, 22.337621890659587 ], [ 73.174632489117954, 22.337444130390232 ], [ 73.174632489117954, 22.337266369894266 ], [ 73.174632489117954, 22.337088609171705 ], [ 73.174632489117954, 22.336910848222534 ], [ 73.174632489117954, 22.336733087046756 ], [ 73.174824670495738, 22.336733087046756 ], [ 73.175016851873551, 22.336733087046756 ], [ 73.175209033251335, 22.336733087046756 ], [ 73.175401214629119, 22.336733087046756 ], [ 73.175689486695816, 22.336733087046756 ], [ 73.175977758762514, 22.336910848222534 ], [ 73.176169940140298, 22.336910848222534 ], [ 73.176362121518082, 22.336910848222534 ], [ 73.176554302895894, 22.336910848222534 ], [ 73.176842574962564, 22.336910848222534 ], [ 73.177130847029275, 22.336910848222534 ], [ 73.177515209784843, 22.336910848222534 ], [ 73.177707391162642, 22.336910848222534 ], [ 73.177995663229325, 22.336910848222534 ], [ 73.178283935296022, 22.336910848222534 ], [ 73.178572207362734, 22.336910848222534 ], [ 73.178860479429417, 22.336910848222534 ], [ 73.179052660807216, 22.336910848222534 ], [ 73.179244842184985, 22.336910848222534 ], [ 73.179437023562798, 22.336910848222534 ], [ 73.179629204940596, 22.336910848222534 ], [ 73.179821386318366, 22.336910848222534 ], [ 73.180109658385078, 22.336910848222534 ], [ 73.180301839762848, 22.336910848222534 ], [ 73.18049402114066, 22.336910848222534 ], [ 73.180686202518459, 22.336910848222534 ], [ 73.180878383896228, 22.336910848222534 ], [ 73.181070565274041, 22.336910848222534 ], [ 73.181262746651825, 22.336910848222534 ], [ 73.181454928029609, 22.336910848222534 ], [ 73.181647109407422, 22.336910848222534 ], [ 73.181839290785192, 22.336910848222534 ], [ 73.182031472163004, 22.336910848222534 ], [ 73.182127562851903, 22.337088609171705 ], [ 73.182415834918601, 22.337088609171705 ], [ 73.182704106985284, 22.337088609171705 ], [ 73.182800197674183, 22.337355250170578 ], [ 73.182992379051981, 22.337355250170578 ], [ 73.183184560429765, 22.337621890659587 ], [ 73.183472832496463, 22.337621890659587 ], [ 73.183665013874247, 22.337621890659587 ], [ 73.183857195252045, 22.337621890659587 ], [ 73.184145467318743, 22.337888530638718 ], [ 73.184433739385426, 22.337888530638718 ], [ 73.184625920763224, 22.337888530638718 ], [ 73.184914192829908, 22.337888530638718 ], [ 73.185106374207706, 22.337888530638718 ], [ 73.18529855558549, 22.337888530638718 ], [ 73.185490736963288, 22.337888530638718 ], [ 73.185682918341087, 22.337888530638718 ], [ 73.185875099718857, 22.337888530638718 ], [ 73.186067281096669, 22.337888530638718 ], [ 73.186355553163338, 22.337888530638718 ], [ 73.186547734541151, 22.337888530638718 ], [ 73.186739915918963, 22.337888530638718 ], [ 73.186932097296719, 22.337888530638718 ], [ 73.187124278674531, 22.337888530638718 ], [ 73.18731646005233, 22.337710770709286 ], [ 73.187508641430099, 22.337710770709286 ], [ 73.187700822807912, 22.337621890659587 ], [ 73.187989094874609, 22.337621890659587 ], [ 73.188277366941293, 22.337533010553237 ], [ 73.18856563900799, 22.337444130390232 ], [ 73.188757820385774, 22.337444130390232 ], [ 73.188757820385774, 22.337266369894266 ], [ 73.188950001763573, 22.337266369894266 ], [ 73.189142183141371, 22.337177489561309 ], [ 73.189334364519155, 22.337177489561309 ], [ 73.189334364519155, 22.336999728725445 ], [ 73.189334364519155, 22.336821967662967 ], [ 73.189334364519155, 22.336644206373883 ], [ 73.189334364519155, 22.336466444858207 ], [ 73.189238273830256, 22.336288683115921 ], [ 73.189046092452472, 22.336110921147036 ], [ 73.189046092452472, 22.335933158951558 ], [ 73.189046092452472, 22.335755396529475 ], [ 73.188757820385774, 22.33566651523347 ], [ 73.188757820385774, 22.335488752471495 ], [ 73.188757820385774, 22.335310989482938 ], [ 73.188469548319091, 22.335044344575234 ], [ 73.188469548319091, 22.334866581020197 ], [ 73.188373457630192, 22.334688817238568 ], [ 73.188181276252394, 22.33459993526278 ], [ 73.188181276252394, 22.334422171141277 ], [ 73.187796913496811, 22.334333288995552 ], [ 73.187796913496811, 22.334155524534172 ], [ 73.187700822807912, 22.333888877417259 ], [ 73.187412550741229, 22.333799994931656 ], [ 73.187124278674531, 22.333622229790528 ], [ 73.186932097296719, 22.333533347134999 ], [ 73.18664382523005, 22.333266698828545 ], [ 73.18664382523005, 22.33308893300768 ], [ 73.18664382523005, 22.332911166960258 ], [ 73.186451643852237, 22.332911166960258 ], [ 73.186451643852237, 22.332644517464292 ], [ 73.186259462474467, 22.332644517464292 ], [ 73.186163371785568, 22.33237786745854 ], [ 73.186067281096669, 22.332200100504824 ], [ 73.186067281096669, 22.332022333324545 ], [ 73.18597119040777, 22.331844565917699 ], [ 73.18597119040777, 22.331666798284296 ], [ 73.185682918341087, 22.331489030424329 ], [ 73.185682918341087, 22.331311262337792 ], [ 73.185490736963288, 22.331133494024698 ], [ 73.185490736963288, 22.330955725485058 ], [ 73.185490736963288, 22.330777956718848 ], [ 73.185490736963288, 22.33051130314475 ], [ 73.185490736963288, 22.330244649060898 ], [ 73.185490736963288, 22.330066879388486 ], [ 73.185202464896605, 22.329889109489518 ], [ 73.185202464896605, 22.329711339364 ], [ 73.185202464896605, 22.329444683750946 ], [ 73.185202464896605, 22.329266913059065 ], [ 73.185202464896605, 22.329089142140646 ], [ 73.185106374207706, 22.328911370995669 ], [ 73.184818102140994, 22.328733599624165 ], [ 73.184818102140994, 22.328555828026122 ], [ 73.184818102140994, 22.328378056201537 ], [ 73.184818102140994, 22.328200284150419 ], [ 73.184529830074325, 22.328111398039905 ], [ 73.184241558007642, 22.327844739368572 ], [ 73.184241558007642, 22.327666966637853 ], [ 73.183953285940945, 22.327489193680606 ], [ 73.183953285940945, 22.327311420496823 ], [ 73.183761104563146, 22.327222533819988 ], [ 73.183665013874247, 22.32704476029642 ], [ 73.183568923185362, 22.326778099586331 ], [ 73.183568923185362, 22.326600325496447 ], [ 73.183568923185362, 22.326422551180045 ], [ 73.183568923185362, 22.326244776637115 ], [ 73.183568923185362, 22.326067001867667 ], [ 73.183568923185362, 22.32588922687172 ], [ 73.183568923185362, 22.325711451649237 ], [ 73.183568923185362, 22.325533676200244 ], [ 73.183568923185362, 22.325355900524738 ], [ 73.183568923185362, 22.325178124622717 ], [ 73.183568923185362, 22.325000348494196 ], [ 73.183568923185362, 22.324822572139155 ], [ 73.183568923185362, 22.324644795557614 ], [ 73.183568923185362, 22.324378130260595 ], [ 73.183568923185362, 22.324200353112786 ], [ 73.183568923185362, 22.324022575738471 ], [ 73.183568923185362, 22.323844798137667 ], [ 73.183568923185362, 22.323667020310349 ], [ 73.183376741807564, 22.323578131311763 ], [ 73.183184560429765, 22.323578131311763 ], [ 73.182992379051981, 22.323578131311763 ], [ 73.182800197674183, 22.323578131311763 ], [ 73.182608016296385, 22.323667020310349 ], [ 73.182415834918601, 22.323755909252313 ], [ 73.182223653540802, 22.323755909252313 ], [ 73.181935381474091, 22.323755909252313 ], [ 73.181743200096307, 22.323755909252313 ], [ 73.181454928029609, 22.324022575738471 ], [ 73.181262746651825, 22.324022575738471 ], [ 73.181070565274041, 22.324022575738471 ], [ 73.180878383896228, 22.324022575738471 ], [ 73.180686202518459, 22.324022575738471 ], [ 73.18049402114066, 22.324022575738471 ], [ 73.180301839762848, 22.324022575738471 ], [ 73.180013567696179, 22.324022575738471 ], [ 73.179821386318366, 22.324022575738471 ], [ 73.179533114251697, 22.324022575738471 ], [ 73.179340932873885, 22.324022575738471 ], [ 73.178956570118316, 22.323844798137667 ], [ 73.178668298051619, 22.323755909252313 ], [ 73.178380025984936, 22.323578131311763 ], [ 73.178091753918238, 22.323489242256539 ], [ 73.177899572540454, 22.323489242256539 ], [ 73.177515209784843, 22.323222574751142 ], [ 73.177130847029275, 22.323044796131093 ], [ 73.176842574962564, 22.322955906736134 ], [ 73.176554302895894, 22.322778127776346 ], [ 73.176266030829197, 22.322511458911986 ], [ 73.176073849451413, 22.322422569177284 ], [ 73.175977758762514, 22.322600348590058 ], [ 73.175977758762514, 22.322778127776346 ], [ 73.175977758762514, 22.322955906736134 ], [ 73.175977758762514, 22.323222574751142 ], [ 73.175977758762514, 22.323400353144702 ], [ 73.175785577384701, 22.323489242256539 ], [ 73.175401214629119, 22.323844798137667 ], [ 73.17530512394022, 22.324022575738471 ], [ 73.17530512394022, 22.324200353112786 ], [ 73.175209033251335, 22.324378130260595 ], [ 73.174920761184651, 22.324733683876698 ], [ 73.174824670495738, 22.324911460344985 ], [ 73.174632489117954, 22.325089236586773 ], [ 73.174344217051257, 22.325355900524738 ], [ 73.174055944984588, 22.325622563953061 ], [ 73.173959854295688, 22.325800339288783 ], [ 73.173959854295688, 22.325978114398001 ], [ 73.173671582228977, 22.326244776637115 ], [ 73.173671582228977, 22.326422551180045 ], [ 73.173479400851207, 22.326511438366555 ], [ 73.173383310162308, 22.326689212569701 ], [ 73.172998947406697, 22.32704476029642 ], [ 73.172998947406697, 22.327222533819988 ], [ 73.1726145846511, 22.327578080187546 ], [ 73.172326312584431, 22.327844739368572 ], [ 73.172038040517748, 22.328200284150419 ], [ 73.171941949828835, 22.328378056201537 ], [ 73.171653677762151, 22.328733599624165 ], [ 73.171653677762151, 22.328911370995669 ], [ 73.171653677762151, 22.329089142140646 ], [ 73.171461496384353, 22.329089142140646 ], [ 73.17117322431767, 22.329444683750946 ], [ 73.17117322431767, 22.329622454216292 ], [ 73.171077133628756, 22.329800224455077 ], [ 73.170884952250972, 22.329889109489518 ], [ 73.170884952250972, 22.330066879388486 ], [ 73.170596680184289, 22.330333533812155 ], [ 73.170500589495404, 22.330600187726088 ], [ 73.170404498806491, 22.330866841130266 ], [ 73.170212317428707, 22.330866841130266 ], [ 73.170212317428707, 22.331133494024698 ], [ 73.170116226739808, 22.331311262337792 ], [ 73.169924045362023, 22.331311262337792 ], [ 73.169924045362023, 22.331489030424329 ], [ 73.16982795467311, 22.331755682129316 ], [ 73.169539682606427, 22.332022333324545 ], [ 73.169539682606427, 22.332200100504824 ], [ 73.169347501228629, 22.332200100504824 ], [ 73.169347501228629, 22.33237786745854 ], [ 73.169251410539729, 22.332644517464292 ], [ 73.169059229161945, 22.332644517464292 ], [ 73.168770957095248, 22.33308893300768 ], [ 73.16848268502855, 22.333355581654008 ], [ 73.16848268502855, 22.333533347134999 ], [ 73.168194412961867, 22.333799994931656 ], [ 73.168194412961867, 22.333977759846203 ], [ 73.168002231584083, 22.334155524534172 ], [ 73.167713959517386, 22.334422171141277 ], [ 73.167425687450688, 22.334688817238568 ], [ 73.167233506072904, 22.334955462826034 ], [ 73.167233506072904, 22.335222107903675 ], [ 73.166945234006207, 22.335488752471495 ], [ 73.166753052628422, 22.33566651523347 ], [ 73.166656961939523, 22.336022040077623 ], [ 73.166464780561739, 22.3361998021598 ], [ 73.166464780561739, 22.336377564015386 ], [ 73.166176508495042, 22.336733087046756 ], [ 73.166176508495042, 22.336910848222534 ], [ 73.166176508495042, 22.337088609171705 ], [ 73.166176508495042, 22.337266369894266 ], [ 73.166080417806143, 22.337444130390232 ], [ 73.165792145739445, 22.337710770709286 ], [ 73.165503873672762, 22.337977410518455 ], [ 73.165503873672762, 22.338155170107978 ], [ 73.165503873672762, 22.338332929470873 ], [ 73.165311692294964, 22.338421809067345 ], [ 73.16502342022828, 22.338866206199885 ], [ 73.164831238850482, 22.338955085456426 ], [ 73.164831238850482, 22.339221722886116 ], [ 73.164735148161583, 22.339399480889309 ], [ 73.164542966783799, 22.339399480889309 ], [ 73.164254694717101, 22.339754996215813 ], [ 73.164062513339289, 22.339932753539113 ], [ 73.16377424127262, 22.340199389099155 ], [ 73.163678150583721, 22.340377145855886 ], [ 73.163678150583721, 22.340554902385986 ], [ 73.163485969205922, 22.340554902385986 ], [ 73.163389878517037, 22.340821536756209 ], [ 73.163197697139239, 22.340821536756209 ], [ 73.162909425072542, 22.341265926240045 ], [ 73.162621153005858, 22.341532559250432 ], [ 73.162332880939175, 22.341710314307395 ], [ 73.162332880939175, 22.341888069137713 ], [ 73.161948518183578, 22.342243578118406 ], [ 73.161948518183578, 22.342421332268785 ], [ 73.161756336805794, 22.342421332268785 ], [ 73.161468064739083, 22.342865716653147 ], [ 73.161179792672414, 22.343132346603809 ], [ 73.160987611294615, 22.343221223140702 ], [ 73.160987611294615, 22.343398976044494 ], [ 73.160987611294615, 22.343665604975204 ], [ 73.160699339227932, 22.343754481172109 ], [ 73.160699339227932, 22.343932233395929 ], [ 73.160603248539033, 22.344109985393086 ], [ 73.160507157850134, 22.344287737163583 ], [ 73.160411067161235, 22.344554364394334 ], [ 73.160314976472336, 22.344820991115096 ], [ 73.160122795094551, 22.344909866575346 ], [ 73.160122795094551, 22.345087617325849 ], [ 73.159834523027854, 22.345354243026591 ], [ 73.159834523027854, 22.345531993210418 ], [ 73.159546250961171, 22.345798618061139 ], [ 73.159257978894473, 22.346154117068739 ], [ 73.158969706827762, 22.346420740729407 ], [ 73.158969706827762, 22.34659848955317 ], [ 73.158873616138891, 22.346776238150252 ], [ 73.158777525449992, 22.346953986520646 ], [ 73.158681434761093, 22.347131734664359 ], [ 73.15848925338328, 22.347220608651199 ], [ 73.15848925338328, 22.347398356454885 ], [ 73.158393162694395, 22.34766497773537 ], [ 73.158393162694395, 22.347842724972331 ], [ 73.158200981316611, 22.347842724972331 ], [ 73.158200981316611, 22.348109345402715 ], [ 73.157912709249899, 22.34837596532304 ], [ 73.157816618561029, 22.348642584733302 ], [ 73.158008799938798, 22.348642584733302 ], [ 73.158200981316611, 22.348731457756713 ], [ 73.158393162694395, 22.348731457756713 ], [ 73.158681434761093, 22.348731457756713 ], [ 73.158873616138891, 22.348731457756713 ], [ 73.159065797516661, 22.348731457756713 ], [ 73.159257978894473, 22.348731457756713 ], [ 73.159257978894473, 22.3489092036335 ], [ 73.159450160272272, 22.349086949283588 ], [ 73.159546250961171, 22.349264694706967 ], [ 73.159642341650041, 22.349442439903651 ], [ 73.159834523027854, 22.349442439903651 ], [ 73.159834523027854, 22.349620184873622 ], [ 73.160026704405652, 22.349620184873622 ], [ 73.160026704405652, 22.349797929616884 ], [ 73.160026704405652, 22.349975674133454 ], [ 73.160026704405652, 22.350242290483212 ], [ 73.160026704405652, 22.350508906322872 ], [ 73.160026704405652, 22.350775521652437 ], [ 73.160026704405652, 22.350953264922079 ], [ 73.160026704405652, 22.351131007965005 ], [ 73.160026704405652, 22.351308750781222 ], [ 73.160026704405652, 22.351486493370711 ], [ 73.160026704405652, 22.35166423573348 ], [ 73.160026704405652, 22.351841977869523 ], [ 73.160026704405652, 22.352019719778845 ], [ 73.160026704405652, 22.352197461461444 ], [ 73.160026704405652, 22.352375202917315 ], [ 73.160026704405652, 22.35255294414646 ], [ 73.160026704405652, 22.352730685148867 ], [ 73.160026704405652, 22.35290842592455 ], [ 73.160026704405652, 22.353086166473503 ], [ 73.160026704405652, 22.353263906795711 ], [ 73.160026704405652, 22.353441646891195 ], [ 73.160122795094551, 22.353619386759938 ], [ 73.160218885783436, 22.353885996137919 ], [ 73.160411067161235, 22.354063735439819 ], [ 73.160603248539033, 22.354152605005734 ], [ 73.160891520605716, 22.354152605005734 ], [ 73.161083701983515, 22.354152605005734 ], [ 73.161275883361313, 22.354152605005734 ], [ 73.161468064739083, 22.354152605005734 ], [ 73.161660246116895, 22.354241474514975 ], [ 73.161660246116895, 22.354419213363386 ], [ 73.161852427494679, 22.354685821210854 ], [ 73.161852427494679, 22.354863559492397 ], [ 73.161852427494679, 22.355041297547192 ], [ 73.161852427494679, 22.355219035375246 ], [ 73.161948518183578, 22.355485641692162 ], [ 73.161948518183578, 22.355663378953334 ], [ 73.161948518183578, 22.355841115987754 ], [ 73.161948518183578, 22.356018852795412 ], [ 73.161948518183578, 22.35628545758173 ], [ 73.161948518183578, 22.356463193822496 ], [ 73.161948518183578, 22.356640929836491 ], [ 73.161948518183578, 22.35690753343232 ], [ 73.161948518183578, 22.357085268879413 ], [ 73.161948518183578, 22.357440739093295 ], [ 73.161948518183578, 22.3576184738601 ], [ 73.161948518183578, 22.357885075585092 ], [ 73.161948518183578, 22.358062809784951 ], [ 73.161948518183578, 22.35832941065955 ], [ 73.161756336805794, 22.358418277504363 ], [ 73.161468064739083, 22.358418277504363 ], [ 73.161275883361313, 22.358418277504363 ], [ 73.161083701983515, 22.35832941065955 ], [ 73.160795429916817, 22.358240543758047 ], [ 73.160795429916817, 22.358062809784951 ], [ 73.160603248539033, 22.358062809784951 ], [ 73.160411067161235, 22.357973942713361 ], [ 73.160314976472336, 22.357796208400121 ], [ 73.160122795094551, 22.357796208400121 ], [ 73.159834523027854, 22.357796208400121 ], [ 73.159546250961171, 22.357707341158456 ], [ 73.159354069583372, 22.357707341158456 ], [ 73.159161888205574, 22.357707341158456 ], [ 73.158969706827762, 22.357707341158456 ], [ 73.158777525449992, 22.357707341158456 ], [ 73.15848925338328, 22.357707341158456 ], [ 73.158200981316611, 22.357707341158456 ], [ 73.158008799938798, 22.357707341158456 ], [ 73.157720527872129, 22.357707341158456 ], [ 73.157432255805418, 22.357707341158456 ], [ 73.157240074427648, 22.357707341158456 ], [ 73.156951802360936, 22.357707341158456 ], [ 73.156663530294267, 22.357707341158456 ], [ 73.156471348916455, 22.357707341158456 ], [ 73.156279167538685, 22.357707341158456 ], [ 73.156086986160886, 22.357707341158456 ], [ 73.155894804783074, 22.357796208400121 ], [ 73.155798714094189, 22.357973942713361 ], [ 73.155702623405304, 22.358151676799849 ], [ 73.155510442027506, 22.358240543758047 ], [ 73.155510442027506, 22.358418277504363 ], [ 73.155126079271923, 22.358862610878003 ], [ 73.154933897894125, 22.358951477382643 ], [ 73.154645625827413, 22.359306942834269 ], [ 73.154453444449643, 22.359306942834269 ], [ 73.154453444449643, 22.359484675219907 ], [ 73.154261263071845, 22.359484675219907 ], [ 73.153972991005134, 22.359484675219907 ], [ 73.153684718938464, 22.359573541327681 ], [ 73.153492537560652, 22.359573541327681 ], [ 73.153300356182854, 22.359573541327681 ], [ 73.15301208411617, 22.359395809055432 ], [ 73.152723812049501, 22.359306942834269 ], [ 73.152531630671689, 22.359306942834269 ], [ 73.15224335860502, 22.359129210221845 ], [ 73.152051177227222, 22.359129210221845 ], [ 73.151858995849409, 22.359129210221845 ], [ 73.151858995849409, 22.359306942834269 ], [ 73.151858995849409, 22.359484675219907 ], [ 73.151858995849409, 22.35966240737876 ], [ 73.151858995849409, 22.359840139310815 ], [ 73.151858995849409, 22.360017871016094 ], [ 73.151858995849409, 22.360195602494585 ], [ 73.151858995849409, 22.360373333746281 ], [ 73.15157072378274, 22.360639930198591 ], [ 73.15157072378274, 22.36090652614061 ], [ 73.15157072378274, 22.361173121572342 ], [ 73.151378542404927, 22.361173121572342 ], [ 73.151378542404927, 22.361350851576667 ], [ 73.151282451716042, 22.361617446157897 ], [ 73.151282451716042, 22.36188404022883 ], [ 73.151090270338258, 22.36188404022883 ], [ 73.151090270338258, 22.362150633789444 ], [ 73.150801998271533, 22.362417226839746 ], [ 73.150513726204878, 22.362772683446334 ], [ 73.150513726204878, 22.362950411409404 ], [ 73.15022545413818, 22.363394730324778 ], [ 73.150129363449267, 22.363750184436398 ], [ 73.150129363449267, 22.363927911151983 ], [ 73.150129363449267, 22.364194500800064 ], [ 73.149841091382584, 22.364549952870316 ], [ 73.149841091382584, 22.364727678565188 ], [ 73.149841091382584, 22.364905404033244 ], [ 73.149841091382584, 22.365083129274471 ], [ 73.149841091382584, 22.36526085428887 ], [ 73.149841091382584, 22.365438579076436 ], [ 73.149841091382584, 22.36570516583247 ], [ 73.149841091382584, 22.365971752078128 ], [ 73.149841091382584, 22.366238337813403 ], [ 73.149841091382584, 22.366416061353373 ], [ 73.149648910004785, 22.36677150775278 ], [ 73.149648910004785, 22.366949230612232 ], [ 73.149648910004785, 22.367126953244828 ], [ 73.149648910004785, 22.367393536768386 ], [ 73.149456728627001, 22.367748980672502 ], [ 73.149456728627001, 22.367926702284283 ], [ 73.149456728627001, 22.368104423669205 ], [ 73.149264547249203, 22.36828214482728 ], [ 73.149168456560318, 22.368637586462853 ], [ 73.148976275182505, 22.368904167094041 ], [ 73.148880184493621, 22.369170747214788 ], [ 73.148688003115836, 22.369348467011708 ], [ 73.148688003115836, 22.369526186581762 ], [ 73.148688003115836, 22.369792765511466 ], [ 73.148688003115836, 22.369970484514365 ], [ 73.148688003115836, 22.370148203290388 ], [ 73.148688003115836, 22.370325921839537 ], [ 73.148688003115836, 22.370503640161822 ], [ 73.148688003115836, 22.370681358257219 ], [ 73.148688003115836, 22.370947934974946 ], [ 73.148688003115836, 22.371214511182192 ], [ 73.148688003115836, 22.371481086878962 ], [ 73.148688003115836, 22.371658803726543 ], [ 73.148591912426923, 22.372014236741048 ], [ 73.148591912426923, 22.372191952907979 ], [ 73.148591912426923, 22.372458526732959 ], [ 73.148591912426923, 22.372636242332657 ], [ 73.148591912426923, 22.372902815306809 ], [ 73.148591912426923, 22.373169387770446 ], [ 73.148591912426923, 22.373435959723569 ], [ 73.148591912426923, 22.373613674075365 ], [ 73.148591912426923, 22.373791388200267 ], [ 73.148591912426923, 22.373969102098268 ], [ 73.148591912426923, 22.374146815769361 ], [ 73.148591912426923, 22.374324529213556 ], [ 73.148784093804721, 22.374324529213556 ], [ 73.149072365871405, 22.374324529213556 ], [ 73.149360637938102, 22.374324529213556 ], [ 73.149648910004785, 22.374324529213556 ], [ 73.149937182071483, 22.374324529213556 ], [ 73.150033272760396, 22.374591098954404 ], [ 73.15022545413818, 22.374591098954404 ], [ 73.150417635515964, 22.374591098954404 ], [ 73.150705907582648, 22.374591098954404 ], [ 73.150994179649359, 22.374591098954404 ], [ 73.151186361027158, 22.374768811831341 ], [ 73.151474633093827, 22.374768811831341 ], [ 73.151858995849409, 22.374768811831341 ], [ 73.152051177227222, 22.374768811831341 ], [ 73.15224335860502, 22.374768811831341 ], [ 73.152531630671689, 22.374768811831341 ], [ 73.152723812049501, 22.37485766818472 ], [ 73.152915993427271, 22.37485766818472 ], [ 73.153108174805084, 22.37485766818472 ], [ 73.153300356182854, 22.37494652448137 ], [ 73.153492537560652, 22.37494652448137 ], [ 73.153780809627364, 22.37494652448137 ], [ 73.153972991005134, 22.37494652448137 ], [ 73.154165172382946, 22.37494652448137 ], [ 73.15435735376073, 22.37512423690449 ], [ 73.154645625827413, 22.37512423690449 ], [ 73.154933897894125, 22.37512423690449 ], [ 73.155222169960808, 22.37512423690449 ], [ 73.155510442027506, 22.37512423690449 ], [ 73.155798714094189, 22.37512423690449 ], [ 73.155990895471987, 22.37512423690449 ], [ 73.156183076849786, 22.37512423690449 ], [ 73.156375258227555, 22.37512423690449 ], [ 73.156567439605368, 22.375390805113707 ], [ 73.156759620983166, 22.375390805113707 ], [ 73.156951802360936, 22.375390805113707 ], [ 73.157240074427648, 22.375479661069996 ], [ 73.157432255805418, 22.375746228598477 ], [ 73.157720527872129, 22.375746228598477 ], [ 73.157816618561029, 22.376012795616393 ], [ 73.158008799938798, 22.376012795616393 ], [ 73.158104890627712, 22.376279362123761 ], [ 73.158393162694395, 22.376545928120557 ], [ 73.158585344072179, 22.376723638501431 ], [ 73.158777525449992, 22.376723638501431 ], [ 73.159065797516661, 22.376990203647271 ], [ 73.159161888205574, 22.377167913460838 ], [ 73.159354069583372, 22.377167913460838 ], [ 73.159546250961171, 22.377256768282528 ], [ 73.159834523027854, 22.377434477755703 ], [ 73.160122795094551, 22.37752333240719 ], [ 73.160314976472336, 22.377701041539972 ], [ 73.160507157850134, 22.377701041539972 ], [ 73.160699339227932, 22.377701041539972 ], [ 73.160891520605716, 22.377701041539972 ], [ 73.160987611294615, 22.377878750445834 ], [ 73.161275883361313, 22.377878750445834 ], [ 73.161564155427996, 22.377967604813655 ], [ 73.161756336805794, 22.377967604813655 ], [ 73.162044608872478, 22.377967604813655 ], [ 73.162236790250276, 22.377967604813655 ], [ 73.162332880939175, 22.378234167576739 ], [ 73.162525062316945, 22.378234167576739 ], [ 73.162813334383657, 22.378234167576739 ], [ 73.163005515761427, 22.37850072982922 ], [ 73.163197697139239, 22.37850072982922 ], [ 73.163485969205922, 22.37850072982922 ], [ 73.163678150583721, 22.378767291571091 ], [ 73.163966422650418, 22.378944999115326 ], [ 73.164254694717101, 22.379122706432629 ], [ 73.164542966783799, 22.379211560006173 ], [ 73.164735148161583, 22.379389266983061 ], [ 73.16502342022828, 22.379478120386405 ], [ 73.165311692294964, 22.379478120386405 ], [ 73.165503873672762, 22.379655827022876 ], [ 73.165792145739445, 22.379655827022876 ], [ 73.165792145739445, 22.379833533432397 ], [ 73.165984327117243, 22.379833533432397 ], [ 73.166080417806143, 22.380100092621152 ], [ 73.166272599183941, 22.380100092621152 ], [ 73.166368689872826, 22.380277798463307 ], [ 73.166560871250624, 22.380277798463307 ], [ 73.166849143317307, 22.380277798463307 ], [ 73.167137415384005, 22.380277798463307 ], [ 73.167425687450688, 22.380633209466755 ], [ 73.167617868828486, 22.380633209466755 ], [ 73.16790614089517, 22.380633209466755 ], [ 73.168098322272968, 22.380633209466755 ], [ 73.168290503650766, 22.380633209466755 ], [ 73.16848268502855, 22.380633209466755 ], [ 73.168674866406349, 22.380633209466755 ], [ 73.169059229161945, 22.380633209466755 ], [ 73.169251410539729, 22.380633209466755 ], [ 73.169443591917542, 22.380633209466755 ], [ 73.169635773295326, 22.380633209466755 ], [ 73.169924045362023, 22.380633209466755 ], [ 73.170116226739808, 22.380633209466755 ], [ 73.170308408117592, 22.380633209466755 ], [ 73.170500589495404, 22.380633209466755 ], [ 73.170692770873188, 22.380633209466755 ], [ 73.170981042939886, 22.380633209466755 ], [ 73.17117322431767, 22.380633209466755 ], [ 73.171365405695454, 22.380633209466755 ], [ 73.171557587073266, 22.380633209466755 ], [ 73.171845859139935, 22.380633209466755 ], [ 73.172134131206633, 22.380633209466755 ], [ 73.172422403273316, 22.380633209466755 ], [ 73.172710675340014, 22.380633209466755 ], [ 73.172902856717798, 22.380633209466755 ], [ 73.173191128784495, 22.380633209466755 ], [ 73.173383310162308, 22.380633209466755 ], [ 73.173479400851207, 22.380455504078508 ], [ 73.173671582228977, 22.380455504078508 ], [ 73.173959854295688, 22.380455504078508 ], [ 73.174248126362357, 22.380277798463307 ], [ 73.17444030774017, 22.380277798463307 ], [ 73.174632489117954, 22.380277798463307 ], [ 73.174824670495738, 22.380188945570605 ], [ 73.175016851873551, 22.380188945570605 ], [ 73.175209033251335, 22.380188945570605 ], [ 73.175401214629119, 22.380100092621152 ], [ 73.175593396006931, 22.380100092621152 ], [ 73.175785577384701, 22.380011239614973 ], [ 73.175977758762514, 22.37992238655206 ], [ 73.176266030829197, 22.379833533432397 ], [ 73.176266030829197, 22.379655827022876 ], [ 73.176362121518082, 22.379478120386405 ], [ 73.176362121518082, 22.379300413522991 ], [ 73.176362121518082, 22.379122706432629 ], [ 73.176362121518082, 22.378944999115326 ], [ 73.176362121518082, 22.378767291571091 ], [ 73.176362121518082, 22.378589583799911 ], [ 73.176362121518082, 22.378323021717641 ], [ 73.176362121518082, 22.378145313379115 ], [ 73.176362121518082, 22.377967604813655 ], [ 73.176362121518082, 22.377701041539972 ], [ 73.176362121518082, 22.37752333240719 ], [ 73.176362121518082, 22.377345623047479 ], [ 73.176362121518082, 22.377079058582417 ], [ 73.176362121518082, 22.376812493606774 ], [ 73.176362121518082, 22.376545928120557 ], [ 73.176458212206981, 22.376368217512752 ], [ 73.176458212206981, 22.376190506678036 ], [ 73.176650393584765, 22.376101651175588 ], [ 73.176938665651463, 22.376101651175588 ], [ 73.177130847029275, 22.376101651175588 ], [ 73.177419119095944, 22.376101651175588 ], [ 73.177707391162642, 22.376012795616393 ], [ 73.177803481851555, 22.37583508432785 ], [ 73.177899572540454, 22.375568516969551 ], [ 73.177995663229325, 22.375301949100695 ], [ 73.178187844607109, 22.375301949100695 ], [ 73.178187844607109, 22.375035380721286 ], [ 73.178187844607109, 22.37485766818472 ], [ 73.178187844607109, 22.374679955421243 ], [ 73.178283935296022, 22.37450224243085 ], [ 73.178380025984936, 22.374235672519823 ], [ 73.178572207362734, 22.374146815769361 ], [ 73.178668298051619, 22.373880245177624 ], [ 73.178860479429417, 22.373880245177624 ], [ 73.178956570118316, 22.373702531166177 ], [ 73.179052660807216, 22.373524816927834 ], [ 73.179052660807216, 22.373347102462589 ], [ 73.179052660807216, 22.373080530339294 ], [ 73.179052660807216, 22.372902815306809 ], [ 73.179052660807216, 22.372725100047436 ], [ 73.179052660807216, 22.372547384561177 ], [ 73.179052660807216, 22.37236966884802 ], [ 73.179052660807216, 22.372103094852879 ], [ 73.179052660807216, 22.371836520347234 ], [ 73.179052660807216, 22.371569945331107 ], [ 73.179052660807216, 22.371303369804501 ], [ 73.179052660807216, 22.371036793767409 ], [ 73.179052660807216, 22.370859076125754 ], [ 73.179052660807216, 22.37059249923788 ], [ 73.179052660807216, 22.370325921839537 ], [ 73.179052660807216, 22.370148203290388 ], [ 73.179340932873885, 22.369792765511466 ], [ 73.179340932873885, 22.369615046281716 ], [ 73.179340932873885, 22.369437326825093 ], [ 73.179340932873885, 22.369170747214788 ], [ 73.179340932873885, 22.368904167094041 ], [ 73.179340932873885, 22.368726446729966 ], [ 73.179437023562798, 22.368548726139032 ], [ 73.179533114251697, 22.36837100532124 ], [ 73.179629204940596, 22.368104423669205 ], [ 73.179725295629481, 22.367926702284283 ], [ 73.17991747700728, 22.367660119781537 ], [ 73.180109658385078, 22.367393536768386 ], [ 73.180109658385078, 22.367215814476054 ], [ 73.180397930451747, 22.366949230612232 ], [ 73.18049402114066, 22.366682646237997 ], [ 73.180686202518459, 22.366416061353373 ], [ 73.180686202518459, 22.366238337813403 ], [ 73.180782293207329, 22.365971752078128 ], [ 73.180974474585142, 22.365882890052944 ], [ 73.180974474585142, 22.36570516583247 ], [ 73.181070565274041, 22.365527441385154 ], [ 73.18135883734071, 22.36526085428887 ], [ 73.181454928029609, 22.365083129274471 ], [ 73.181647109407422, 22.364994266682217 ], [ 73.181647109407422, 22.364816541327571 ], [ 73.181839290785192, 22.364727678565188 ], [ 73.181839290785192, 22.364549952870316 ], [ 73.182127562851903, 22.364283363902693 ], [ 73.182127562851903, 22.364105637640755 ], [ 73.182415834918601, 22.364016774424716 ], [ 73.182415834918601, 22.363839047822545 ], [ 73.182608016296385, 22.363750184436398 ], [ 73.182800197674183, 22.36366132099355 ], [ 73.182992379051981, 22.36366132099355 ], [ 73.183184560429765, 22.36366132099355 ], [ 73.183376741807564, 22.36366132099355 ], [ 73.183568923185362, 22.36366132099355 ], [ 73.183761104563146, 22.36366132099355 ], [ 73.183953285940945, 22.363572457493991 ], [ 73.184241558007642, 22.363572457493991 ], [ 73.184529830074325, 22.363394730324778 ], [ 73.184818102140994, 22.363394730324778 ], [ 73.185010283518807, 22.3633058666551 ], [ 73.185106374207706, 22.363128139145665 ], [ 73.18529855558549, 22.363128139145665 ], [ 73.185394646274375, 22.362950411409404 ], [ 73.185586827652187, 22.362950411409404 ], [ 73.185875099718857, 22.362861547456212 ], [ 73.186067281096669, 22.362683819379743 ], [ 73.186259462474467, 22.362594955256444 ], [ 73.186259462474467, 22.362417226839746 ], [ 73.186451643852237, 22.362328362546354 ], [ 73.186547734541151, 22.362150633789444 ], [ 73.186739915918963, 22.362150633789444 ], [ 73.186932097296719, 22.362150633789444 ], [ 73.187124278674531, 22.362150633789444 ], [ 73.18731646005233, 22.362150633789444 ], [ 73.187508641430099, 22.362150633789444 ], [ 73.187700822807912, 22.362150633789444 ], [ 73.18789300418571, 22.362150633789444 ], [ 73.188181276252394, 22.362150633789444 ], [ 73.188469548319091, 22.362150633789444 ], [ 73.184049376629844, 22.36366132099355 ] ] ] } },
{ "type": "Feature", "properties": { "fid": 16, "ward_id": 8 }, "geometry": { "type": "Polygon", "coordinates": [ [ [ 73.149552819315915, 22.365438579076436 ], [ 73.149360637938102, 22.365438579076436 ], [ 73.149168456560332, 22.365349716711005 ], [ 73.148976275182534, 22.365349716711005 ], [ 73.148784093804721, 22.365171991810023 ], [ 73.148495821738052, 22.365171991810023 ], [ 73.14830364036024, 22.365171991810023 ], [ 73.148111458982456, 22.365171991810023 ], [ 73.147919277604672, 22.365171991810023 ], [ 73.147727096226859, 22.365083129274471 ], [ 73.147534914849061, 22.364994266682217 ], [ 73.147246642782378, 22.364816541327571 ], [ 73.147246642782378, 22.364638815746101 ], [ 73.147150552093493, 22.364461089937805 ], [ 73.147150552093493, 22.364194500800064 ], [ 73.146862280026781, 22.364105637640755 ], [ 73.146862280026781, 22.363927911151983 ], [ 73.146670098648983, 22.363750184436398 ], [ 73.146477917271199, 22.363750184436398 ], [ 73.146285735893414, 22.363839047822548 ], [ 73.145997463826731, 22.364105637640755 ], [ 73.145805282448933, 22.364283363902693 ], [ 73.145709191760034, 22.364461089937805 ], [ 73.145420919693336, 22.364638815746101 ], [ 73.145324829004437, 22.364816541327571 ], [ 73.145132647626639, 22.364816541327571 ], [ 73.144940466248855, 22.364816541327571 ], [ 73.144748284871071, 22.364816541327571 ], [ 73.144460012804387, 22.364816541327571 ], [ 73.144267831426575, 22.364816541327571 ], [ 73.143787377982093, 22.364994266682217 ], [ 73.143595196604295, 22.364994266682217 ], [ 73.143403015226525, 22.364994266682217 ], [ 73.143306924537612, 22.364816541327571 ], [ 73.143210833848713, 22.364638815746101 ], [ 73.143114743159828, 22.364372226948607 ], [ 73.143018652470914, 22.364194500800064 ], [ 73.14282647109313, 22.364194500800064 ], [ 73.142538199026433, 22.364194500800064 ], [ 73.142346017648649, 22.364194500800064 ], [ 73.142057745581965, 22.364194500800064 ], [ 73.141769473515268, 22.364194500800064 ], [ 73.141577292137484, 22.364194500800064 ], [ 73.141289020070786, 22.364105637640755 ], [ 73.14090465731519, 22.364016774424716 ], [ 73.140712475937406, 22.364016774424716 ], [ 73.140424203870708, 22.363839047822548 ], [ 73.140232022492924, 22.363839047822548 ], [ 73.139943750426227, 22.36366132099355 ], [ 73.139655478359543, 22.363572457493991 ], [ 73.139367206292846, 22.363572457493991 ], [ 73.139175024915048, 22.363572457493991 ], [ 73.138982843537278, 22.363483593937737 ], [ 73.138790662159465, 22.363483593937737 ], [ 73.138598480781667, 22.363394730324778 ], [ 73.138598480781667, 22.363217002928739 ], [ 73.138598480781667, 22.363039275305887 ], [ 73.138598480781667, 22.362861547456212 ], [ 73.138598480781667, 22.362683819379743 ], [ 73.138598480781667, 22.362417226839746 ], [ 73.138598480781667, 22.362239498196246 ], [ 73.138598480781667, 22.361972904805739 ], [ 73.138598480781667, 22.361706310904903 ], [ 73.138406299403897, 22.361617446157897 ], [ 73.138214118026085, 22.361617446157897 ], [ 73.138118027337185, 22.36188404022883 ], [ 73.137925845959387, 22.36188404022883 ], [ 73.137637573892704, 22.362061769325944 ], [ 73.137637573892704, 22.36188404022883 ], [ 73.137637573892704, 22.361706310904903 ], [ 73.137637573892704, 22.361528581354182 ], [ 73.137637573892704, 22.361350851576667 ], [ 73.137541483203805, 22.361173121572342 ], [ 73.137445392514906, 22.36099539134122 ], [ 73.137253211137121, 22.36090652614061 ], [ 73.137253211137121, 22.360728795569297 ], [ 73.137253211137121, 22.360551064771183 ], [ 73.137253211137121, 22.360373333746281 ], [ 73.137253211137121, 22.360195602494585 ], [ 73.137253211137121, 22.360017871016101 ], [ 73.137253211137121, 22.359751273373139 ], [ 73.136964939070424, 22.35966240737876 ], [ 73.136964939070424, 22.359484675219907 ], [ 73.136964939070424, 22.359306942834269 ], [ 73.136964939070424, 22.359129210221845 ], [ 73.136964939070424, 22.358951477382643 ], [ 73.136964939070424, 22.358684877698625 ], [ 73.136964939070424, 22.358507144292485 ], [ 73.136868848381539, 22.35832941065955 ], [ 73.136868848381539, 22.358151676799849 ], [ 73.136868848381539, 22.357973942713365 ], [ 73.136868848381539, 22.357796208400121 ], [ 73.136868848381539, 22.3576184738601 ], [ 73.136868848381539, 22.357351871624875 ], [ 73.136868848381539, 22.357085268879413 ], [ 73.136580576314842, 22.356996401184215 ], [ 73.136580576314842, 22.356818665623734 ], [ 73.136292304248158, 22.356729797758462 ], [ 73.136292304248158, 22.35655206185784 ], [ 73.136292304248158, 22.356374325730453 ], [ 73.13610012287036, 22.356374325730453 ], [ 73.13610012287036, 22.356196589376317 ], [ 73.136004032181461, 22.355929984419923 ], [ 73.135523578736979, 22.355663378953334 ], [ 73.135523578736979, 22.355396772976547 ], [ 73.135235306670296, 22.355307904204246 ], [ 73.135235306670296, 22.355130166489566 ], [ 73.135043125292498, 22.355041297547206 ], [ 73.134850943914699, 22.354952428548145 ], [ 73.134850943914699, 22.354774690379969 ], [ 73.134850943914699, 22.354596951985052 ], [ 73.134850943914699, 22.354419213363386 ], [ 73.134850943914699, 22.354241474514975 ], [ 73.134850943914699, 22.354063735439819 ], [ 73.134850943914699, 22.353797126401947 ], [ 73.134658762536887, 22.353708256609281 ], [ 73.134658762536887, 22.353530516853915 ], [ 73.134658762536887, 22.353352776871802 ], [ 73.134850943914699, 22.353352776871802 ], [ 73.135139215981397, 22.353352776871802 ], [ 73.135331397359181, 22.353352776871802 ], [ 73.135523578736979, 22.353352776871802 ], [ 73.135523578736979, 22.353175036662954 ], [ 73.135715760114778, 22.353175036662954 ], [ 73.135811850803677, 22.352997296227368 ], [ 73.135811850803677, 22.352819555565048 ], [ 73.135811850803677, 22.352641814676005 ], [ 73.135811850803677, 22.352464073560228 ], [ 73.135907941492562, 22.352286332217716 ], [ 73.135907941492562, 22.352108590648491 ], [ 73.136004032181461, 22.351930848852525 ], [ 73.136196213559259, 22.351841977869523 ], [ 73.136196213559259, 22.351575364580427 ], [ 73.136292304248158, 22.351308750781222 ], [ 73.136484485625957, 22.351308750781222 ], [ 73.136484485625957, 22.351131007965005 ], [ 73.136580576314842, 22.350864393315593 ], [ 73.13677275769264, 22.350775521652437 ], [ 73.13677275769264, 22.350597778156072 ], [ 73.137061029759323, 22.350331162486452 ], [ 73.137157120448222, 22.350153418423304 ], [ 73.137349301826021, 22.350064546306712 ], [ 73.137445392514906, 22.349886801903512 ], [ 73.137733664581603, 22.349886801903512 ], [ 73.137829755270502, 22.349709057273593 ], [ 73.1380219366483, 22.349442439903651 ], [ 73.138214118026085, 22.349353567333647 ], [ 73.138310208714984, 22.349086949283588 ], [ 73.138502390092768, 22.348998076486875 ], [ 73.138694571470566, 22.348731457756713 ], [ 73.138790662159465, 22.348553711653224 ], [ 73.138982843537278, 22.348553711653224 ], [ 73.138982843537278, 22.34837596532304 ], [ 73.139078934226148, 22.348109345402715 ], [ 73.139175024915048, 22.347842724972331 ], [ 73.139367206292846, 22.347842724972331 ], [ 73.139463296981759, 22.347576104031884 ], [ 73.139655478359543, 22.347487230271714 ], [ 73.139751569048428, 22.347220608651199 ], [ 73.14003984111514, 22.347131734664359 ], [ 73.14003984111514, 22.346953986520646 ], [ 73.140328113181809, 22.346865112363776 ], [ 73.140328113181809, 22.346687363880044 ], [ 73.140616385248507, 22.34659848955317 ], [ 73.140616385248507, 22.346420740729407 ], [ 73.14090465731519, 22.346331866232511 ], [ 73.141000748004089, 22.346154117068739 ], [ 73.141192929381887, 22.346154117068739 ], [ 73.141385110759671, 22.346065242401838 ], [ 73.141577292137484, 22.345976367678269 ], [ 73.141769473515268, 22.345887492898047 ], [ 73.141961654893052, 22.345798618061139 ], [ 73.14215383627085, 22.345709743167568 ], [ 73.142346017648649, 22.345531993210418 ], [ 73.142538199026433, 22.345531993210418 ], [ 73.14282647109313, 22.345443118146843 ], [ 73.143018652470914, 22.345443118146843 ], [ 73.143114743159828, 22.345265367849681 ], [ 73.143306924537612, 22.345265367849681 ], [ 73.143499105915396, 22.345176492616094 ], [ 73.143595196604295, 22.344998741978934 ], [ 73.143787377982093, 22.344998741978934 ], [ 73.143979559359906, 22.344909866575346 ], [ 73.144171740737676, 22.344820991115096 ], [ 73.144460012804387, 22.344554364394334 ], [ 73.144556103493287, 22.344287737163583 ], [ 73.144748284871071, 22.344287737163583 ], [ 73.144844375559956, 22.344021109422844 ], [ 73.145036556937768, 22.343932233395929 ], [ 73.145132647626639, 22.343754481172109 ], [ 73.145324829004437, 22.343665604975204 ], [ 73.145420919693336, 22.343487852411393 ], [ 73.145613101071149, 22.343398976044494 ], [ 73.145805282448933, 22.343310099620933 ], [ 73.145997463826731, 22.343043470010247 ], [ 73.146189645204515, 22.34295459336003 ], [ 73.146381826582299, 22.342865716653147 ], [ 73.146477917271199, 22.342599086192518 ], [ 73.146670098648983, 22.342599086192518 ], [ 73.146766189337896, 22.342332455221928 ], [ 73.14695837071568, 22.342154700958226 ], [ 73.147150552093493, 22.342065823741386 ], [ 73.147246642782378, 22.341888069137713 ], [ 73.147438824160162, 22.341799191750887 ], [ 73.147438824160162, 22.341621436807245 ], [ 73.147727096226859, 22.341532559250446 ], [ 73.147727096226859, 22.341354803966841 ], [ 73.147919277604672, 22.341265926240045 ], [ 73.148015368293542, 22.341088170616491 ], [ 73.148207549671355, 22.340910414766292 ], [ 73.148399731049153, 22.340643780566058 ], [ 73.148591912426923, 22.340554902385986 ], [ 73.148688003115836, 22.340377145855886 ], [ 73.148880184493621, 22.340288267505848 ], [ 73.148880184493621, 22.340110510635792 ], [ 73.149168456560332, 22.339843874905792 ], [ 73.149264547249203, 22.339666117469172 ], [ 73.149456728627015, 22.339577238665871 ], [ 73.149456728627015, 22.339399480889309 ], [ 73.149745000693699, 22.339221722886116 ], [ 73.149841091382584, 22.338955085456426 ], [ 73.150129363449295, 22.338688447516834 ], [ 73.15022545413818, 22.338510688607169 ], [ 73.150417635515964, 22.338510688607169 ], [ 73.150417635515964, 22.338332929470873 ], [ 73.150609816893777, 22.338244049817749 ], [ 73.150609816893777, 22.338066290341537 ], [ 73.150898088960446, 22.337977410518455 ], [ 73.150994179649359, 22.337799650702323 ], [ 73.151090270338258, 22.337621890659587 ], [ 73.151282451716042, 22.337533010553237 ], [ 73.151378542404927, 22.337266369894266 ], [ 73.151474633093827, 22.337088609171705 ], [ 73.15176290516051, 22.336821967662967 ], [ 73.151858995849409, 22.336644206373883 ], [ 73.152051177227222, 22.336555325644369 ], [ 73.152051177227222, 22.336377564015386 ], [ 73.15224335860502, 22.336377564015386 ], [ 73.152339449293919, 22.3361998021598 ], [ 73.15243553998279, 22.336022040077623 ], [ 73.152627721360602, 22.336022040077623 ], [ 73.152819902738386, 22.335933158951558 ], [ 73.153012084116199, 22.335844277768842 ], [ 73.153300356182854, 22.335755396529475 ], [ 73.15349253756068, 22.33566651523347 ], [ 73.15358862824958, 22.335488752471495 ], [ 73.15358862824958, 22.335310989482938 ], [ 73.153396446871781, 22.335310989482938 ], [ 73.153204265493983, 22.335310989482938 ], [ 73.153012084116199, 22.335310989482938 ], [ 73.152819902738386, 22.335310989482938 ], [ 73.152627721360602, 22.335222107903675 ], [ 73.152531630671689, 22.335044344575234 ], [ 73.152339449293919, 22.335044344575234 ], [ 73.15224335860502, 22.334866581020197 ], [ 73.151955086538308, 22.334777699157701 ], [ 73.151858995849409, 22.33459993526278 ], [ 73.15157072378274, 22.334511053230347 ], [ 73.15157072378274, 22.334333288995552 ], [ 73.151282451716042, 22.334244406793179 ], [ 73.151186361027158, 22.334066642218506 ], [ 73.150801998271561, 22.333977759846203 ], [ 73.150801998271561, 22.333799994931656 ], [ 73.150609816893777, 22.33371111238942 ], [ 73.150513726204878, 22.333533347134999 ], [ 73.150129363449295, 22.333444464422822 ], [ 73.150033272760396, 22.333266698828545 ], [ 73.149841091382584, 22.333177815946438 ], [ 73.149745000693699, 22.333000050012291 ], [ 73.149552819315915, 22.332911166960258 ], [ 73.149360637938102, 22.332911166960258 ], [ 73.149072365871433, 22.332822283851577 ], [ 73.149072365871433, 22.332644517464292 ], [ 73.148784093804721, 22.332555634185681 ], [ 73.148591912426923, 22.332466750850433 ], [ 73.148399731049153, 22.332466750850433 ], [ 73.148399731049153, 22.332288984009999 ], [ 73.148015368293542, 22.332200100504824 ], [ 73.147631005537974, 22.331933449649448 ], [ 73.147342733471277, 22.331844565917702 ], [ 73.147150552093493, 22.331755682129316 ], [ 73.14695837071568, 22.331666798284296 ], [ 73.14695837071568, 22.331489030424329 ], [ 73.147150552093493, 22.331400146409376 ], [ 73.147246642782378, 22.331222378209574 ], [ 73.147438824160162, 22.331133494024698 ], [ 73.147534914849061, 22.330955725485058 ], [ 73.147727096226859, 22.330866841130266 ], [ 73.147919277604672, 22.330689072250784 ], [ 73.148207549671355, 22.330600187726088 ], [ 73.148207549671355, 22.330422418506764 ], [ 73.148495821738052, 22.330333533812155 ], [ 73.148591912426923, 22.330155764253014 ], [ 73.148784093804721, 22.330066879388486 ], [ 73.148976275182534, 22.32997799446732 ], [ 73.149168456560332, 22.32997799446732 ], [ 73.149360637938102, 22.32997799446732 ], [ 73.149552819315915, 22.32997799446732 ], [ 73.149745000693699, 22.32997799446732 ], [ 73.149937182071483, 22.32997799446732 ], [ 73.150129363449295, 22.32997799446732 ], [ 73.150321544827065, 22.32997799446732 ], [ 73.150513726204878, 22.32997799446732 ], [ 73.150705907582676, 22.32997799446732 ], [ 73.150994179649359, 22.32997799446732 ], [ 73.151186361027158, 22.32997799446732 ], [ 73.151474633093827, 22.32997799446732 ], [ 73.15176290516051, 22.32997799446732 ], [ 73.151955086538308, 22.32997799446732 ], [ 73.15224335860502, 22.32997799446732 ], [ 73.152531630671689, 22.32997799446732 ], [ 73.152723812049501, 22.32997799446732 ], [ 73.1529159934273, 22.32997799446732 ], [ 73.153108174805084, 22.32997799446732 ], [ 73.153300356182854, 22.32997799446732 ], [ 73.153396446871781, 22.330244649060898 ], [ 73.15358862824958, 22.330244649060898 ], [ 73.153780809627364, 22.330244649060898 ], [ 73.153972991005162, 22.330244649060898 ], [ 73.15416517238296, 22.330244649060898 ], [ 73.15435735376073, 22.330244649060898 ], [ 73.154549535138543, 22.330244649060898 ], [ 73.154741716516341, 22.330244649060898 ], [ 73.154549535138543, 22.330155764253014 ], [ 73.15435735376073, 22.32997799446732 ], [ 73.15435735376073, 22.329800224455077 ], [ 73.15435735376073, 22.329622454216292 ], [ 73.15435735376073, 22.329444683750946 ], [ 73.15435735376073, 22.329266913059065 ], [ 73.15435735376073, 22.329089142140646 ], [ 73.154453444449643, 22.32882248533824 ], [ 73.154645625827442, 22.32882248533824 ], [ 73.154741716516341, 22.328644713853453 ], [ 73.154933897894125, 22.328555828026122 ], [ 73.155126079271923, 22.32846694214215 ], [ 73.155126079271923, 22.328289170204297 ], [ 73.155318260649707, 22.328200284150419 ], [ 73.155414351338592, 22.328022511872767 ], [ 73.155606532716405, 22.327844739368572 ], [ 73.155702623405304, 22.327578080187546 ], [ 73.155894804783074, 22.327578080187546 ], [ 73.155990895471987, 22.327311420496823 ], [ 73.156183076849786, 22.327222533819988 ], [ 73.156183076849786, 22.32704476029642 ], [ 73.156279167538685, 22.326866986546328 ], [ 73.156471348916455, 22.326778099586331 ], [ 73.156471348916455, 22.326600325496447 ], [ 73.156759620983166, 22.326333663936893 ], [ 73.156855711672051, 22.326155889280713 ], [ 73.156951802360936, 22.32588922687172 ], [ 73.156951802360936, 22.325711451649237 ], [ 73.156951802360936, 22.325533676200244 ], [ 73.157143983738749, 22.325444788390808 ], [ 73.157143983738749, 22.325267012602048 ], [ 73.157240074427648, 22.325000348494196 ], [ 73.157432255805446, 22.324911460344985 ], [ 73.157432255805446, 22.324644795557614 ], [ 73.157720527872129, 22.324467018749566 ], [ 73.157816618561029, 22.324289241715004 ], [ 73.157912709249928, 22.324111464453946 ], [ 73.158104890627712, 22.323933686966384 ], [ 73.158104890627712, 22.323755909252313 ], [ 73.15829707200551, 22.323667020310349 ], [ 73.15829707200551, 22.323489242256539 ], [ 73.158489253383308, 22.323400353144702 ], [ 73.158489253383308, 22.323222574751142 ], [ 73.158777525449992, 22.322955906736134 ], [ 73.158873616138891, 22.32268923821151 ], [ 73.159065797516689, 22.32268923821151 ], [ 73.159065797516689, 22.322422569177284 ], [ 73.159161888205588, 22.322244789538033 ], [ 73.159354069583372, 22.322155899633472 ], [ 73.159354069583372, 22.321978119654471 ], [ 73.15964234165007, 22.321711449261329 ], [ 73.159834523027868, 22.321622559017044 ], [ 73.159834523027868, 22.321444778358604 ], [ 73.159930613716753, 22.321178106946292 ], [ 73.160122795094551, 22.321178106946292 ], [ 73.160122795094551, 22.320911435024403 ], [ 73.160314976472336, 22.320733653460042 ], [ 73.160314976472336, 22.320555871669217 ], [ 73.160411067161235, 22.320289198558331 ], [ 73.160507157850134, 22.320111416201321 ], [ 73.160603248539033, 22.319933633617847 ], [ 73.160699339227932, 22.319755850807891 ], [ 73.160699339227932, 22.319578067771474 ], [ 73.160891520605716, 22.319578067771474 ], [ 73.160891520605716, 22.319400284508596 ], [ 73.160987611294615, 22.319222501019251 ], [ 73.161083701983515, 22.319044717303438 ], [ 73.161179792672414, 22.318866933361161 ], [ 73.161371974050198, 22.318600257023149 ], [ 73.161371974050198, 22.318333580175601 ], [ 73.161564155427996, 22.318244687779849 ], [ 73.161564155427996, 22.318066902818526 ], [ 73.161564155427996, 22.31780022495192 ], [ 73.161660246116895, 22.317533546575806 ], [ 73.161660246116895, 22.317355760708672 ], [ 73.161660246116895, 22.317089081483378 ], [ 73.161852427494708, 22.317000188295061 ], [ 73.161852427494708, 22.316822401748585 ], [ 73.161852427494708, 22.316644614975658 ], [ 73.161852427494708, 22.316466827976303 ], [ 73.161948518183578, 22.316289040750501 ], [ 73.161948518183578, 22.316111253298253 ], [ 73.162044608872478, 22.315844571695322 ], [ 73.162044608872478, 22.315666783676985 ], [ 73.162044608872478, 22.315488995432212 ], [ 73.162044608872478, 22.315311206961013 ], [ 73.161852427494708, 22.315311206961013 ], [ 73.161660246116895, 22.315311206961013 ], [ 73.161468064739083, 22.315311206961013 ], [ 73.161275883361313, 22.315222312640497 ], [ 73.161083701983515, 22.315133418263386 ], [ 73.160891520605716, 22.315133418263386 ], [ 73.160507157850134, 22.31495562933932 ], [ 73.160314976472336, 22.31495562933932 ], [ 73.160122795094551, 22.31495562933932 ], [ 73.160122795094551, 22.314777840188825 ], [ 73.160026704405652, 22.314511156038535 ], [ 73.160026704405652, 22.314333366321975 ], [ 73.159834523027868, 22.314333366321975 ], [ 73.159834523027868, 22.314155576378997 ], [ 73.159834523027868, 22.313977786209591 ], [ 73.159834523027868, 22.31379999581376 ], [ 73.159450160272272, 22.313622205191518 ], [ 73.159450160272272, 22.313444414342861 ], [ 73.159161888205588, 22.313266623267779 ], [ 73.159161888205588, 22.313088831966283 ], [ 73.159065797516689, 22.312911040438372 ], [ 73.158777525449992, 22.312822144589511 ], [ 73.158777525449992, 22.312644352721989 ], [ 73.158585344072208, 22.312644352721989 ], [ 73.158585344072208, 22.312466560628049 ], [ 73.15829707200551, 22.312288768307702 ], [ 73.15829707200551, 22.31202207940267 ], [ 73.15829707200551, 22.311755389988228 ], [ 73.158200981316611, 22.31148870006438 ], [ 73.158008799938827, 22.31148870006438 ], [ 73.158008799938827, 22.31122200963113 ], [ 73.158008799938827, 22.311044215725957 ], [ 73.158008799938827, 22.31086642159439 ], [ 73.158008799938827, 22.310688627236427 ], [ 73.158200981316611, 22.310599729972555 ], [ 73.15829707200551, 22.310421935275006 ], [ 73.158489253383308, 22.310421935275006 ], [ 73.158681434761107, 22.310333037841332 ], [ 73.158873616138891, 22.31024414035106 ], [ 73.15896970682779, 22.310066345200724 ], [ 73.159161888205588, 22.310066345200724 ], [ 73.159161888205588, 22.309888549823999 ], [ 73.159450160272272, 22.309710754220884 ], [ 73.15964234165007, 22.309621856334434 ], [ 73.159834523027868, 22.309532958391387 ], [ 73.160122795094551, 22.309444060391733 ], [ 73.160314976472336, 22.309355162335503 ], [ 73.160507157850134, 22.309355162335503 ], [ 73.160699339227932, 22.309266264222664 ], [ 73.160891520605716, 22.309266264222664 ], [ 73.161179792672414, 22.30917736605323 ], [ 73.161371974050198, 22.309088467827202 ], [ 73.161564155427996, 22.309088467827202 ], [ 73.161756336805794, 22.308999569544575 ], [ 73.161948518183578, 22.308999569544575 ], [ 73.162140699561377, 22.308999569544575 ], [ 73.162236790250276, 22.308821772809537 ], [ 73.162428971628074, 22.308821772809537 ], [ 73.162621153005858, 22.308821772809537 ], [ 73.162909425072542, 22.308732874357133 ], [ 73.163101606450354, 22.308732874357133 ], [ 73.163293787828138, 22.308732874357133 ], [ 73.163485969205936, 22.308643975848135 ], [ 73.163678150583735, 22.308643975848135 ], [ 73.163870331961533, 22.308643975848135 ], [ 73.164062513339317, 22.308643975848135 ], [ 73.164254694717101, 22.308643975848135 ], [ 73.1644468760949, 22.308643975848135 ], [ 73.164639057472698, 22.308643975848135 ], [ 73.164831238850482, 22.308643975848135 ], [ 73.16502342022828, 22.308643975848135 ], [ 73.165215601606079, 22.308643975848135 ], [ 73.165407782983863, 22.308643975848135 ], [ 73.165599964361661, 22.308643975848135 ], [ 73.165599964361661, 22.308466178660336 ], [ 73.165599964361661, 22.308288381246168 ], [ 73.165599964361661, 22.308110583605625 ], [ 73.165599964361661, 22.307932785738711 ], [ 73.165599964361661, 22.307754987645428 ], [ 73.165599964361661, 22.307577189325762 ], [ 73.165599964361661, 22.307399390779736 ], [ 73.165792145739445, 22.307132692536246 ], [ 73.165792145739445, 22.30686599378344 ], [ 73.165888236428344, 22.306599294521313 ], [ 73.166080417806143, 22.306510394654087 ], [ 73.166080417806143, 22.306332594749872 ], [ 73.166176508495042, 22.306154794619292 ], [ 73.166176508495042, 22.305888093998995 ], [ 73.166272599183955, 22.305710293302532 ], [ 73.166272599183955, 22.305443591833416 ], [ 73.166272599183955, 22.305265790571056 ], [ 73.166272599183955, 22.305087989082352 ], [ 73.166272599183955, 22.304821286424886 ], [ 73.166272599183955, 22.304643484370303 ], [ 73.166272599183955, 22.304465682089386 ], [ 73.166368689872826, 22.304287879582116 ], [ 73.166560871250624, 22.304287879582116 ], [ 73.166753052628422, 22.304198978243601 ], [ 73.167041324695106, 22.304198978243601 ], [ 73.167233506072904, 22.304110076848502 ], [ 73.167521778139601, 22.303932273888545 ], [ 73.167810050206285, 22.303754470702255 ], [ 73.168098322272982, 22.303665569024233 ], [ 73.168290503650766, 22.303576667289626 ], [ 73.168482685028579, 22.303487765498424 ], [ 73.168674866406363, 22.303487765498424 ], [ 73.168867047784161, 22.303398863650656 ], [ 73.169059229161945, 22.303398863650656 ], [ 73.169251410539729, 22.303398863650656 ], [ 73.169443591917542, 22.303309961746294 ], [ 73.169731863984211, 22.303309961746294 ], [ 73.169731863984211, 22.303132157767813 ], [ 73.170020136050923, 22.303132157767813 ], [ 73.170212317428707, 22.303043255693698 ], [ 73.170500589495404, 22.302954353563006 ], [ 73.170692770873188, 22.302776549131863 ], [ 73.170884952250972, 22.302776549131863 ], [ 73.17117322431767, 22.302776549131863 ], [ 73.171461496384353, 22.302687646831419 ], [ 73.171653677762151, 22.302687646831419 ], [ 73.171845859139964, 22.302687646831419 ], [ 73.171941949828863, 22.302509842060783 ], [ 73.172230221895532, 22.302509842060783 ], [ 73.172422403273345, 22.302509842060783 ], [ 73.172614584651129, 22.302509842060783 ], [ 73.172806766028927, 22.302509842060783 ], [ 73.172998947406725, 22.302509842060783 ], [ 73.172998947406725, 22.302687646831419 ], [ 73.172998947406725, 22.30286545137572 ], [ 73.172998947406725, 22.303132157767813 ], [ 73.172998947406725, 22.303309961746294 ], [ 73.172998947406725, 22.303487765498424 ], [ 73.172998947406725, 22.303665569024233 ], [ 73.172998947406725, 22.303843372323698 ], [ 73.172998947406725, 22.304021175396809 ], [ 73.172998947406725, 22.304198978243601 ], [ 73.172998947406725, 22.304376780864043 ], [ 73.172998947406725, 22.304554583258138 ], [ 73.172998947406725, 22.30473238542589 ], [ 73.172998947406725, 22.304910187367291 ], [ 73.172998947406725, 22.305087989082352 ], [ 73.172998947406725, 22.30535469123053 ], [ 73.172998947406725, 22.305532492379704 ], [ 73.172998947406725, 22.305710293302532 ], [ 73.172998947406725, 22.305976994262355 ], [ 73.172998947406725, 22.306243694712879 ], [ 73.172998947406725, 22.306421494730277 ], [ 73.17309503809561, 22.306688194331944 ], [ 73.173287219473394, 22.306777094085994 ], [ 73.173383310162308, 22.306954893424294 ], [ 73.173575491540078, 22.307310491421831 ], [ 73.173767672917876, 22.307310491421831 ], [ 73.173767672917876, 22.307488290081047 ], [ 73.173863763606789, 22.307666088513891 ], [ 73.173863763606789, 22.307843886720363 ], [ 73.174055944984588, 22.308199482454199 ], [ 73.174248126362357, 22.308288381246168 ], [ 73.174536398429069, 22.308288381246168 ], [ 73.174824670495738, 22.308288381246168 ], [ 73.175112942562421, 22.308288381246168 ], [ 73.175401214629119, 22.308288381246168 ], [ 73.175689486695816, 22.308288381246168 ], [ 73.175977758762514, 22.308288381246168 ], [ 73.176169940140298, 22.308288381246168 ], [ 73.17645821220701, 22.308288381246168 ], [ 73.176746484273679, 22.308288381246168 ], [ 73.176938665651491, 22.308288381246168 ], [ 73.177130847029275, 22.308288381246168 ], [ 73.177323028407073, 22.308288381246168 ], [ 73.177515209784872, 22.308288381246168 ], [ 73.177515209784872, 22.308110583605625 ], [ 73.177707391162642, 22.308110583605625 ], [ 73.177995663229353, 22.308021684700467 ], [ 73.177995663229353, 22.307843886720363 ], [ 73.178283935296022, 22.307754987645428 ], [ 73.178572207362734, 22.307577189325762 ], [ 73.178764388740504, 22.307577189325762 ], [ 73.179052660807216, 22.307488290081047 ], [ 73.179148751496115, 22.307310491421831 ], [ 73.179340932873885, 22.307310491421831 ], [ 73.179533114251697, 22.30722159200733 ], [ 73.179725295629481, 22.30722159200733 ], [ 73.17991747700728, 22.30722159200733 ], [ 73.180109658385078, 22.30722159200733 ], [ 73.180205749073977, 22.307399390779736 ], [ 73.180205749073977, 22.307577189325762 ], [ 73.180205749073977, 22.307843886720363 ], [ 73.180205749073977, 22.308021684700467 ], [ 73.180205749073977, 22.308288381246168 ], [ 73.180205749073977, 22.308555077282531 ], [ 73.180205749073977, 22.308732874357133 ], [ 73.180205749073977, 22.308910671205361 ], [ 73.180205749073977, 22.309088467827202 ], [ 73.180205749073977, 22.309266264222664 ], [ 73.180205749073977, 22.309444060391733 ], [ 73.180205749073977, 22.309621856334434 ], [ 73.180205749073977, 22.309799652050735 ], [ 73.180205749073977, 22.309977447540653 ], [ 73.180205749073977, 22.310155242804189 ], [ 73.180205749073977, 22.310333037841332 ], [ 73.180205749073977, 22.310510832652078 ], [ 73.180205749073977, 22.310688627236427 ], [ 73.180205749073977, 22.31086642159439 ], [ 73.180205749073977, 22.311044215725957 ], [ 73.180301839762848, 22.311310906498807 ], [ 73.180301839762848, 22.31148870006438 ], [ 73.180301839762848, 22.311666493403546 ], [ 73.18049402114066, 22.311666493403546 ], [ 73.18049402114066, 22.311933182987794 ], [ 73.18049402114066, 22.312199872062628 ], [ 73.18049402114066, 22.312377664496179 ], [ 73.180686202518459, 22.312733248684058 ], [ 73.180686202518459, 22.312911040438372 ], [ 73.180686202518459, 22.313177727645325 ], [ 73.180686202518459, 22.313355518833617 ], [ 73.180686202518459, 22.313533309795492 ], [ 73.180686202518459, 22.313711100530945 ], [ 73.180686202518459, 22.313888891039987 ], [ 73.180686202518459, 22.314066681322597 ], [ 73.180686202518459, 22.314244471378789 ], [ 73.180686202518459, 22.314422261208563 ], [ 73.180301839762848, 22.314777840188825 ], [ 73.180013567696179, 22.315133418263386 ], [ 73.180013567696179, 22.315311206961013 ], [ 73.180013567696179, 22.315577889582908 ], [ 73.180013567696179, 22.315844571695322 ], [ 73.17991747700728, 22.316022359487221 ], [ 73.179725295629481, 22.316022359487221 ], [ 73.179725295629481, 22.316200147052687 ], [ 73.179533114251697, 22.316289040750501 ], [ 73.179533114251697, 22.316555721504287 ], [ 73.179437023562798, 22.316822401748585 ], [ 73.179340932873885, 22.317089081483378 ], [ 73.178956570118316, 22.317533546575806 ], [ 73.178956570118316, 22.31780022495192 ], [ 73.178668298051619, 22.318155795327492 ], [ 73.178668298051619, 22.318333580175601 ], [ 73.178572207362734, 22.318600257023149 ], [ 73.178572207362734, 22.318778041305109 ], [ 73.178572207362734, 22.319044717303438 ], [ 73.178572207362734, 22.319222501019251 ], [ 73.178283935296022, 22.319578067771474 ], [ 73.178091753918252, 22.31984474224117 ], [ 73.178091753918252, 22.320022524937887 ], [ 73.177899572540454, 22.32020030740814 ], [ 73.177611300473771, 22.320289198558331 ], [ 73.177611300473771, 22.320466980688874 ], [ 73.177515209784872, 22.320644762592941 ], [ 73.177130847029275, 22.320911435024403 ], [ 73.176842574962592, 22.321178106946292 ], [ 73.176746484273679, 22.321444778358604 ], [ 73.176554302895894, 22.321444778358604 ], [ 73.17645821220701, 22.321711449261329 ], [ 73.176266030829211, 22.321978119654471 ], [ 73.175977758762514, 22.322333679385974 ], [ 73.17578557738473, 22.32268923821151 ], [ 73.17578557738473, 22.322867017284551 ], [ 73.175497305318032, 22.323133685469433 ], [ 73.175497305318032, 22.323311463976236 ], [ 73.175497305318032, 22.323578131311763 ], [ 73.175497305318032, 22.323844798137667 ], [ 73.17530512394022, 22.323844798137667 ], [ 73.175209033251349, 22.324111464453946 ], [ 73.175209033251349, 22.324289241715004 ], [ 73.175016851873551, 22.324378130260595 ], [ 73.174728579806839, 22.324644795557614 ], [ 73.174728579806839, 22.324822572139155 ], [ 73.174632489117954, 22.325000348494196 ], [ 73.174248126362357, 22.325355900524738 ], [ 73.174248126362357, 22.325533676200244 ], [ 73.174055944984588, 22.325533676200244 ], [ 73.173767672917876, 22.325800339288783 ], [ 73.173671582228977, 22.326067001867667 ], [ 73.173479400851207, 22.326067001867667 ], [ 73.173479400851207, 22.326244776637115 ], [ 73.173191128784495, 22.326511438366555 ], [ 73.172902856717826, 22.326778099586331 ], [ 73.172806766028927, 22.32704476029642 ], [ 73.172518493962244, 22.327400307117028 ], [ 73.172326312584445, 22.327755853031523 ], [ 73.172326312584445, 22.327933625648988 ], [ 73.172326312584445, 22.328111398039905 ], [ 73.172326312584445, 22.328289170204297 ], [ 73.172326312584445, 22.32846694214215 ], [ 73.172038040517748, 22.32882248533824 ], [ 73.172038040517748, 22.329000256596476 ], [ 73.171941949828863, 22.329266913059065 ], [ 73.17174976845105, 22.329266913059065 ], [ 73.171653677762151, 22.329444683750946 ], [ 73.171461496384353, 22.329533569011932 ], [ 73.171461496384353, 22.329711339364 ], [ 73.171365405695482, 22.32997799446732 ], [ 73.17117322431767, 22.32997799446732 ], [ 73.171077133628756, 22.330244649060898 ], [ 73.170884952250972, 22.330244649060898 ], [ 73.170692770873188, 22.330333533812155 ], [ 73.170692770873188, 22.33051130314475 ], [ 73.170404498806491, 22.330777956718848 ], [ 73.170404498806491, 22.330955725485058 ], [ 73.170116226739808, 22.331222378209574 ], [ 73.170020136050923, 22.331489030424329 ], [ 73.16982795467311, 22.331489030424329 ], [ 73.169539682606427, 22.331844565917702 ], [ 73.169443591917542, 22.332022333324545 ], [ 73.169347501228629, 22.332200100504824 ], [ 73.169155319850844, 22.332200100504824 ], [ 73.169059229161945, 22.332466750850433 ], [ 73.168770957095248, 22.332555634185681 ], [ 73.168770957095248, 22.332733400686259 ], [ 73.168482685028579, 22.333000050012291 ], [ 73.168194412961867, 22.333266698828545 ], [ 73.168194412961867, 22.333444464422822 ], [ 73.167906140895198, 22.333799994931656 ], [ 73.167906140895198, 22.333977759846203 ], [ 73.167906140895198, 22.334155524534172 ], [ 73.167617868828486, 22.334511053230347 ], [ 73.167617868828486, 22.334688817238568 ], [ 73.167617868828486, 22.334955462826034 ], [ 73.167329596761817, 22.335222107903675 ], [ 73.166945234006207, 22.335488752471495 ], [ 73.166945234006207, 22.33566651523347 ], [ 73.166849143317336, 22.335933158951558 ], [ 73.166656961939523, 22.3361998021598 ], [ 73.166368689872826, 22.336555325644369 ], [ 73.166272599183955, 22.336733087046756 ], [ 73.165984327117243, 22.337088609171705 ], [ 73.16569605505056, 22.337355250170578 ], [ 73.16569605505056, 22.337533010553237 ], [ 73.165407782983863, 22.337799650702323 ], [ 73.165215601606079, 22.337888530638718 ], [ 73.164927329539395, 22.338244049817749 ], [ 73.164927329539395, 22.338421809067345 ], [ 73.164831238850482, 22.338688447516834 ], [ 73.164639057472698, 22.338688447516834 ], [ 73.164350785406, 22.339043964656316 ], [ 73.164350785406, 22.339221722886116 ], [ 73.164062513339317, 22.339488359805923 ], [ 73.163870331961533, 22.339577238665871 ], [ 73.163582059894836, 22.339843874905792 ], [ 73.163485969205936, 22.340021632115786 ], [ 73.163293787828138, 22.340199389099155 ], [ 73.163101606450354, 22.340466024149269 ], [ 73.162813334383657, 22.340732658689454 ], [ 73.162813334383657, 22.340910414766292 ], [ 73.162717243694757, 22.341088170616491 ], [ 73.162525062316973, 22.341088170616491 ], [ 73.162236790250276, 22.341354803966841 ], [ 73.162236790250276, 22.341532559250446 ], [ 73.161948518183578, 22.341621436807245 ], [ 73.161948518183578, 22.341799191750887 ], [ 73.161660246116895, 22.342065823741386 ], [ 73.161371974050198, 22.342421332268788 ], [ 73.161371974050198, 22.342599086192518 ], [ 73.161083701983515, 22.342865716653147 ], [ 73.160795429916817, 22.343132346603809 ], [ 73.160603248539033, 22.343221223140702 ], [ 73.160507157850134, 22.343665604975204 ], [ 73.160314976472336, 22.343932233395929 ], [ 73.160122795094551, 22.344109985393086 ], [ 73.160026704405652, 22.344376612963838 ], [ 73.160026704405652, 22.344554364394334 ], [ 73.160026704405652, 22.344820991115096 ], [ 73.159930613716753, 22.344998741978934 ], [ 73.159930613716753, 22.345176492616094 ], [ 73.159834523027868, 22.345354243026591 ], [ 73.15964234165007, 22.345354243026591 ], [ 73.15964234165007, 22.345531993210418 ], [ 73.159354069583372, 22.345798618061139 ], [ 73.159161888205588, 22.345887492898047 ], [ 73.159065797516689, 22.346065242401838 ], [ 73.158873616138891, 22.346154117068739 ], [ 73.158873616138891, 22.346331866232511 ], [ 73.158585344072208, 22.346420740729407 ], [ 73.158585344072208, 22.34659848955317 ], [ 73.15829707200551, 22.346687363880044 ], [ 73.15829707200551, 22.346865112363776 ], [ 73.158008799938827, 22.347131734664359 ], [ 73.157912709249928, 22.347309482581384 ], [ 73.157528346494317, 22.347576104031884 ], [ 73.157240074427648, 22.347842724972331 ], [ 73.157240074427648, 22.34802047198259 ], [ 73.157143983738749, 22.348198218766171 ], [ 73.157143983738749, 22.34837596532304 ], [ 73.157143983738749, 22.348553711653224 ], [ 73.157336165116547, 22.348553711653224 ], [ 73.157528346494317, 22.348731457756713 ], [ 73.157720527872129, 22.348731457756713 ], [ 73.157912709249928, 22.348731457756713 ], [ 73.158104890627712, 22.348731457756713 ], [ 73.15829707200551, 22.348731457756713 ], [ 73.158585344072208, 22.348731457756713 ], [ 73.158777525449992, 22.348731457756713 ], [ 73.15896970682779, 22.348731457756713 ], [ 73.159161888205588, 22.348820330723441 ], [ 73.159257978894473, 22.348998076486875 ], [ 73.159450160272272, 22.349264694706967 ], [ 73.159546250961171, 22.349442439903651 ], [ 73.15964234165007, 22.349709057273593 ], [ 73.159834523027868, 22.349975674133454 ], [ 73.160026704405652, 22.350242290483212 ], [ 73.160122795094551, 22.350420034433 ], [ 73.160122795094551, 22.350597778156072 ], [ 73.160218885783451, 22.350953264922079 ], [ 73.160218885783451, 22.351131007965005 ], [ 73.160218885783451, 22.351308750781222 ], [ 73.160218885783451, 22.351486493370711 ], [ 73.160218885783451, 22.35166423573348 ], [ 73.160218885783451, 22.351841977869523 ], [ 73.160218885783451, 22.352108590648491 ], [ 73.160411067161235, 22.352375202917315 ], [ 73.160411067161235, 22.35255294414646 ], [ 73.160411067161235, 22.35290842592455 ], [ 73.160507157850134, 22.353263906795721 ], [ 73.160699339227932, 22.353619386759938 ], [ 73.160699339227932, 22.353797126401947 ], [ 73.160699339227932, 22.353974865817214 ], [ 73.160795429916817, 22.354152605005744 ], [ 73.160891520605716, 22.354330343967515 ], [ 73.161083701983515, 22.354330343967515 ], [ 73.161275883361313, 22.354330343967515 ], [ 73.161371974050198, 22.354508082702562 ], [ 73.161564155427996, 22.354774690379969 ], [ 73.161660246116895, 22.355041297547206 ], [ 73.161660246116895, 22.355219035375246 ], [ 73.161852427494708, 22.355485641692162 ], [ 73.162044608872478, 22.355752247498884 ], [ 73.162044608872478, 22.355929984419923 ], [ 73.162140699561377, 22.35610772111421 ], [ 73.162140699561377, 22.35628545758173 ], [ 73.162236790250276, 22.356463193822496 ], [ 73.162236790250276, 22.356640929836491 ], [ 73.162332880939189, 22.35690753343232 ], [ 73.162332880939189, 22.357085268879413 ], [ 73.162525062316973, 22.357351871624875 ], [ 73.162717243694757, 22.357707341158456 ], [ 73.162717243694757, 22.357885075585092 ], [ 73.162717243694757, 22.358151676799849 ], [ 73.162717243694757, 22.358418277504363 ], [ 73.162717243694757, 22.358596011023906 ], [ 73.162717243694757, 22.358773744316668 ], [ 73.162717243694757, 22.359040343830596 ], [ 73.162525062316973, 22.359040343830596 ], [ 73.162236790250276, 22.359040343830596 ], [ 73.161852427494708, 22.359129210221845 ], [ 73.161660246116895, 22.359129210221845 ], [ 73.161371974050198, 22.359129210221845 ], [ 73.161179792672414, 22.359129210221845 ], [ 73.160987611294615, 22.359040343830596 ], [ 73.160987611294615, 22.358862610878003 ], [ 73.160891520605716, 22.358596011023906 ], [ 73.160699339227932, 22.358596011023906 ], [ 73.160603248539033, 22.35832941065955 ], [ 73.160314976472336, 22.358240543758047 ], [ 73.160314976472336, 22.358062809784951 ], [ 73.160122795094551, 22.357973942713365 ], [ 73.160026704405652, 22.357796208400121 ], [ 73.159834523027868, 22.357796208400121 ], [ 73.159738432338969, 22.3576184738601 ], [ 73.159546250961171, 22.3576184738601 ], [ 73.159257978894473, 22.3576184738601 ], [ 73.15896970682779, 22.3576184738601 ], [ 73.158777525449992, 22.3576184738601 ], [ 73.158489253383308, 22.3576184738601 ], [ 73.158200981316611, 22.3576184738601 ], [ 73.157912709249928, 22.3576184738601 ], [ 73.15762443718323, 22.3576184738601 ], [ 73.157432255805446, 22.3576184738601 ], [ 73.157240074427648, 22.3576184738601 ], [ 73.15704789304985, 22.3576184738601 ], [ 73.156855711672051, 22.357796208400121 ], [ 73.156567439605368, 22.357885075585092 ], [ 73.156375258227555, 22.357885075585092 ], [ 73.156183076849786, 22.357885075585092 ], [ 73.155990895471987, 22.357885075585092 ], [ 73.155798714094203, 22.357973942713365 ], [ 73.155414351338592, 22.35832941065955 ], [ 73.155414351338592, 22.358507144292485 ], [ 73.155126079271923, 22.358684877698625 ], [ 73.155029988583024, 22.358862610878003 ], [ 73.154837807205212, 22.358951477382643 ], [ 73.154549535138543, 22.359306942834269 ], [ 73.15435735376073, 22.359306942834269 ], [ 73.153876900316249, 22.359395809055432 ], [ 73.153684718938464, 22.359395809055432 ], [ 73.15349253756068, 22.359395809055432 ], [ 73.153300356182854, 22.359395809055432 ], [ 73.153108174805084, 22.359395809055432 ], [ 73.1529159934273, 22.359395809055432 ], [ 73.152723812049501, 22.359395809055432 ], [ 73.152531630671689, 22.359395809055432 ], [ 73.152339449293919, 22.359395809055432 ], [ 73.152147267916121, 22.359395809055432 ], [ 73.151955086538308, 22.359395809055432 ], [ 73.15176290516051, 22.359395809055432 ], [ 73.151666814471639, 22.359573541327681 ], [ 73.151378542404927, 22.35966240737876 ], [ 73.151378542404927, 22.359840139310815 ], [ 73.151186361027158, 22.359840139310815 ], [ 73.151186361027158, 22.360017871016101 ], [ 73.150898088960446, 22.360284468148777 ], [ 73.150898088960446, 22.360462199287085 ], [ 73.150898088960446, 22.360639930198591 ], [ 73.150898088960446, 22.360817660883306 ], [ 73.150898088960446, 22.36099539134122 ], [ 73.150898088960446, 22.361173121572342 ], [ 73.150801998271561, 22.361528581354182 ], [ 73.150801998271561, 22.361795175595223 ], [ 73.150801998271561, 22.362061769325944 ], [ 73.150801998271561, 22.362239498196246 ], [ 73.150801998271561, 22.362417226839746 ], [ 73.150801998271561, 22.362594955256444 ], [ 73.150801998271561, 22.362950411409404 ], [ 73.150801998271561, 22.363128139145665 ], [ 73.150801998271561, 22.363394730324778 ], [ 73.150801998271561, 22.363572457493991 ], [ 73.150609816893777, 22.363927911151983 ], [ 73.150417635515964, 22.364194500800064 ], [ 73.150417635515964, 22.364372226948607 ], [ 73.150417635515964, 22.364638815746101 ], [ 73.150417635515964, 22.364816541327571 ], [ 73.15022545413818, 22.364816541327571 ], [ 73.150129363449295, 22.364994266682217 ], [ 73.149937182071483, 22.364994266682217 ], [ 73.149648910004814, 22.36526085428887 ], [ 73.149456728627015, 22.36526085428887 ], [ 73.149072365871433, 22.365616303637161 ], [ 73.149552819315915, 22.365438579076436 ] ] ] } },
{ "type": "Feature", "properties": { "fid": 17, "ward_id": 9 }, "geometry": { "type": "Polygon", "coordinates": [ [ [ 73.132160404625594, 22.35610772111421 ], [ 73.131968223247796, 22.356196589376317 ], [ 73.131776041870012, 22.356196589376317 ], [ 73.131776041870012, 22.356374325730453 ], [ 73.131391679114415, 22.356640929836502 ], [ 73.131103407047732, 22.35690753343232 ], [ 73.130815134981049, 22.356996401184219 ], [ 73.13071904429215, 22.357174136517926 ], [ 73.130430772225452, 22.357351871624875 ], [ 73.130142500158769, 22.357351871624875 ], [ 73.129950318780956, 22.357351871624875 ], [ 73.129758137403172, 22.357351871624875 ], [ 73.12956595602536, 22.357440739093306 ], [ 73.12937377464759, 22.357440739093306 ], [ 73.129181593269792, 22.357440739093306 ], [ 73.129181593269792, 22.357263004099746 ], [ 73.129181593269792, 22.356996401184219 ], [ 73.129181593269792, 22.356729797758469 ], [ 73.129181593269792, 22.356463193822496 ], [ 73.129085502580878, 22.356196589376317 ], [ 73.129085502580878, 22.355929984419923 ], [ 73.129085502580878, 22.355752247498888 ], [ 73.129085502580878, 22.355574510351094 ], [ 73.129085502580878, 22.355396772976551 ], [ 73.129085502580878, 22.355219035375256 ], [ 73.129085502580878, 22.355041297547206 ], [ 73.129085502580878, 22.354863559492404 ], [ 73.129085502580878, 22.354685821210854 ], [ 73.129085502580878, 22.354508082702566 ], [ 73.129085502580878, 22.354330343967526 ], [ 73.129085502580878, 22.354152605005744 ], [ 73.129085502580878, 22.353974865817218 ], [ 73.129085502580878, 22.353797126401947 ], [ 73.129085502580878, 22.353619386759945 ], [ 73.129181593269792, 22.353352776871802 ], [ 73.129181593269792, 22.353175036662961 ], [ 73.129181593269792, 22.352997296227372 ], [ 73.129181593269792, 22.352819555565056 ], [ 73.128989411891979, 22.352730685148874 ], [ 73.128797230514209, 22.352730685148874 ], [ 73.128508958447497, 22.352819555565056 ], [ 73.128316777069728, 22.352819555565056 ], [ 73.128124595691929, 22.352819555565056 ], [ 73.128028505003016, 22.352997296227372 ], [ 73.127740232936347, 22.352997296227372 ], [ 73.127548051558534, 22.352997296227372 ], [ 73.127355870180764, 22.353086166473503 ], [ 73.127163688802966, 22.353175036662961 ], [ 73.126875416736269, 22.353263906795721 ], [ 73.126683235358485, 22.353352776871802 ], [ 73.126491053980672, 22.353352776871802 ], [ 73.126202781914003, 22.353619386759945 ], [ 73.126010600536191, 22.353619386759945 ], [ 73.125818419158406, 22.353619386759945 ], [ 73.125530147091723, 22.353974865817218 ], [ 73.125337965713925, 22.353974865817218 ], [ 73.125145784336112, 22.353974865817218 ], [ 73.124953602958328, 22.353974865817218 ], [ 73.124857512269415, 22.353797126401947 ], [ 73.124761421580544, 22.353619386759945 ], [ 73.124665330891631, 22.353441646891202 ], [ 73.124473149513861, 22.353441646891202 ], [ 73.124473149513861, 22.353263906795721 ], [ 73.124280968136063, 22.353263906795721 ], [ 73.124280968136063, 22.352997296227372 ], [ 73.12408878675825, 22.352819555565056 ], [ 73.12408878675825, 22.352641814676005 ], [ 73.12408878675825, 22.352464073560228 ], [ 73.12408878675825, 22.352197461461444 ], [ 73.12408878675825, 22.352019719778855 ], [ 73.12408878675825, 22.35175310682984 ], [ 73.12408878675825, 22.351486493370711 ], [ 73.12408878675825, 22.351219879401455 ], [ 73.12408878675825, 22.351042136471882 ], [ 73.12408878675825, 22.350864393315607 ], [ 73.12408878675825, 22.350686649932598 ], [ 73.123896605380466, 22.350686649932598 ], [ 73.123896605380466, 22.350508906322883 ], [ 73.123896605380466, 22.350331162486452 ], [ 73.123800514691581, 22.350153418423311 ], [ 73.123608333313769, 22.350064546306719 ], [ 73.123416151935984, 22.350064546306719 ], [ 73.1232239705582, 22.350064546306719 ], [ 73.123031789180388, 22.350064546306719 ], [ 73.122743517113719, 22.350153418423311 ], [ 73.122551335735906, 22.350153418423311 ], [ 73.122359154358122, 22.350153418423311 ], [ 73.122166972980338, 22.350153418423311 ], [ 73.121878700913641, 22.350153418423311 ], [ 73.121686519535857, 22.350064546306719 ], [ 73.121590428846957, 22.349886801903512 ], [ 73.121590428846957, 22.349709057273593 ], [ 73.121590428846957, 22.349531312416978 ], [ 73.121590428846957, 22.349264694706971 ], [ 73.121590428846957, 22.348998076486875 ], [ 73.121590428846957, 22.348820330723449 ], [ 73.121590428846957, 22.348642584733302 ], [ 73.121782610224727, 22.348642584733302 ], [ 73.121974791602526, 22.348642584733302 ], [ 73.122263063669237, 22.348553711653224 ], [ 73.122359154358122, 22.348375965323051 ], [ 73.122455245047007, 22.348198218766175 ], [ 73.122551335735906, 22.348020471982597 ], [ 73.122743517113719, 22.347931598505802 ], [ 73.122743517113719, 22.347753851382187 ], [ 73.122743517113719, 22.347576104031887 ], [ 73.122839607802604, 22.347398356454889 ], [ 73.122935698491503, 22.347220608651213 ], [ 73.123031789180388, 22.347042860620842 ], [ 73.123031789180388, 22.346865112363787 ], [ 73.123031789180388, 22.346687363880047 ], [ 73.123031789180388, 22.346420740729407 ], [ 73.123127879869287, 22.346154117068746 ], [ 73.123127879869287, 22.345887492898051 ], [ 73.123127879869287, 22.345620868217331 ], [ 73.123127879869287, 22.345354243026591 ], [ 73.123127879869287, 22.345087617325849 ], [ 73.123127879869287, 22.344909866575353 ], [ 73.123127879869287, 22.34473211559818 ], [ 73.123320061247071, 22.34473211559818 ], [ 73.123320061247071, 22.344554364394334 ], [ 73.123320061247071, 22.344376612963842 ], [ 73.123320061247071, 22.344198861306673 ], [ 73.123512242624869, 22.344109985393089 ], [ 73.123704424002682, 22.344021109422844 ], [ 73.123896605380466, 22.344021109422844 ], [ 73.12408878675825, 22.343932233395929 ], [ 73.124280968136063, 22.343932233395929 ], [ 73.124569240202732, 22.343843357312355 ], [ 73.124857512269415, 22.343754481172116 ], [ 73.125049693647242, 22.343665604975204 ], [ 73.125241875025026, 22.343665604975204 ], [ 73.125337965713925, 22.343487852411393 ], [ 73.125530147091723, 22.343487852411393 ], [ 73.125722328469521, 22.343487852411393 ], [ 73.125914509847291, 22.343487852411393 ], [ 73.126106691225104, 22.343487852411393 ], [ 73.126394963291759, 22.343487852411393 ], [ 73.126587144669585, 22.343487852411393 ], [ 73.126779326047384, 22.343487852411393 ], [ 73.126971507425154, 22.343398976044497 ], [ 73.127163688802966, 22.343398976044497 ], [ 73.127259779491865, 22.343221223140706 ], [ 73.127451960869635, 22.343221223140706 ], [ 73.127740232936347, 22.343221223140706 ], [ 73.127932414314131, 22.343221223140706 ], [ 73.128220686380828, 22.343132346603809 ], [ 73.128508958447497, 22.343132346603809 ], [ 73.12870113982531, 22.343132346603809 ], [ 73.128893321203108, 22.343132346603809 ], [ 73.128989411891979, 22.34295459336003 ], [ 73.129181593269792, 22.34295459336003 ], [ 73.129469865336489, 22.342865716653151 ], [ 73.12956595602536, 22.342687963069398 ], [ 73.12956595602536, 22.342510209258986 ], [ 73.12956595602536, 22.342332455221943 ], [ 73.12956595602536, 22.342154700958236 ], [ 73.129469865336489, 22.341976946467888 ], [ 73.129469865336489, 22.341799191750887 ], [ 73.12937377464759, 22.341621436807248 ], [ 73.12937377464759, 22.341443681636974 ], [ 73.12937377464759, 22.341265926240052 ], [ 73.12937377464759, 22.341088170616494 ], [ 73.129277683958691, 22.340910414766292 ], [ 73.129277683958691, 22.340732658689454 ], [ 73.129277683958691, 22.340466024149269 ], [ 73.129277683958691, 22.340199389099155 ], [ 73.129469865336489, 22.340110510635803 ], [ 73.129662046714259, 22.340110510635803 ], [ 73.129854228092071, 22.340110510635803 ], [ 73.13004640946987, 22.340110510635803 ], [ 73.130238590847654, 22.340110510635803 ], [ 73.130430772225452, 22.340110510635803 ], [ 73.13062295360325, 22.340110510635803 ], [ 73.130815134981049, 22.340110510635803 ], [ 73.131007316358819, 22.340110510635803 ], [ 73.131199497736631, 22.340110510635803 ], [ 73.131391679114415, 22.340110510635803 ], [ 73.131583860492213, 22.340110510635803 ], [ 73.131776041870012, 22.340110510635803 ], [ 73.132064313936681, 22.340110510635803 ], [ 73.132256495314493, 22.340110510635803 ], [ 73.132448676692277, 22.340021632115793 ], [ 73.132544767381162, 22.339843874905799 ], [ 73.132736948758975, 22.339843874905799 ], [ 73.132929130136773, 22.339843874905799 ], [ 73.133217402203456, 22.339754996215813 ], [ 73.133409583581255, 22.339666117469175 ], [ 73.133601764959025, 22.339577238665871 ], [ 73.133793946336837, 22.339488359805923 ], [ 73.133793946336837, 22.339310601916047 ], [ 73.133986127714635, 22.339310601916047 ], [ 73.134274399781319, 22.33922172288613 ], [ 73.134466581159117, 22.339132843799558 ], [ 73.1347548532258, 22.339043964656319 ], [ 73.134947034603599, 22.33895508545643 ], [ 73.135139215981397, 22.338866206199885 ], [ 73.13542748804808, 22.338866206199885 ], [ 73.135523578736979, 22.338688447516837 ], [ 73.135715760114778, 22.338688447516837 ], [ 73.136004032181461, 22.338688447516837 ], [ 73.136196213559259, 22.338599568090331 ], [ 73.136388394937043, 22.338599568090331 ], [ 73.136676667003741, 22.338599568090331 ], [ 73.136868848381539, 22.338599568090331 ], [ 73.137157120448222, 22.338510688607169 ], [ 73.137349301826021, 22.338510688607169 ], [ 73.137541483203805, 22.338510688607169 ], [ 73.137733664581603, 22.338510688607169 ], [ 73.137925845959387, 22.338510688607169 ], [ 73.138118027337185, 22.338510688607169 ], [ 73.138310208714984, 22.338510688607169 ], [ 73.138502390092768, 22.338510688607169 ], [ 73.138694571470566, 22.338510688607169 ], [ 73.138790662159465, 22.33833292947088 ], [ 73.138982843537278, 22.33833292947088 ], [ 73.139175024915048, 22.338244049817764 ], [ 73.139367206292846, 22.338066290341544 ], [ 73.139367206292846, 22.337888530638722 ], [ 73.139367206292846, 22.337710770709286 ], [ 73.139367206292846, 22.337533010553241 ], [ 73.139367206292846, 22.337355250170585 ], [ 73.139367206292846, 22.337177489561316 ], [ 73.139463296981759, 22.336910848222534 ], [ 73.139463296981759, 22.336733087046756 ], [ 73.139463296981759, 22.336555325644369 ], [ 73.139559387670644, 22.336377564015393 ], [ 73.139559387670644, 22.336199802159811 ], [ 73.139559387670644, 22.336022040077623 ], [ 73.139655478359543, 22.335844277768842 ], [ 73.139655478359543, 22.33566651523347 ], [ 73.139655478359543, 22.335488752471495 ], [ 73.139655478359543, 22.335310989482942 ], [ 73.139847659737327, 22.335133226267786 ], [ 73.139847659737327, 22.334866581020197 ], [ 73.139847659737327, 22.334688817238568 ], [ 73.139847659737327, 22.334511053230347 ], [ 73.139847659737327, 22.334333288995555 ], [ 73.139847659737327, 22.334155524534175 ], [ 73.139847659737327, 22.333977759846206 ], [ 73.139847659737327, 22.333799994931656 ], [ 73.139655478359543, 22.333622229790528 ], [ 73.139463296981759, 22.333533347134999 ], [ 73.139271115603947, 22.333533347134999 ], [ 73.139271115603947, 22.333355581654008 ], [ 73.139078934226148, 22.333355581654008 ], [ 73.138790662159465, 22.333355581654008 ], [ 73.138598480781667, 22.333355581654008 ], [ 73.138406299403897, 22.333355581654008 ], [ 73.138214118026085, 22.333355581654008 ], [ 73.1380219366483, 22.333355581654008 ], [ 73.137829755270502, 22.333355581654008 ], [ 73.137637573892704, 22.333355581654008 ], [ 73.137349301826021, 22.333355581654008 ], [ 73.137157120448222, 22.333355581654008 ], [ 73.136964939070424, 22.333355581654008 ], [ 73.13677275769264, 22.333355581654008 ], [ 73.136580576314842, 22.333355581654008 ], [ 73.136388394937043, 22.333355581654008 ], [ 73.136196213559259, 22.333355581654008 ], [ 73.136004032181461, 22.333355581654008 ], [ 73.135811850803677, 22.333355581654008 ], [ 73.135523578736979, 22.333355581654008 ], [ 73.135331397359181, 22.333355581654008 ], [ 73.135139215981397, 22.333355581654008 ], [ 73.134850943914699, 22.333355581654008 ], [ 73.134658762536887, 22.333355581654008 ], [ 73.134370490470218, 22.333355581654008 ], [ 73.13417830909242, 22.333355581654008 ], [ 73.133986127714635, 22.333355581654008 ], [ 73.133793946336837, 22.333355581654008 ], [ 73.133601764959025, 22.333355581654008 ], [ 73.133409583581255, 22.333533347134999 ], [ 73.133121311514557, 22.333622229790528 ], [ 73.132736948758975, 22.333888877417259 ], [ 73.132544767381162, 22.333888877417259 ], [ 73.132352586003393, 22.333888877417259 ], [ 73.132064313936681, 22.334066642218513 ], [ 73.131872132558911, 22.334244406793179 ], [ 73.131679951181113, 22.334422171141281 ], [ 73.131487769803286, 22.334422171141281 ], [ 73.13129558842553, 22.334422171141281 ], [ 73.131103407047732, 22.334511053230347 ], [ 73.130911225669934, 22.334511053230347 ], [ 73.13062295360325, 22.334777699157701 ], [ 73.130430772225452, 22.334777699157701 ], [ 73.130142500158769, 22.334955462826034 ], [ 73.129950318780956, 22.334955462826034 ], [ 73.129758137403172, 22.334955462826034 ], [ 73.129758137403172, 22.335133226267786 ], [ 73.12956595602536, 22.335133226267786 ], [ 73.12937377464759, 22.335133226267786 ], [ 73.129085502580878, 22.335310989482942 ], [ 73.128893321203108, 22.335310989482942 ], [ 73.12870113982531, 22.335310989482942 ], [ 73.128605049136397, 22.335488752471495 ], [ 73.128412867758612, 22.335488752471495 ], [ 73.128220686380828, 22.335488752471495 ], [ 73.127932414314131, 22.33566651523347 ], [ 73.127740232936347, 22.33566651523347 ], [ 73.127548051558534, 22.33566651523347 ], [ 73.127355870180764, 22.33566651523347 ], [ 73.127067598114053, 22.335933158951558 ], [ 73.126875416736269, 22.335933158951558 ], [ 73.126587144669585, 22.336199802159811 ], [ 73.126394963291759, 22.336199802159811 ], [ 73.126202781914003, 22.336199802159811 ], [ 73.126010600536191, 22.336199802159811 ], [ 73.125818419158406, 22.336199802159811 ], [ 73.125626237780622, 22.336199802159811 ], [ 73.12543405640281, 22.336199802159811 ], [ 73.125241875025026, 22.336199802159811 ], [ 73.125049693647242, 22.336199802159811 ], [ 73.124857512269415, 22.336199802159811 ], [ 73.124665330891631, 22.336199802159811 ], [ 73.124473149513861, 22.336199802159811 ], [ 73.124280968136063, 22.336199802159811 ], [ 73.12408878675825, 22.336199802159811 ], [ 73.123896605380466, 22.336199802159811 ], [ 73.123704424002682, 22.336199802159811 ], [ 73.123512242624869, 22.336110921147036 ], [ 73.123512242624869, 22.335933158951558 ], [ 73.123416151935984, 22.335755396529478 ], [ 73.123416151935984, 22.335577633880813 ], [ 73.123320061247071, 22.335399871005539 ], [ 73.123127879869287, 22.335310989482942 ], [ 73.122935698491503, 22.335222107903689 ], [ 73.122743517113719, 22.335044344575234 ], [ 73.12264742642482, 22.334866581020197 ], [ 73.122455245047007, 22.334866581020197 ], [ 73.122166972980338, 22.334688817238568 ], [ 73.121974791602526, 22.334511053230347 ], [ 73.121878700913641, 22.334333288995555 ], [ 73.121590428846957, 22.334155524534175 ], [ 73.12130215678026, 22.333888877417259 ], [ 73.12130215678026, 22.333622229790528 ], [ 73.121206066091375, 22.333444464422822 ], [ 73.121206066091375, 22.333266698828549 ], [ 73.121013884713562, 22.333088933007691 ], [ 73.121109975402476, 22.332911166960258 ], [ 73.121109975402476, 22.332733400686259 ], [ 73.121206066091375, 22.332466750850433 ], [ 73.121398247469145, 22.332466750850433 ], [ 73.121494338158044, 22.332200100504824 ], [ 73.121686519535857, 22.332111216943009 ], [ 73.121686519535857, 22.331933449649448 ], [ 73.121878700913641, 22.331844565917702 ], [ 73.121878700913641, 22.331666798284296 ], [ 73.122070882291425, 22.331577914382635 ], [ 73.122263063669237, 22.331400146409386 ], [ 73.122359154358122, 22.331222378209574 ], [ 73.12264742642482, 22.331044609783206 ], [ 73.12264742642482, 22.33086684113028 ], [ 73.122743517113719, 22.330600187726091 ], [ 73.122935698491503, 22.330600187726091 ], [ 73.122935698491503, 22.330422418506778 ], [ 73.123031789180388, 22.330244649060898 ], [ 73.123127879869287, 22.329977994467328 ], [ 73.123127879869287, 22.329711339364003 ], [ 73.1232239705582, 22.329533569011936 ], [ 73.123320061247071, 22.32935579843333 ], [ 73.123512242624869, 22.32935579843333 ], [ 73.123512242624869, 22.329178027628178 ], [ 73.123608333313769, 22.329000256596476 ], [ 73.123800514691581, 22.329000256596476 ], [ 73.123800514691581, 22.328733599624165 ], [ 73.12408878675825, 22.328644713853461 ], [ 73.12408878675825, 22.32846694214215 ], [ 73.124184877447163, 22.328200284150423 ], [ 73.124377058824948, 22.328200284150423 ], [ 73.124377058824948, 22.327933625648992 ], [ 73.124473149513861, 22.32766696663786 ], [ 73.124665330891631, 22.327578080187546 ], [ 73.124665330891631, 22.327400307117038 ], [ 73.124665330891631, 22.327222533819992 ], [ 73.124761421580544, 22.327044760296424 ], [ 73.124761421580544, 22.326866986546328 ], [ 73.124761421580544, 22.326689212569701 ], [ 73.124761421580544, 22.326511438366559 ], [ 73.124473149513861, 22.326333663936897 ], [ 73.124184877447163, 22.326333663936897 ], [ 73.123992696069365, 22.326333663936897 ], [ 73.123800514691581, 22.326333663936897 ], [ 73.123608333313769, 22.326244776637115 ], [ 73.123512242624869, 22.326067001867671 ], [ 73.123512242624869, 22.32588922687172 ], [ 73.123512242624869, 22.325711451649241 ], [ 73.123512242624869, 22.325533676200244 ], [ 73.123512242624869, 22.325355900524738 ], [ 73.123512242624869, 22.325178124622724 ], [ 73.123512242624869, 22.325000348494196 ], [ 73.123512242624869, 22.324822572139155 ], [ 73.123512242624869, 22.324555907181903 ], [ 73.123416151935984, 22.324378130260595 ], [ 73.123416151935984, 22.324111464453946 ], [ 73.1232239705582, 22.324111464453946 ], [ 73.1232239705582, 22.323844798137671 ], [ 73.1232239705582, 22.323578131311766 ], [ 73.123127879869287, 22.323311463976236 ], [ 73.123031789180388, 22.323044796131093 ], [ 73.123031789180388, 22.322867017284551 ], [ 73.122839607802604, 22.322867017284551 ], [ 73.122839607802604, 22.32268923821152 ], [ 73.122839607802604, 22.32251145891199 ], [ 73.12264742642482, 22.32251145891199 ], [ 73.12264742642482, 22.322333679385974 ], [ 73.12264742642482, 22.322155899633472 ], [ 73.122455245047007, 22.322067009672285 ], [ 73.122263063669237, 22.322067009672285 ], [ 73.122070882291425, 22.322067009672285 ], [ 73.121782610224727, 22.322244789538036 ], [ 73.121590428846957, 22.322244789538036 ], [ 73.121398247469145, 22.322244789538036 ], [ 73.121206066091375, 22.322333679385974 ], [ 73.121013884713562, 22.322333679385974 ], [ 73.120821703335764, 22.322333679385974 ], [ 73.120629521957994, 22.322333679385974 ], [ 73.120245159202398, 22.32251145891199 ], [ 73.120052977824585, 22.32251145891199 ], [ 73.120052977824585, 22.322333679385974 ], [ 73.119860796446801, 22.322333679385974 ], [ 73.119860796446801, 22.322155899633472 ], [ 73.119860796446801, 22.321978119654482 ], [ 73.119860796446801, 22.321800339449005 ], [ 73.119764705757916, 22.321622559017047 ], [ 73.119764705757916, 22.321444778358611 ], [ 73.119764705757916, 22.321266997473685 ], [ 73.119476433691219, 22.321000325721656 ], [ 73.119476433691219, 22.320822544270541 ], [ 73.119380343002319, 22.320644762592941 ], [ 73.119188161624535, 22.320555871669217 ], [ 73.118995980246737, 22.320466980688874 ], [ 73.118803798868939, 22.320289198558335 ], [ 73.118323345424457, 22.320022524937894 ], [ 73.11803507335776, 22.31984474224118 ], [ 73.117650710602192, 22.319755850807894 ], [ 73.117458529224379, 22.319755850807894 ], [ 73.11717025715771, 22.319755850807894 ], [ 73.11717025715771, 22.319933633617847 ], [ 73.11717025715771, 22.320111416201321 ], [ 73.11717025715771, 22.320378089651918 ], [ 73.11717025715771, 22.320555871669217 ], [ 73.11717025715771, 22.320733653460042 ], [ 73.11717025715771, 22.32091143502441 ], [ 73.11717025715771, 22.321178106946299 ], [ 73.11717025715771, 22.321355887944456 ], [ 73.11717025715771, 22.321533668716139 ], [ 73.116978075779897, 22.321622559017047 ], [ 73.116785894402113, 22.321622559017047 ], [ 73.116593713024329, 22.321622559017047 ], [ 73.116305440957618, 22.321533668716139 ], [ 73.116017168890934, 22.321444778358611 ], [ 73.116017168890934, 22.321266997473685 ], [ 73.115728896824237, 22.321178106946299 ], [ 73.115728896824237, 22.321000325721656 ], [ 73.115440624757554, 22.320822544270541 ], [ 73.115440624757554, 22.320644762592941 ], [ 73.115440624757554, 22.320466980688874 ], [ 73.115440624757554, 22.320289198558335 ], [ 73.115440624757554, 22.320111416201321 ], [ 73.115440624757554, 22.31984474224118 ], [ 73.115056262001971, 22.319666959317995 ], [ 73.114864080624173, 22.319666959317995 ], [ 73.114671899246389, 22.319666959317995 ], [ 73.114287536490792, 22.319666959317995 ], [ 73.114095355112994, 22.319666959317995 ], [ 73.11390317373521, 22.319666959317995 ], [ 73.113710992357412, 22.319666959317995 ], [ 73.113422720290728, 22.319933633617847 ], [ 73.11323053891293, 22.319933633617847 ], [ 73.113038357535132, 22.320111416201321 ], [ 73.112750085468448, 22.320289198558335 ], [ 73.11255790409065, 22.320289198558335 ], [ 73.112365722712866, 22.320289198558335 ], [ 73.112173541335068, 22.320289198558335 ], [ 73.11188526926837, 22.320289198558335 ], [ 73.111500906512788, 22.320466980688874 ], [ 73.11130872513499, 22.320466980688874 ], [ 73.111020453068306, 22.320466980688874 ], [ 73.110828271690508, 22.320466980688874 ], [ 73.11063609031271, 22.320466980688874 ], [ 73.110443908934926, 22.320466980688874 ], [ 73.110443908934926, 22.320644762592941 ], [ 73.110251727557127, 22.320644762592941 ], [ 73.109963455490444, 22.320644762592941 ], [ 73.109771274112646, 22.320733653460042 ], [ 73.109579092734862, 22.320733653460042 ], [ 73.109386911357063, 22.320733653460042 ], [ 73.109194729979251, 22.320822544270541 ], [ 73.108906457912582, 22.321089216362285 ], [ 73.108714276534783, 22.321089216362285 ], [ 73.108522095156985, 22.321089216362285 ], [ 73.108329913779201, 22.321178106946299 ], [ 73.108233823090302, 22.321355887944456 ], [ 73.108041641712504, 22.321355887944456 ], [ 73.107561188268022, 22.321622559017047 ], [ 73.107369006890224, 22.321622559017047 ], [ 73.10717682551244, 22.321711449261333 ], [ 73.106984644134641, 22.321711449261333 ], [ 73.106984644134641, 22.321889229580052 ], [ 73.106600281379059, 22.322155899633472 ], [ 73.106408100001261, 22.322155899633472 ], [ 73.106119827934563, 22.322422569177284 ], [ 73.105927646556779, 22.32251145891199 ], [ 73.105543283801197, 22.322778127776346 ], [ 73.105351102423398, 22.322778127776346 ], [ 73.105062830356701, 22.323044796131093 ], [ 73.104870648978917, 22.323044796131093 ], [ 73.104582376912205, 22.323133685469436 ], [ 73.104390195534435, 22.323133685469436 ], [ 73.104101923467724, 22.323400353144706 ], [ 73.103813651401055, 22.323400353144706 ], [ 73.103813651401055, 22.323222574751142 ], [ 73.103813651401055, 22.323044796131093 ], [ 73.103717560712155, 22.322867017284551 ], [ 73.103621470023242, 22.32268923821152 ], [ 73.103429288645472, 22.32268923821152 ], [ 73.103237107267674, 22.322600348590061 ], [ 73.103044925889847, 22.322600348590061 ], [ 73.103044925889847, 22.322422569177284 ], [ 73.102660563134293, 22.322244789538036 ], [ 73.102180109689812, 22.321978119654482 ], [ 73.101987928312013, 22.321978119654482 ], [ 73.101795746934201, 22.321889229580052 ], [ 73.101699656245302, 22.321711449261333 ], [ 73.101411384178633, 22.321622559017047 ], [ 73.101411384178633, 22.321444778358611 ], [ 73.101411384178633, 22.321178106946299 ], [ 73.101411384178633, 22.321000325721656 ], [ 73.10121920280082, 22.32091143502441 ], [ 73.10121920280082, 22.320733653460042 ], [ 73.101027021423036, 22.320644762592941 ], [ 73.101027021423036, 22.320466980688874 ], [ 73.100930930734151, 22.320289198558335 ], [ 73.100546567978554, 22.320022524937894 ], [ 73.100546567978554, 22.31984474224118 ], [ 73.10035438660077, 22.319755850807894 ], [ 73.100258295911857, 22.319578067771474 ], [ 73.100066114534073, 22.319489176168343 ], [ 73.09997002384516, 22.319222501019251 ], [ 73.09977784246739, 22.319222501019251 ], [ 73.099681751778476, 22.319044717303438 ], [ 73.099489570400692, 22.319044717303438 ], [ 73.099489570400692, 22.318866933361161 ], [ 73.099201298333995, 22.318778041305112 ], [ 73.098913026267326, 22.318600257023149 ], [ 73.098720844889527, 22.318511364797246 ], [ 73.098624754200614, 22.318333580175601 ], [ 73.098624754200614, 22.318155795327492 ], [ 73.098336482133945, 22.318066902818526 ], [ 73.098336482133945, 22.317889117630738 ], [ 73.098336482133945, 22.317711332216504 ], [ 73.098048210067233, 22.317622439424468 ], [ 73.098048210067233, 22.317444653670552 ], [ 73.097759938000564, 22.317355760708683 ], [ 73.097759938000564, 22.317177974615095 ], [ 73.097471665933853, 22.317000188295061 ], [ 73.097375575244968, 22.316822401748592 ], [ 73.097183393867184, 22.316733508390431 ], [ 73.09708730317827, 22.316466827976306 ], [ 73.096895121800486, 22.316377934391713 ], [ 73.096702940422674, 22.316289040750501 ], [ 73.096510759044889, 22.316289040750501 ], [ 73.096510759044889, 22.31611125329826 ], [ 73.096222486978192, 22.316022359487224 ], [ 73.096222486978192, 22.315844571695322 ], [ 73.096030305600408, 22.315755677714463 ], [ 73.095838124222624, 22.315577889582908 ], [ 73.095838124222624, 22.315400101224924 ], [ 73.09574203353371, 22.315222312640508 ], [ 73.095645942844811, 22.315044523829656 ], [ 73.095549852155926, 22.314866734792378 ], [ 73.095453761467027, 22.314688945528673 ], [ 73.095453761467027, 22.314511156038535 ], [ 73.095645942844811, 22.314511156038535 ], [ 73.095838124222624, 22.314511156038535 ], [ 73.096030305600408, 22.314511156038535 ], [ 73.096222486978192, 22.314511156038535 ], [ 73.096414668355976, 22.314511156038535 ], [ 73.096510759044889, 22.314777840188832 ], [ 73.096702940422674, 22.314777840188832 ], [ 73.096895121800486, 22.314777840188832 ], [ 73.097183393867184, 22.314866734792378 ], [ 73.097471665933853, 22.314866734792378 ], [ 73.097663847311665, 22.314866734792378 ], [ 73.097952119378348, 22.314866734792378 ], [ 73.098240391445046, 22.314866734792378 ], [ 73.09843257282283, 22.314866734792378 ], [ 73.098624754200614, 22.314866734792378 ], [ 73.098816935578427, 22.314866734792378 ], [ 73.099105207645096, 22.314866734792378 ], [ 73.099393479711807, 22.314866734792378 ], [ 73.099681751778476, 22.314866734792378 ], [ 73.09997002384516, 22.314866734792378 ], [ 73.100162205222958, 22.314866734792378 ], [ 73.10035438660077, 22.31495562933932 ], [ 73.100546567978554, 22.31495562933932 ], [ 73.100738749356339, 22.31495562933932 ], [ 73.100930930734151, 22.31495562933932 ], [ 73.101123112111935, 22.31495562933932 ], [ 73.101315293489733, 22.315222312640508 ], [ 73.101507474867503, 22.315222312640508 ], [ 73.101699656245302, 22.315222312640508 ], [ 73.101699656245302, 22.315044523829656 ], [ 73.101795746934201, 22.314866734792378 ], [ 73.101795746934201, 22.314688945528673 ], [ 73.101795746934201, 22.314511156038535 ], [ 73.101987928312013, 22.314511156038535 ], [ 73.101987928312013, 22.314333366321982 ], [ 73.101987928312013, 22.314066681322597 ], [ 73.102084019000898, 22.313799995813763 ], [ 73.102084019000898, 22.313533309795492 ], [ 73.102276200378682, 22.313533309795492 ], [ 73.102276200378682, 22.313355518833617 ], [ 73.102276200378682, 22.313177727645339 ], [ 73.102372291067596, 22.312999936230636 ], [ 73.10256447244538, 22.312733248684058 ], [ 73.10256447244538, 22.312555456703326 ], [ 73.102660563134293, 22.312288768307713 ], [ 73.102660563134293, 22.312110975760959 ], [ 73.102660563134293, 22.311933182987797 ], [ 73.102660563134293, 22.311755389988228 ], [ 73.102660563134293, 22.311577596762266 ], [ 73.102660563134293, 22.3113998033099 ], [ 73.102660563134293, 22.31122200963113 ], [ 73.102660563134293, 22.311044215725957 ], [ 73.102660563134293, 22.310777524443715 ], [ 73.102660563134293, 22.310510832652081 ], [ 73.102660563134293, 22.310244140351063 ], [ 73.102660563134293, 22.310066345200724 ], [ 73.102852744512091, 22.309977447540657 ], [ 73.103044925889847, 22.309977447540657 ], [ 73.103237107267674, 22.309977447540657 ], [ 73.103429288645472, 22.309977447540657 ], [ 73.103429288645472, 22.309799652050735 ], [ 73.103429288645472, 22.309621856334434 ], [ 73.103429288645472, 22.309355162335503 ], [ 73.103237107267674, 22.309177366053234 ], [ 73.103237107267674, 22.308910671205361 ], [ 73.103237107267674, 22.308643975848135 ], [ 73.103237107267674, 22.308466178660336 ], [ 73.103237107267674, 22.308288381246172 ], [ 73.103237107267674, 22.308110583605625 ], [ 73.103237107267674, 22.307932785738718 ], [ 73.103237107267674, 22.307754987645428 ], [ 73.103333197956573, 22.307577189325762 ], [ 73.103525379334357, 22.307488290081047 ], [ 73.103717560712155, 22.307399390779739 ], [ 73.103909742089954, 22.307399390779739 ], [ 73.104198014156623, 22.307221592007338 ], [ 73.104486286223334, 22.307221592007338 ], [ 73.104582376912205, 22.307043793008575 ], [ 73.104774558290018, 22.307043793008575 ], [ 73.104966739667816, 22.30686599378344 ], [ 73.104966739667816, 22.306688194331947 ], [ 73.104966739667816, 22.306510394654094 ], [ 73.104966739667816, 22.306332594749872 ], [ 73.104966739667816, 22.306154794619292 ], [ 73.104966739667816, 22.305976994262355 ], [ 73.104966739667816, 22.305799193679061 ], [ 73.104966739667816, 22.305621392869419 ], [ 73.105062830356701, 22.305443591833416 ], [ 73.105255011734485, 22.305176889855002 ], [ 73.105351102423398, 22.304999088253119 ], [ 73.105351102423398, 22.304821286424886 ], [ 73.105351102423398, 22.304643484370306 ], [ 73.105351102423398, 22.304376780864043 ], [ 73.105351102423398, 22.304198978243601 ], [ 73.105447193112298, 22.304021175396823 ], [ 73.105447193112298, 22.303843372323698 ], [ 73.105447193112298, 22.303665569024233 ], [ 73.105447193112298, 22.303487765498431 ], [ 73.105639374490067, 22.303309961746294 ], [ 73.105639374490067, 22.303132157767816 ], [ 73.105639374490067, 22.302954353563006 ], [ 73.10583155586788, 22.302776549131863 ], [ 73.10583155586788, 22.302598744474395 ], [ 73.106023737245678, 22.302509842060783 ], [ 73.106215918623448, 22.302420939590593 ], [ 73.106408100001261, 22.302420939590593 ], [ 73.106600281379059, 22.302420939590593 ], [ 73.106792462756829, 22.302420939590593 ], [ 73.107080734823541, 22.302420939590593 ], [ 73.107272916201339, 22.302420939590593 ], [ 73.107465097579123, 22.302420939590593 ], [ 73.10775336964582, 22.302420939590593 ], [ 73.107945551023619, 22.302420939590593 ], [ 73.108137732401389, 22.302420939590593 ], [ 73.108329913779201, 22.302420939590593 ], [ 73.108522095156985, 22.302332037063813 ], [ 73.108618185845884, 22.302154231840525 ], [ 73.108906457912582, 22.302154231840525 ], [ 73.108906457912582, 22.301976426390901 ], [ 73.109194729979251, 22.301976426390901 ], [ 73.109483002045963, 22.301887523581218 ], [ 73.109675183423732, 22.301798620714951 ], [ 73.109867364801545, 22.301798620714951 ], [ 73.110059546179343, 22.301798620714951 ], [ 73.110251727557127, 22.301709717792118 ], [ 73.110443908934926, 22.301709717792118 ], [ 73.11063609031271, 22.301709717792118 ], [ 73.110828271690508, 22.301709717792118 ], [ 73.111020453068306, 22.301709717792118 ], [ 73.111212634446076, 22.301709717792118 ], [ 73.111404815823889, 22.301709717792118 ], [ 73.111596997201701, 22.301709717792118 ], [ 73.111789178579457, 22.301620814812679 ], [ 73.111981359957269, 22.301620814812679 ], [ 73.112173541335068, 22.301620814812679 ], [ 73.112173541335068, 22.3014430086841 ], [ 73.112365722712866, 22.3014430086841 ], [ 73.11255790409065, 22.3014430086841 ], [ 73.112846176157348, 22.301354105534923 ], [ 73.113038357535132, 22.301354105534923 ], [ 73.113134448224031, 22.30117629906686 ], [ 73.113422720290728, 22.30117629906686 ], [ 73.113614901668512, 22.30117629906686 ], [ 73.113807083046311, 22.30117629906686 ], [ 73.113999264424109, 22.301087395747956 ], [ 73.114287536490792, 22.301087395747956 ], [ 73.114479717868591, 22.301087395747956 ], [ 73.114671899246389, 22.300998492372472 ], [ 73.114767989935274, 22.300820685451757 ], [ 73.114767989935274, 22.300642878304739 ], [ 73.114767989935274, 22.300465070931402 ], [ 73.114767989935274, 22.300287263331754 ], [ 73.114767989935274, 22.300109455505797 ], [ 73.114767989935274, 22.299842743342527 ], [ 73.114767989935274, 22.299664934950798 ], [ 73.114767989935274, 22.299398221938866 ], [ 73.114767989935274, 22.299220412981377 ], [ 73.114960171313072, 22.299131508417773 ], [ 73.115152352690856, 22.299131508417773 ], [ 73.115152352690856, 22.298953699120819 ], [ 73.115440624757554, 22.298953699120819 ], [ 73.115728896824237, 22.298864794387484 ], [ 73.115921078202035, 22.298864794387484 ], [ 73.116113259579848, 22.298864794387484 ], [ 73.116305440957618, 22.298864794387484 ], [ 73.116497622335416, 22.298686984751082 ], [ 73.1166898037132, 22.298686984751082 ], [ 73.116881985090998, 22.298686984751082 ], [ 73.117074166468797, 22.298686984751082 ], [ 73.117362438535494, 22.298686984751082 ], [ 73.117650710602192, 22.298686984751082 ], [ 73.117938982668875, 22.298686984751082 ], [ 73.118227254735572, 22.298686984751082 ], [ 73.118515526802241, 22.29859807984802 ], [ 73.118707708180054, 22.29859807984802 ], [ 73.118995980246737, 22.29859807984802 ], [ 73.11928425231342, 22.29859807984802 ], [ 73.119572524380104, 22.29859807984802 ], [ 73.119764705757916, 22.29859807984802 ], [ 73.1199568871357, 22.29859807984802 ], [ 73.120149068513484, 22.29859807984802 ], [ 73.120341249891283, 22.29859807984802 ], [ 73.120533431269095, 22.29859807984802 ], [ 73.120821703335764, 22.29859807984802 ], [ 73.121013884713562, 22.29859807984802 ], [ 73.121206066091375, 22.29859807984802 ], [ 73.121398247469145, 22.29859807984802 ], [ 73.121590428846957, 22.29859807984802 ], [ 73.121782610224727, 22.29859807984802 ], [ 73.121974791602526, 22.29859807984802 ], [ 73.122263063669237, 22.29859807984802 ], [ 73.122551335735906, 22.29859807984802 ], [ 73.12264742642482, 22.298864794387484 ], [ 73.122839607802604, 22.298864794387484 ], [ 73.123127879869287, 22.298864794387484 ], [ 73.123416151935984, 22.298864794387484 ], [ 73.123608333313769, 22.298864794387484 ], [ 73.123800514691581, 22.298953699120819 ], [ 73.123896605380466, 22.299131508417773 ], [ 73.12408878675825, 22.299131508417773 ], [ 73.124377058824948, 22.299220412981377 ], [ 73.124473149513861, 22.299398221938866 ], [ 73.124665330891631, 22.299398221938866 ], [ 73.124953602958328, 22.299487126332757 ], [ 73.125049693647242, 22.299753839174947 ], [ 73.125241875025026, 22.299753839174947 ], [ 73.12543405640281, 22.299753839174947 ], [ 73.125722328469521, 22.299753839174947 ], [ 73.126010600536191, 22.299842743342527 ], [ 73.126298872602902, 22.299842743342527 ], [ 73.126298872602902, 22.300020551507952 ], [ 73.126491053980672, 22.300020551507952 ], [ 73.126683235358485, 22.300020551507952 ], [ 73.126875416736269, 22.300020551507952 ], [ 73.127163688802966, 22.300109455505797 ], [ 73.127355870180764, 22.300109455505797 ], [ 73.127548051558534, 22.300109455505797 ], [ 73.127740232936347, 22.300109455505797 ], [ 73.127932414314131, 22.300109455505797 ], [ 73.128124595691929, 22.300198359447062 ], [ 73.128316777069728, 22.300198359447062 ], [ 73.128508958447497, 22.300287263331754 ], [ 73.128605049136397, 22.300553974646366 ], [ 73.128797230514209, 22.300642878304739 ], [ 73.128797230514209, 22.300820685451757 ], [ 73.128893321203108, 22.300998492372472 ], [ 73.128893321203108, 22.30117629906686 ], [ 73.128989411891979, 22.3014430086841 ], [ 73.128989411891979, 22.301620814812679 ], [ 73.129181593269792, 22.302065329144003 ], [ 73.129181593269792, 22.302332037063813 ], [ 73.129277683958691, 22.302598744474395 ], [ 73.129277683958691, 22.30286545137573 ], [ 73.129469865336489, 22.30286545137573 ], [ 73.129469865336489, 22.303043255693709 ], [ 73.129469865336489, 22.303309961746294 ], [ 73.12956595602536, 22.303665569024233 ], [ 73.12956595602536, 22.303843372323698 ], [ 73.12956595602536, 22.304021175396823 ], [ 73.12956595602536, 22.304198978243601 ], [ 73.12956595602536, 22.304376780864043 ], [ 73.12956595602536, 22.304643484370306 ], [ 73.12956595602536, 22.304910187367291 ], [ 73.12956595602536, 22.305176889855002 ], [ 73.12956595602536, 22.305443591833416 ], [ 73.129758137403172, 22.305443591833416 ], [ 73.129758137403172, 22.305621392869419 ], [ 73.129758137403172, 22.305888093999009 ], [ 73.129758137403172, 22.306065894469121 ], [ 73.129758137403172, 22.306332594749872 ], [ 73.129854228092071, 22.306599294521313 ], [ 73.129854228092071, 22.306777094085994 ], [ 73.129854228092071, 22.306954893424304 ], [ 73.129854228092071, 22.307132692536246 ], [ 73.129854228092071, 22.307310491421831 ], [ 73.129854228092071, 22.307488290081047 ], [ 73.13004640946987, 22.307843886720363 ], [ 73.13004640946987, 22.308021684700467 ], [ 73.13004640946987, 22.308288381246172 ], [ 73.13004640946987, 22.308555077282538 ], [ 73.13004640946987, 22.308821772809548 ], [ 73.13004640946987, 22.308999569544575 ], [ 73.13004640946987, 22.309177366053234 ], [ 73.13004640946987, 22.309444060391744 ], [ 73.13004640946987, 22.309710754220891 ], [ 73.13004640946987, 22.309977447540657 ], [ 73.13004640946987, 22.310244140351063 ], [ 73.13004640946987, 22.310510832652081 ], [ 73.13004640946987, 22.310688627236427 ], [ 73.13004640946987, 22.310866421594401 ], [ 73.13004640946987, 22.311044215725957 ], [ 73.13004640946987, 22.31122200963113 ], [ 73.129758137403172, 22.3113998033099 ], [ 73.129758137403172, 22.311577596762266 ], [ 73.129758137403172, 22.311755389988228 ], [ 73.129758137403172, 22.311933182987797 ], [ 73.129662046714259, 22.312110975760959 ], [ 73.129469865336489, 22.312110975760959 ], [ 73.129469865336489, 22.312288768307713 ], [ 73.129181593269792, 22.312555456703326 ], [ 73.129181593269792, 22.312733248684058 ], [ 73.129085502580878, 22.312911040438372 ], [ 73.128893321203108, 22.312911040438372 ], [ 73.128893321203108, 22.313177727645339 ], [ 73.128508958447497, 22.313533309795492 ], [ 73.128412867758612, 22.313799995813763 ], [ 73.128220686380828, 22.313977786209591 ], [ 73.128124595691929, 22.314155576379001 ], [ 73.127836323625246, 22.314422261208566 ], [ 73.127644142247448, 22.314688945528673 ], [ 73.127644142247448, 22.314866734792378 ], [ 73.127355870180764, 22.315044523829656 ], [ 73.127259779491865, 22.315222312640508 ], [ 73.126971507425154, 22.315488995432226 ], [ 73.126779326047384, 22.315577889582908 ], [ 73.126683235358485, 22.315755677714463 ], [ 73.126394963291759, 22.315844571695322 ], [ 73.126394963291759, 22.316022359487224 ], [ 73.126106691225104, 22.31611125329826 ], [ 73.126106691225104, 22.316289040750501 ], [ 73.125818419158406, 22.316555721504287 ], [ 73.125818419158406, 22.316733508390431 ], [ 73.125818419158406, 22.316911295050133 ], [ 73.125626237780622, 22.317089081483388 ], [ 73.125337965713925, 22.317355760708683 ], [ 73.124953602958328, 22.317533546575817 ], [ 73.124569240202732, 22.317711332216504 ], [ 73.124377058824948, 22.317711332216504 ], [ 73.12408878675825, 22.317711332216504 ], [ 73.123896605380466, 22.317711332216504 ], [ 73.123608333313769, 22.317711332216504 ], [ 73.1232239705582, 22.318066902818526 ], [ 73.123031789180388, 22.318422472514726 ], [ 73.123031789180388, 22.318600257023149 ], [ 73.123320061247071, 22.318955825360614 ], [ 73.123512242624869, 22.318955825360614 ], [ 73.123704424002682, 22.318955825360614 ], [ 73.123992696069365, 22.318955825360614 ], [ 73.124184877447163, 22.318955825360614 ], [ 73.124377058824948, 22.318955825360614 ], [ 73.124665330891631, 22.318955825360614 ], [ 73.124953602958328, 22.318955825360614 ], [ 73.125241875025026, 22.318955825360614 ], [ 73.125530147091723, 22.318955825360614 ], [ 73.125818419158406, 22.318955825360614 ], [ 73.126106691225104, 22.318955825360614 ], [ 73.126298872602902, 22.318955825360614 ], [ 73.126587144669585, 22.318955825360614 ], [ 73.126875416736269, 22.319044717303438 ], [ 73.127163688802966, 22.319044717303438 ], [ 73.127355870180764, 22.319044717303438 ], [ 73.127644142247448, 22.319044717303438 ], [ 73.127932414314131, 22.319044717303438 ], [ 73.128124595691929, 22.319044717303438 ], [ 73.128412867758612, 22.318955825360614 ], [ 73.12870113982531, 22.318778041305112 ], [ 73.128893321203108, 22.318778041305112 ], [ 73.128989411891979, 22.318600257023149 ], [ 73.129181593269792, 22.318600257023149 ], [ 73.129277683958691, 22.318333580175601 ], [ 73.12956595602536, 22.318066902818526 ], [ 73.129758137403172, 22.317978010252936 ], [ 73.129758137403172, 22.317800224951927 ], [ 73.129854228092071, 22.317533546575817 ], [ 73.130142500158769, 22.317444653670552 ], [ 73.130142500158769, 22.317266867690186 ], [ 73.130334681536553, 22.317266867690186 ], [ 73.13062295360325, 22.317177974615095 ], [ 73.130911225669934, 22.317089081483388 ], [ 73.131199497736631, 22.317089081483388 ], [ 73.13129558842553, 22.316911295050133 ], [ 73.131487769803286, 22.316911295050133 ], [ 73.131776041870012, 22.316911295050133 ], [ 73.132064313936681, 22.316911295050133 ], [ 73.132256495314493, 22.316822401748592 ], [ 73.132448676692277, 22.316822401748592 ], [ 73.132736948758975, 22.316644614975669 ], [ 73.133025220825644, 22.316644614975669 ], [ 73.133313492892356, 22.316555721504287 ], [ 73.133601764959025, 22.316555721504287 ], [ 73.133601764959025, 22.316377934391713 ], [ 73.133793946336837, 22.316377934391713 ], [ 73.133986127714635, 22.316377934391713 ], [ 73.13417830909242, 22.316289040750501 ], [ 73.134370490470218, 22.316289040750501 ], [ 73.134562671848016, 22.316289040750501 ], [ 73.1347548532258, 22.316289040750501 ], [ 73.134947034603599, 22.316289040750501 ], [ 73.135235306670296, 22.316289040750501 ], [ 73.135523578736979, 22.316289040750501 ], [ 73.135715760114778, 22.316289040750501 ], [ 73.135907941492562, 22.316289040750501 ], [ 73.13610012287036, 22.316289040750501 ], [ 73.136292304248158, 22.316289040750501 ], [ 73.136484485625957, 22.316289040750501 ], [ 73.13677275769264, 22.316289040750501 ], [ 73.136964939070424, 22.316289040750501 ], [ 73.137157120448222, 22.316289040750501 ], [ 73.137445392514906, 22.316289040750501 ], [ 73.137637573892704, 22.316289040750501 ], [ 73.137925845959387, 22.316289040750501 ], [ 73.138214118026085, 22.316289040750501 ], [ 73.138406299403897, 22.316289040750501 ], [ 73.138598480781667, 22.316289040750501 ], [ 73.138790662159465, 22.316289040750501 ], [ 73.138982843537278, 22.316289040750501 ], [ 73.139175024915048, 22.316289040750501 ], [ 73.139463296981759, 22.316289040750501 ], [ 73.139751569048428, 22.316289040750501 ], [ 73.14003984111514, 22.316289040750501 ], [ 73.140232022492924, 22.316289040750501 ], [ 73.140520294559622, 22.316289040750501 ], [ 73.140712475937406, 22.316289040750501 ], [ 73.14090465731519, 22.316289040750501 ], [ 73.141096838692974, 22.316289040750501 ], [ 73.141192929381887, 22.31611125329826 ], [ 73.141289020070786, 22.31593346561958 ], [ 73.14148120144857, 22.315844571695322 ], [ 73.141577292137484, 22.315577889582908 ], [ 73.141769473515268, 22.315488995432226 ], [ 73.141865564204167, 22.31531120696102 ], [ 73.142057745581965, 22.315222312640508 ], [ 73.142249926959749, 22.315133418263386 ], [ 73.142442108337534, 22.315133418263386 ], [ 73.142538199026433, 22.31495562933932 ], [ 73.142730380404231, 22.31495562933932 ], [ 73.143018652470914, 22.31495562933932 ], [ 73.143306924537612, 22.314866734792378 ], [ 73.143499105915424, 22.314866734792378 ], [ 73.143691287293194, 22.314777840188832 ], [ 73.143883468670992, 22.314777840188832 ], [ 73.144075650048805, 22.314688945528673 ], [ 73.144267831426575, 22.314688945528673 ], [ 73.144363922115474, 22.314511156038535 ], [ 73.144556103493287, 22.314511156038535 ], [ 73.144844375559956, 22.314511156038535 ], [ 73.144940466248855, 22.314333366321982 ], [ 73.145132647626639, 22.314333366321982 ], [ 73.145420919693336, 22.314244471378789 ], [ 73.145613101071149, 22.314244471378789 ], [ 73.145901373137818, 22.314066681322597 ], [ 73.14609355451563, 22.314066681322597 ], [ 73.146285735893414, 22.313977786209591 ], [ 73.146574007960112, 22.313888891039987 ], [ 73.146670098648983, 22.313711100530949 ], [ 73.146862280026781, 22.313711100530949 ], [ 73.147054461404593, 22.313622205191518 ], [ 73.147246642782378, 22.313533309795492 ], [ 73.147534914849061, 22.313444414342861 ], [ 73.147823186915758, 22.313266623267786 ], [ 73.148015368293542, 22.313266623267786 ], [ 73.14830364036024, 22.313177727645339 ], [ 73.148495821738052, 22.313177727645339 ], [ 73.148688003115836, 22.313177727645339 ], [ 73.148976275182534, 22.313088831966287 ], [ 73.149168456560332, 22.313088831966287 ], [ 73.149360637938102, 22.313088831966287 ], [ 73.149360637938102, 22.312911040438372 ], [ 73.149648910004814, 22.312911040438372 ], [ 73.149937182071483, 22.312911040438372 ], [ 73.150129363449295, 22.312822144589518 ], [ 73.150321544827065, 22.312822144589518 ], [ 73.150513726204878, 22.312822144589518 ], [ 73.150705907582676, 22.312822144589518 ], [ 73.150994179649359, 22.312733248684058 ], [ 73.151186361027158, 22.312555456703326 ], [ 73.151378542404927, 22.312555456703326 ], [ 73.151666814471639, 22.312555456703326 ], [ 73.151666814471639, 22.312377664496179 ], [ 73.151955086538308, 22.312377664496179 ], [ 73.15224335860502, 22.312377664496179 ], [ 73.15243553998279, 22.312288768307713 ], [ 73.152723812049501, 22.312288768307713 ], [ 73.153012084116199, 22.312110975760959 ], [ 73.153300356182854, 22.312110975760959 ], [ 73.15349253756068, 22.312110975760959 ], [ 73.153684718938464, 22.312110975760959 ], [ 73.153876900316249, 22.312022079402681 ], [ 73.15349253756068, 22.312288768307713 ], [ 73.153204265493983, 22.312555456703326 ], [ 73.153012084116199, 22.312555456703326 ], [ 73.152723812049501, 22.312822144589518 ], [ 73.15243553998279, 22.313088831966287 ], [ 73.152339449293919, 22.313266623267786 ], [ 73.152147267916121, 22.313266623267786 ], [ 73.152147267916121, 22.313444414342861 ], [ 73.152147267916121, 22.313711100530949 ], [ 73.152051177227222, 22.313977786209591 ], [ 73.152051177227222, 22.314155576379001 ], [ 73.152051177227222, 22.314333366321982 ], [ 73.152051177227222, 22.314511156038535 ], [ 73.15176290516051, 22.314777840188832 ], [ 73.15176290516051, 22.315044523829656 ], [ 73.15176290516051, 22.31531120696102 ], [ 73.15176290516051, 22.315488995432226 ], [ 73.15176290516051, 22.315666783676992 ], [ 73.15176290516051, 22.315844571695322 ], [ 73.15176290516051, 22.316022359487224 ], [ 73.151666814471639, 22.316200147052694 ], [ 73.151666814471639, 22.316466827976306 ], [ 73.151666814471639, 22.316733508390431 ], [ 73.151666814471639, 22.317000188295061 ], [ 73.151666814471639, 22.317266867690186 ], [ 73.151378542404927, 22.317533546575817 ], [ 73.151378542404927, 22.317711332216504 ], [ 73.151378542404927, 22.317978010252936 ], [ 73.151378542404927, 22.318244687779856 ], [ 73.151378542404927, 22.318422472514726 ], [ 73.151378542404927, 22.318689149192441 ], [ 73.151378542404927, 22.318955825360614 ], [ 73.151378542404927, 22.319222501019251 ], [ 73.151378542404927, 22.319489176168343 ], [ 73.151378542404927, 22.319666959317995 ], [ 73.151378542404927, 22.31984474224118 ], [ 73.151378542404927, 22.320022524937894 ], [ 73.151378542404927, 22.320200307408143 ], [ 73.151378542404927, 22.320466980688874 ], [ 73.151378542404927, 22.320733653460042 ], [ 73.151090270338258, 22.321000325721656 ], [ 73.151090270338258, 22.321178106946299 ], [ 73.150801998271561, 22.321444778358611 ], [ 73.150801998271561, 22.321622559017047 ], [ 73.150609816893777, 22.321978119654482 ], [ 73.150513726204878, 22.322333679385974 ], [ 73.150321544827065, 22.322600348590061 ], [ 73.15022545413818, 22.322867017284551 ], [ 73.15022545413818, 22.323133685469436 ], [ 73.15022545413818, 22.323400353144706 ], [ 73.149937182071483, 22.323844798137671 ], [ 73.149648910004814, 22.324111464453946 ], [ 73.149648910004814, 22.324378130260595 ], [ 73.149648910004814, 22.324644795557614 ], [ 73.149648910004814, 22.324911460344989 ], [ 73.149648910004814, 22.325178124622724 ], [ 73.149456728627015, 22.325178124622724 ], [ 73.149456728627015, 22.325444788390808 ], [ 73.149456728627015, 22.325711451649241 ], [ 73.149360637938102, 22.32588922687172 ], [ 73.149360637938102, 22.326067001867671 ], [ 73.149264547249203, 22.326244776637115 ], [ 73.149264547249203, 22.326422551180045 ], [ 73.149072365871433, 22.326422551180045 ], [ 73.149072365871433, 22.326600325496447 ], [ 73.149072365871433, 22.326778099586335 ], [ 73.149072365871433, 22.326955873449684 ], [ 73.149072365871433, 22.327133647086519 ], [ 73.149072365871433, 22.32731142049683 ], [ 73.149072365871433, 22.327489193680613 ], [ 73.148976275182534, 22.327755853031523 ], [ 73.148976275182534, 22.328022511872767 ], [ 73.148976275182534, 22.328200284150423 ], [ 73.148688003115836, 22.328555828026129 ], [ 73.148688003115836, 22.328733599624165 ], [ 73.148688003115836, 22.32891137099568 ], [ 73.148688003115836, 22.329089142140646 ], [ 73.148688003115836, 22.329266913059065 ], [ 73.148495821738052, 22.32935579843333 ], [ 73.148495821738052, 22.329533569011936 ], [ 73.148495821738052, 22.329711339364003 ], [ 73.148495821738052, 22.329889109489521 ], [ 73.148399731049153, 22.330066879388486 ], [ 73.148399731049153, 22.330244649060898 ], [ 73.148399731049153, 22.330422418506778 ], [ 73.148015368293542, 22.330777956718851 ], [ 73.148015368293542, 22.330955725485058 ], [ 73.147823186915758, 22.331044609783206 ], [ 73.147534914849061, 22.331311262337792 ], [ 73.147342733471277, 22.331400146409386 ], [ 73.147342733471277, 22.331577914382635 ], [ 73.147246642782378, 22.331755682129319 ], [ 73.147246642782378, 22.331933449649448 ], [ 73.147246642782378, 22.332111216943009 ], [ 73.147438824160162, 22.332111216943009 ], [ 73.147727096226859, 22.332111216943009 ], [ 73.147919277604672, 22.332111216943009 ], [ 73.148111458982456, 22.332111216943009 ], [ 73.14830364036024, 22.332200100504824 ], [ 73.148495821738052, 22.332200100504824 ], [ 73.148784093804721, 22.33228898401001 ], [ 73.148880184493621, 22.332466750850433 ], [ 73.148976275182534, 22.332644517464292 ], [ 73.149168456560332, 22.332644517464292 ], [ 73.149360637938102, 22.332911166960258 ], [ 73.149456728627015, 22.333177815946442 ], [ 73.149648910004814, 22.333177815946442 ], [ 73.149745000693699, 22.333444464422822 ], [ 73.149937182071483, 22.333444464422822 ], [ 73.150129363449295, 22.333533347134999 ], [ 73.150129363449295, 22.33371111238942 ], [ 73.150321544827065, 22.333799994931656 ], [ 73.150417635515964, 22.333977759846206 ], [ 73.150609816893777, 22.333977759846206 ], [ 73.150705907582676, 22.334155524534175 ], [ 73.150898088960446, 22.334155524534175 ], [ 73.151186361027158, 22.334244406793179 ], [ 73.151282451716042, 22.334422171141281 ], [ 73.15157072378274, 22.334511053230347 ], [ 73.151666814471639, 22.334688817238568 ], [ 73.151858995849409, 22.334688817238568 ], [ 73.151955086538308, 22.334955462826034 ], [ 73.152147267916121, 22.334955462826034 ], [ 73.15224335860502, 22.335222107903689 ], [ 73.15243553998279, 22.335222107903689 ], [ 73.152531630671689, 22.335399871005539 ], [ 73.152723812049501, 22.335399871005539 ], [ 73.152723812049501, 22.335577633880813 ], [ 73.152627721360602, 22.335933158951558 ], [ 73.15243553998279, 22.336199802159811 ], [ 73.15224335860502, 22.336377564015393 ], [ 73.152147267916121, 22.33664420637389 ], [ 73.152147267916121, 22.336821967662967 ], [ 73.151858995849409, 22.336999728725445 ], [ 73.15176290516051, 22.337177489561316 ], [ 73.151666814471639, 22.337355250170585 ], [ 73.151378542404927, 22.337621890659591 ], [ 73.151186361027158, 22.33779965070233 ], [ 73.151090270338258, 22.337977410518455 ], [ 73.150994179649359, 22.338155170107978 ], [ 73.150801998271561, 22.338155170107978 ], [ 73.150801998271561, 22.33833292947088 ], [ 73.150321544827065, 22.338688447516837 ], [ 73.150033272760396, 22.339043964656319 ], [ 73.150033272760396, 22.33922172288613 ], [ 73.150033272760396, 22.339488359805923 ], [ 73.149745000693699, 22.339577238665871 ], [ 73.149745000693699, 22.339754996215813 ], [ 73.149456728627015, 22.340110510635803 ], [ 73.149456728627015, 22.340288267505855 ], [ 73.149360637938102, 22.340466024149269 ], [ 73.149168456560332, 22.340643780566058 ], [ 73.149072365871433, 22.340910414766292 ], [ 73.148880184493621, 22.340910414766292 ], [ 73.148784093804721, 22.341177048456608 ], [ 73.148591912426923, 22.341177048456608 ], [ 73.14830364036024, 22.341443681636974 ], [ 73.147919277604672, 22.341710314307395 ], [ 73.147727096226859, 22.341799191750887 ], [ 73.147631005537974, 22.341976946467888 ], [ 73.147342733471277, 22.342243578118413 ], [ 73.147054461404593, 22.342510209258986 ], [ 73.146862280026781, 22.342687963069398 ], [ 73.146670098648983, 22.342776839889599 ], [ 73.146381826582299, 22.343043470010247 ], [ 73.146285735893414, 22.343221223140706 ], [ 73.146285735893414, 22.343398976044497 ], [ 73.146189645204515, 22.343576728721636 ], [ 73.145901373137818, 22.343665604975204 ], [ 73.145709191760034, 22.343665604975204 ], [ 73.145420919693336, 22.344021109422844 ], [ 73.145132647626639, 22.34428773716359 ], [ 73.144748284871071, 22.344554364394334 ], [ 73.144556103493287, 22.344643240024602 ], [ 73.144171740737676, 22.344909866575353 ], [ 73.143883468670992, 22.344998741978937 ], [ 73.143883468670992, 22.345176492616101 ], [ 73.143499105915424, 22.345443118146843 ], [ 73.143306924537612, 22.345443118146843 ], [ 73.143114743159828, 22.345531993210418 ], [ 73.143114743159828, 22.345709743167571 ], [ 73.14282647109313, 22.345798618061139 ], [ 73.14282647109313, 22.345976367678272 ], [ 73.142346017648649, 22.346242991678967 ], [ 73.142249926959749, 22.346420740729407 ], [ 73.142057745581965, 22.346509615169619 ], [ 73.141769473515268, 22.346776238150252 ], [ 73.141673382826369, 22.346953986520649 ], [ 73.141289020070786, 22.347220608651213 ], [ 73.141096838692974, 22.347220608651213 ], [ 73.140808566626305, 22.347487230271724 ], [ 73.140616385248507, 22.347576104031887 ], [ 73.140232022492924, 22.347842724972331 ], [ 73.140135931804025, 22.348020471982597 ], [ 73.139943750426227, 22.348020471982597 ], [ 73.139655478359543, 22.348287092072944 ], [ 73.139463296981759, 22.348287092072944 ], [ 73.139175024915048, 22.348287092072944 ], [ 73.139175024915048, 22.348464838516474 ], [ 73.139078934226148, 22.348642584733302 ], [ 73.138886752848364, 22.348642584733302 ], [ 73.138598480781667, 22.3489092036335 ], [ 73.138406299403897, 22.348998076486875 ], [ 73.138118027337185, 22.349264694706971 ], [ 73.1380219366483, 22.349442439903651 ], [ 73.137829755270502, 22.349531312416978 ], [ 73.137733664581603, 22.349709057273593 ], [ 73.137541483203805, 22.349797929616894 ], [ 73.137445392514906, 22.349975674133457 ], [ 73.137157120448222, 22.350242290483219 ], [ 73.136868848381539, 22.350331162486452 ], [ 73.136676667003741, 22.350686649932598 ], [ 73.136484485625957, 22.350864393315607 ], [ 73.136388394937043, 22.351042136471882 ], [ 73.136196213559259, 22.351042136471882 ], [ 73.135811850803677, 22.351486493370711 ], [ 73.135811850803677, 22.35166423573348 ], [ 73.135811850803677, 22.352108590648491 ], [ 73.135619669425878, 22.352375202917315 ], [ 73.135619669425878, 22.352552944146463 ], [ 73.135619669425878, 22.352819555565056 ], [ 73.135619669425878, 22.353086166473503 ], [ 73.135619669425878, 22.353263906795721 ], [ 73.135619669425878, 22.353441646891202 ], [ 73.135619669425878, 22.353619386759945 ], [ 73.13542748804808, 22.353619386759945 ], [ 73.135139215981397, 22.353974865817218 ], [ 73.135043125292498, 22.354152605005744 ], [ 73.134850943914699, 22.354241474514978 ], [ 73.1347548532258, 22.354419213363386 ], [ 73.134562671848016, 22.354596951985055 ], [ 73.134370490470218, 22.354685821210854 ], [ 73.134370490470218, 22.354863559492404 ], [ 73.134082218403506, 22.354952428548145 ], [ 73.134082218403506, 22.355130166489566 ], [ 73.133890037025736, 22.355130166489566 ], [ 73.133697855647938, 22.355219035375256 ], [ 73.13350567427014, 22.355219035375256 ], [ 73.133313492892356, 22.355307904204246 ], [ 73.133121311514557, 22.355307904204246 ], [ 73.132833039447874, 22.355574510351094 ], [ 73.132736948758975, 22.355752247498888 ], [ 73.132448676692277, 22.356018852795412 ], [ 73.132256495314493, 22.356018852795412 ], [ 73.131872132558911, 22.356285457581734 ], [ 73.131679951181113, 22.356463193822496 ], [ 73.131487769803286, 22.356463193822496 ], [ 73.13129558842553, 22.356640929836502 ], [ 73.130911225669934, 22.35690753343232 ], [ 73.13071904429215, 22.35690753343232 ], [ 73.13062295360325, 22.357174136517926 ], [ 73.130430772225452, 22.357174136517926 ], [ 73.130334681536553, 22.357351871624875 ], [ 73.129950318780956, 22.357618473860104 ], [ 73.129758137403172, 22.357618473860104 ], [ 73.132160404625594, 22.35610772111421 ] ] ] } },
{ "type": "Feature", "properties": { "fid": 18, "ward_id": 10 }, "geometry": { "type": "Polygon", "coordinates": [ [ [ 73.103429288645458, 22.301887523581218 ], [ 73.103237107267645, 22.301887523581218 ], [ 73.103044925889847, 22.301887523581218 ], [ 73.102852744512063, 22.301798620714951 ], [ 73.102660563134279, 22.301798620714951 ], [ 73.102276200378682, 22.301531911776685 ], [ 73.102084019000898, 22.3014430086841 ], [ 73.101891837623114, 22.301354105534923 ], [ 73.101603565556417, 22.30117629906686 ], [ 73.10121920280082, 22.301087395747956 ], [ 73.101027021423036, 22.301087395747956 ], [ 73.100834840045252, 22.300998492372472 ], [ 73.100642658667439, 22.300998492372472 ], [ 73.100450477289669, 22.300998492372472 ], [ 73.100258295911857, 22.300998492372472 ], [ 73.100066114534059, 22.300998492372472 ], [ 73.099873933156289, 22.300998492372472 ], [ 73.099681751778476, 22.300998492372472 ], [ 73.099489570400692, 22.300998492372472 ], [ 73.099297389022908, 22.300998492372472 ], [ 73.099105207645096, 22.300998492372472 ], [ 73.098913026267297, 22.300998492372472 ], [ 73.098720844889513, 22.300998492372472 ], [ 73.098528663511715, 22.300998492372472 ], [ 73.098336482133917, 22.300998492372472 ], [ 73.098144300756132, 22.300998492372472 ], [ 73.097952119378348, 22.301087395747956 ], [ 73.097759938000536, 22.30126520232918 ], [ 73.097375575244968, 22.301709717792118 ], [ 73.09708730317827, 22.301798620714951 ], [ 73.096799031111573, 22.302065329144003 ], [ 73.096702940422674, 22.302243134480463 ], [ 73.096318577667091, 22.302420939590593 ], [ 73.096030305600408, 22.302687646831426 ], [ 73.09574203353371, 22.30286545137573 ], [ 73.095549852155912, 22.30286545137573 ], [ 73.095357670778142, 22.30286545137573 ], [ 73.09516548940033, 22.30286545137573 ], [ 73.094877217333632, 22.30286545137573 ], [ 73.094685035955848, 22.30286545137573 ], [ 73.09449285457805, 22.302954353563006 ], [ 73.09449285457805, 22.302776549131863 ], [ 73.09449285457805, 22.302598744474395 ], [ 73.094396763889165, 22.302420939590593 ], [ 73.094204582511367, 22.302420939590593 ], [ 73.094108491822467, 22.302154231840522 ], [ 73.09382021975577, 22.301887523581218 ], [ 73.093531947689087, 22.301620814812679 ], [ 73.093435857000188, 22.3014430086841 ], [ 73.093243675622389, 22.301354105534923 ], [ 73.093051494244605, 22.30117629906686 ], [ 73.092763222177908, 22.300998492372472 ], [ 73.092763222177908, 22.300820685451757 ], [ 73.092763222177908, 22.300642878304739 ], [ 73.092474950111225, 22.300553974646366 ], [ 73.092186678044541, 22.300376167159868 ], [ 73.091994496666743, 22.300287263331754 ], [ 73.091994496666743, 22.300109455505797 ], [ 73.091706224600046, 22.299931647453526 ], [ 73.091417952533362, 22.299664934950798 ], [ 73.091225771155564, 22.299487126332757 ], [ 73.091225771155564, 22.299309317488408 ], [ 73.090745317711082, 22.299042603797581 ], [ 73.090649227022183, 22.298775889597568 ], [ 73.0903609549555, 22.298686984751082 ], [ 73.0903609549555, 22.298509174888384 ], [ 73.090264864266601, 22.298242459670035 ], [ 73.090072682888803, 22.298242459670035 ], [ 73.089784410822134, 22.297975743942516 ], [ 73.089496138755422, 22.297797933174639 ], [ 73.089496138755422, 22.297620122180472 ], [ 73.08968832013322, 22.297620122180472 ], [ 73.089976592199889, 22.297797933174639 ], [ 73.090168773577702, 22.297886838586866 ], [ 73.0903609549555, 22.297886838586866 ], [ 73.090553136333284, 22.297886838586866 ], [ 73.090745317711082, 22.297886838586866 ], [ 73.090841408399982, 22.297620122180472 ], [ 73.09103358977778, 22.297531216598522 ], [ 73.091225771155564, 22.297442310960012 ], [ 73.091417952533362, 22.297442310960012 ], [ 73.091706224600046, 22.297442310960012 ], [ 73.091898405977844, 22.297353405264925 ], [ 73.092090587355642, 22.297264499513272 ], [ 73.092186678044541, 22.296997781918851 ], [ 73.092186678044541, 22.296819969906402 ], [ 73.092186678044541, 22.296642157667645 ], [ 73.092186678044541, 22.296464345202622 ], [ 73.092186678044541, 22.296286532511317 ], [ 73.092186678044541, 22.296108719593725 ], [ 73.092186678044541, 22.295930906449865 ], [ 73.092186678044541, 22.295753093079725 ], [ 73.092186678044541, 22.295575279483309 ], [ 73.092186678044541, 22.295308558664424 ], [ 73.092186678044541, 22.295130744502323 ], [ 73.092186678044541, 22.294952930113954 ], [ 73.092186678044541, 22.294775115499316 ], [ 73.092186678044541, 22.294597300658417 ], [ 73.092186678044541, 22.294419485591249 ], [ 73.092186678044541, 22.294241670297815 ], [ 73.092090587355642, 22.294063854778113 ], [ 73.092090587355642, 22.293797131074331 ], [ 73.092090587355642, 22.293530406861468 ], [ 73.092090587355642, 22.293352590436733 ], [ 73.092090587355642, 22.293085865375406 ], [ 73.092090587355642, 22.292819139805012 ], [ 73.092090587355642, 22.292641322475259 ], [ 73.092090587355642, 22.292463504919262 ], [ 73.092378859422325, 22.292552413725545 ], [ 73.092474950111225, 22.292819139805012 ], [ 73.092667131489023, 22.292819139805012 ], [ 73.092763222177908, 22.293085865375406 ], [ 73.093051494244605, 22.293085865375406 ], [ 73.093243675622389, 22.293085865375406 ], [ 73.093435857000188, 22.293085865375406 ], [ 73.093628038377986, 22.293085865375406 ], [ 73.093916310444669, 22.293085865375406 ], [ 73.094012401133568, 22.293263682139528 ], [ 73.094204582511367, 22.293263682139528 ], [ 73.094396763889165, 22.293263682139528 ], [ 73.094685035955848, 22.293263682139528 ], [ 73.094877217333632, 22.293263682139528 ], [ 73.095069398711431, 22.293263682139528 ], [ 73.095261580089229, 22.293263682139528 ], [ 73.095549852155912, 22.293263682139528 ], [ 73.09574203353371, 22.293263682139528 ], [ 73.095838124222624, 22.293085865375406 ], [ 73.096126396289307, 22.292908048385033 ], [ 73.096414668355976, 22.292819139805012 ], [ 73.096510759044889, 22.292641322475259 ], [ 73.096702940422674, 22.292641322475259 ], [ 73.096799031111573, 22.292463504919262 ], [ 73.096991212489371, 22.292463504919262 ], [ 73.09708730317827, 22.292285687137024 ], [ 73.09708730317827, 22.292018960039442 ], [ 73.09708730317827, 22.291752232432803 ], [ 73.09708730317827, 22.291485504317126 ], [ 73.09708730317827, 22.291307685290537 ], [ 73.09708730317827, 22.291040956326462 ], [ 73.09708730317827, 22.290774226853348 ], [ 73.09708730317827, 22.290507496871204 ], [ 73.09708730317827, 22.290329676600315 ], [ 73.09708730317827, 22.290151856103201 ], [ 73.09708730317827, 22.289974035379856 ], [ 73.09708730317827, 22.289707303870657 ], [ 73.09708730317827, 22.289529482581742 ], [ 73.09708730317827, 22.289351661066597 ], [ 73.09708730317827, 22.28917383932523 ], [ 73.09708730317827, 22.288907106289013 ], [ 73.09708730317827, 22.288640372743806 ], [ 73.09708730317827, 22.28837363868961 ], [ 73.096895121800486, 22.288284727225097 ], [ 73.096895121800486, 22.288106904126415 ], [ 73.096895121800486, 22.287929080801533 ], [ 73.096895121800486, 22.287751257250424 ], [ 73.096895121800486, 22.287573433473113 ], [ 73.096895121800486, 22.287395609469591 ], [ 73.096895121800486, 22.287128873040164 ], [ 73.096895121800486, 22.286951048471114 ], [ 73.096895121800486, 22.28677322367588 ], [ 73.096991212489371, 22.286595398654431 ], [ 73.097183393867169, 22.286595398654431 ], [ 73.097279484556054, 22.28641757340678 ], [ 73.097567756622752, 22.286328660698135 ], [ 73.097567756622752, 22.286150835111183 ], [ 73.097663847311651, 22.285884096306638 ], [ 73.097856028689435, 22.285884096306638 ], [ 73.098144300756132, 22.285617356993157 ], [ 73.098240391445017, 22.285439530501417 ], [ 73.09843257282283, 22.285439530501417 ], [ 73.098528663511715, 22.285172790339708 ], [ 73.098720844889513, 22.285172790339708 ], [ 73.098816935578398, 22.284906049669075 ], [ 73.098913026267297, 22.28472822227258 ], [ 73.098913026267297, 22.284550394649898 ], [ 73.098720844889513, 22.284550394649898 ], [ 73.098528663511715, 22.284550394649898 ], [ 73.098336482133917, 22.284550394649898 ], [ 73.098144300756132, 22.284550394649898 ], [ 73.097952119378348, 22.284550394649898 ], [ 73.097759938000536, 22.284550394649898 ], [ 73.097567756622752, 22.284550394649898 ], [ 73.097375575244968, 22.284550394649898 ], [ 73.097183393867169, 22.284461480753745 ], [ 73.096991212489371, 22.284461480753745 ], [ 73.096991212489371, 22.284283652791782 ], [ 73.096799031111573, 22.284194738725983 ], [ 73.096702940422674, 22.284016910424754 ], [ 73.096510759044889, 22.283927996189327 ], [ 73.096318577667091, 22.283927996189327 ], [ 73.096318577667091, 22.283750167548821 ], [ 73.096030305600408, 22.283661253143745 ], [ 73.09574203353371, 22.283483424163979 ], [ 73.095645942844811, 22.283305594958033 ], [ 73.095549852155912, 22.283127765525915 ], [ 73.09574203353371, 22.283127765525915 ], [ 73.095934214911509, 22.283127765525915 ], [ 73.096030305600408, 22.282949935867617 ], [ 73.096126396289307, 22.282683190956099 ], [ 73.096126396289307, 22.282505360732376 ], [ 73.096126396289307, 22.28232753028248 ], [ 73.096126396289307, 22.282149699606428 ], [ 73.096126396289307, 22.281971868704201 ], [ 73.096126396289307, 22.281794037575811 ], [ 73.096126396289307, 22.281616206221255 ], [ 73.096126396289307, 22.281438374640544 ], [ 73.096126396289307, 22.281260542833667 ], [ 73.096318577667091, 22.281171626845417 ], [ 73.096606849733789, 22.281171626845417 ], [ 73.096799031111573, 22.281171626845417 ], [ 73.096991212489371, 22.281171626845417 ], [ 73.097279484556054, 22.281438374640544 ], [ 73.097375575244968, 22.281705121926805 ], [ 73.097567756622752, 22.281705121926805 ], [ 73.097759938000536, 22.281705121926805 ], [ 73.098048210067233, 22.281705121926805 ], [ 73.098240391445017, 22.281705121926805 ], [ 73.098240391445017, 22.28152729045917 ], [ 73.098240391445017, 22.281260542833667 ], [ 73.098240391445017, 22.281082710800636 ], [ 73.098240391445017, 22.280815962327036 ], [ 73.098240391445017, 22.280638129728612 ], [ 73.098240391445017, 22.280460296904032 ], [ 73.098240391445017, 22.280282463853307 ], [ 73.098240391445017, 22.280104630576421 ], [ 73.098240391445017, 22.279837880237064 ], [ 73.098240391445017, 22.279571129388881 ], [ 73.098240391445017, 22.279304378031867 ], [ 73.098240391445017, 22.27912654351119 ], [ 73.098240391445017, 22.278859791306147 ], [ 73.098240391445017, 22.278681956220105 ], [ 73.098240391445017, 22.278415203167039 ], [ 73.098240391445017, 22.278148449605165 ], [ 73.098240391445017, 22.277970613614588 ], [ 73.098240391445017, 22.277703859204713 ], [ 73.098240391445017, 22.277526022648797 ], [ 73.098240391445017, 22.277348185866767 ], [ 73.098240391445017, 22.277170348858601 ], [ 73.098240391445017, 22.276903592922363 ], [ 73.098240391445017, 22.276636836477348 ], [ 73.098240391445017, 22.276458998564685 ], [ 73.098240391445017, 22.276192241271715 ], [ 73.098240391445017, 22.276014402793756 ], [ 73.09843257282283, 22.276014402793756 ], [ 73.098624754200614, 22.276192241271715 ], [ 73.098913026267297, 22.276192241271715 ], [ 73.099201298333995, 22.276192241271715 ], [ 73.099489570400692, 22.276192241271715 ], [ 73.099681751778476, 22.276192241271715 ], [ 73.09977784246739, 22.276458998564685 ], [ 73.09997002384516, 22.276458998564685 ], [ 73.100162205222958, 22.276458998564685 ], [ 73.10035438660077, 22.276636836477348 ], [ 73.100546567978554, 22.276636836477348 ], [ 73.100738749356339, 22.276636836477348 ], [ 73.100930930734151, 22.276903592922363 ], [ 73.101123112111935, 22.276903592922363 ], [ 73.101315293489733, 22.276903592922363 ], [ 73.101507474867503, 22.276903592922363 ], [ 73.101795746934201, 22.276903592922363 ], [ 73.102084019000898, 22.277081430269714 ], [ 73.102372291067596, 22.277081430269714 ], [ 73.10256447244538, 22.277081430269714 ], [ 73.102756653823164, 22.277081430269714 ], [ 73.103044925889847, 22.277081430269714 ], [ 73.103141016578761, 22.276903592922363 ], [ 73.103141016578761, 22.276725755348885 ], [ 73.103141016578761, 22.276281160425903 ], [ 73.103141016578761, 22.276103322061005 ], [ 73.103141016578761, 22.275925483469987 ], [ 73.103141016578761, 22.275747644652846 ], [ 73.103429288645458, 22.275658725159492 ], [ 73.103717560712155, 22.275658725159492 ], [ 73.104005832778839, 22.275658725159492 ], [ 73.104005832778839, 22.27548088600318 ], [ 73.104198014156623, 22.27548088600318 ], [ 73.10448628622332, 22.275391966340234 ], [ 73.104582376912191, 22.275214126844752 ], [ 73.104582376912191, 22.275036287123179 ], [ 73.104774558290018, 22.274947367177589 ], [ 73.104966739667816, 22.274858447175482 ], [ 73.105158921045586, 22.274858447175482 ], [ 73.105351102423398, 22.274858447175482 ], [ 73.105543283801197, 22.274769527116842 ], [ 73.105639374490067, 22.274591686829989 ], [ 73.105735465178967, 22.274413846317032 ], [ 73.106023737245678, 22.274324925975765 ], [ 73.106119827934563, 22.274058164612793 ], [ 73.106312009312362, 22.273880323421533 ], [ 73.106408100001261, 22.273702482004165 ], [ 73.106600281379045, 22.273702482004165 ], [ 73.106600281379045, 22.273524640360701 ], [ 73.106792462756829, 22.273524640360701 ], [ 73.106984644134641, 22.273435719454181 ], [ 73.107176825512411, 22.273435719454181 ], [ 73.107465097579123, 22.273435719454181 ], [ 73.107657278956907, 22.273346798491144 ], [ 73.107849460334691, 22.273346798491144 ], [ 73.108041641712504, 22.273346798491144 ], [ 73.108233823090274, 22.273168956395487 ], [ 73.108426004468086, 22.273168956395487 ], [ 73.108618185845884, 22.273168956395487 ], [ 73.108906457912553, 22.273168956395487 ], [ 73.109098639290366, 22.273168956395487 ], [ 73.109290820668164, 22.273168956395487 ], [ 73.109483002045948, 22.273168956395487 ], [ 73.109771274112646, 22.273168956395487 ], [ 73.110059546179343, 22.273168956395487 ], [ 73.110251727557127, 22.273168956395487 ], [ 73.110539999623825, 22.273168956395487 ], [ 73.110732181001595, 22.273168956395487 ], [ 73.110924362379407, 22.273257877471572 ], [ 73.111116543757191, 22.273257877471572 ], [ 73.11130872513499, 22.273257877471572 ], [ 73.111404815823889, 22.273435719454181 ], [ 73.111693087890572, 22.273435719454181 ], [ 73.11188526926837, 22.273524640360701 ], [ 73.112077450646169, 22.273524640360701 ], [ 73.112269632023938, 22.273613561210698 ], [ 73.112365722712852, 22.273791402741107 ], [ 73.112461813401751, 22.273969244045425 ], [ 73.11255790409065, 22.274147085123648 ], [ 73.112653994779549, 22.274324925975765 ], [ 73.11275008546842, 22.274502766601778 ], [ 73.112942266846233, 22.274769527116842 ], [ 73.113038357535132, 22.275036287123179 ], [ 73.11323053891293, 22.275303046620763 ], [ 73.113422720290714, 22.275569805609596 ], [ 73.113518810979613, 22.275836564089676 ], [ 73.113710992357412, 22.275836564089676 ], [ 73.113518810979613, 22.275925483469987 ], [ 73.113326629601801, 22.275925483469987 ], [ 73.11323053891293, 22.275747644652846 ], [ 73.113134448224031, 22.275569805609596 ], [ 73.113134448224031, 22.275391966340234 ], [ 73.113134448224031, 22.275125207012231 ], [ 73.113134448224031, 22.274858447175482 ], [ 73.113134448224031, 22.274591686829989 ], [ 73.113134448224031, 22.274324925975765 ], [ 73.113134448224031, 22.274058164612793 ], [ 73.113134448224031, 22.273791402741107 ], [ 73.113134448224031, 22.273524640360701 ], [ 73.113134448224031, 22.273257877471572 ], [ 73.113134448224031, 22.273080035262868 ], [ 73.113134448224031, 22.272813271525884 ], [ 73.113134448224031, 22.272635428751947 ], [ 73.112942266846233, 22.272635428751947 ], [ 73.112846176157319, 22.272457585751933 ], [ 73.112846176157319, 22.272279742525811 ], [ 73.112846176157319, 22.272101899073615 ], [ 73.112653994779549, 22.272101899073615 ], [ 73.112653994779549, 22.271835133471406 ], [ 73.112653994779549, 22.271657289453998 ], [ 73.112461813401751, 22.271479445210506 ], [ 73.112461813401751, 22.271301600740927 ], [ 73.112461813401751, 22.271123756045281 ], [ 73.112461813401751, 22.270945911123555 ], [ 73.112173541335054, 22.270856988577908 ], [ 73.112173541335054, 22.270679143317068 ], [ 73.112173541335054, 22.270412375001918 ], [ 73.112173541335054, 22.270234529175887 ], [ 73.112173541335054, 22.270056683123794 ], [ 73.112173541335054, 22.269878836845624 ], [ 73.112173541335054, 22.269700990341402 ], [ 73.112461813401751, 22.269612067004505 ], [ 73.112461813401751, 22.269434220161173 ], [ 73.112653994779549, 22.269345296654738 ], [ 73.11275008546842, 22.26916744947231 ], [ 73.112942266846233, 22.269078525796324 ], [ 73.112942266846233, 22.268900678274804 ], [ 73.112942266846233, 22.268722830527224 ], [ 73.113038357535132, 22.2685449825536 ], [ 73.113038357535132, 22.268367134353905 ], [ 73.113038357535132, 22.268100361630498 ], [ 73.113038357535132, 22.267833588398492 ], [ 73.113038357535132, 22.267566814657862 ], [ 73.113038357535132, 22.267300040408628 ], [ 73.113038357535132, 22.267033265650781 ], [ 73.113038357535132, 22.266855415529665 ], [ 73.113038357535132, 22.266588639924155 ], [ 73.113038357535132, 22.266410789237927 ], [ 73.113326629601801, 22.266410789237927 ], [ 73.113326629601801, 22.266588639924155 ], [ 73.113422720290714, 22.266855415529665 ], [ 73.113422720290714, 22.267033265650781 ], [ 73.113422720290714, 22.267211115545852 ], [ 73.113614901668512, 22.267211115545852 ], [ 73.113614901668512, 22.267388965214892 ], [ 73.113614901668512, 22.267566814657862 ], [ 73.113710992357412, 22.267833588398492 ], [ 73.113807083046311, 22.268100361630498 ], [ 73.11390317373521, 22.268278210169282 ], [ 73.114191445801893, 22.268367134353905 ], [ 73.114383627179691, 22.268456058482002 ], [ 73.114479717868591, 22.268722830527224 ], [ 73.114671899246375, 22.268722830527224 ], [ 73.114864080624173, 22.268722830527224 ], [ 73.115056262001971, 22.268811754429276 ], [ 73.115248443379755, 22.268811754429276 ], [ 73.115248443379755, 22.268989602063819 ], [ 73.115440624757554, 22.268989602063819 ], [ 73.115728896824237, 22.268989602063819 ], [ 73.115921078202035, 22.269256373091789 ], [ 73.116209350268733, 22.269256373091789 ], [ 73.116305440957618, 22.269523143611103 ], [ 73.116593713024315, 22.269523143611103 ], [ 73.116978075779897, 22.269523143611103 ], [ 73.117266347846581, 22.269523143611103 ], [ 73.117554619913278, 22.269612067004505 ], [ 73.117746801291077, 22.269612067004505 ], [ 73.117938982668861, 22.269612067004505 ], [ 73.118131164046659, 22.269612067004505 ], [ 73.118323345424457, 22.269612067004505 ], [ 73.118515526802241, 22.269612067004505 ], [ 73.118803798868939, 22.269967760012971 ], [ 73.119092070935622, 22.269967760012971 ], [ 73.11928425231342, 22.269967760012971 ], [ 73.119476433691219, 22.269967760012971 ], [ 73.119668615069003, 22.269967760012971 ], [ 73.1199568871357, 22.269967760012971 ], [ 73.120149068513484, 22.269967760012971 ], [ 73.120437340580182, 22.269967760012971 ], [ 73.120629521957966, 22.269967760012971 ], [ 73.120821703335764, 22.269967760012971 ], [ 73.121109975402447, 22.269967760012971 ], [ 73.121398247469145, 22.269967760012971 ], [ 73.121590428846943, 22.269967760012971 ], [ 73.121782610224727, 22.269967760012971 ], [ 73.121974791602526, 22.269967760012971 ], [ 73.12216697298031, 22.269967760012971 ], [ 73.122359154358108, 22.269967760012971 ], [ 73.122551335735906, 22.269967760012971 ], [ 73.122743517113719, 22.269967760012971 ], [ 73.123031789180388, 22.269967760012971 ], [ 73.123320061247071, 22.269967760012971 ], [ 73.123512242624869, 22.269967760012971 ], [ 73.123800514691581, 22.269967760012971 ], [ 73.12408878675825, 22.269967760012971 ], [ 73.124280968136063, 22.269967760012971 ], [ 73.124569240202732, 22.269789913621775 ], [ 73.124857512269415, 22.269789913621775 ], [ 73.125145784336112, 22.269700990341402 ], [ 73.125337965713925, 22.269700990341402 ], [ 73.125530147091709, 22.269700990341402 ], [ 73.125722328469493, 22.269700990341402 ], [ 73.125914509847291, 22.269700990341402 ], [ 73.126106691225075, 22.269700990341402 ], [ 73.126298872602888, 22.269700990341402 ], [ 73.126394963291759, 22.269523143611103 ], [ 73.126587144669585, 22.269523143611103 ], [ 73.126875416736269, 22.269523143611103 ], [ 73.127067598114053, 22.269523143611103 ], [ 73.12735587018075, 22.269523143611103 ], [ 73.127644142247448, 22.269523143611103 ], [ 73.127932414314131, 22.269523143611103 ], [ 73.128124595691929, 22.269523143611103 ], [ 73.128412867758612, 22.269523143611103 ], [ 73.12870113982531, 22.269523143611103 ], [ 73.128893321203108, 22.269523143611103 ], [ 73.129085502580878, 22.269523143611103 ], [ 73.129277683958691, 22.269523143611103 ], [ 73.129469865336475, 22.269523143611103 ], [ 73.129662046714259, 22.269523143611103 ], [ 73.129950318780956, 22.269523143611103 ], [ 73.130238590847654, 22.269700990341402 ], [ 73.130430772225452, 22.269700990341402 ], [ 73.130719044292121, 22.269789913621775 ], [ 73.130911225669934, 22.269789913621775 ], [ 73.131103407047704, 22.269789913621775 ], [ 73.131295588425516, 22.269789913621775 ], [ 73.131487769803286, 22.269789913621775 ], [ 73.131679951181084, 22.269789913621775 ], [ 73.131968223247796, 22.269789913621775 ], [ 73.132256495314493, 22.269789913621775 ], [ 73.132352586003378, 22.270056683123794 ], [ 73.132544767381162, 22.270056683123794 ], [ 73.132833039447874, 22.270056683123794 ], [ 73.13302522082563, 22.270056683123794 ], [ 73.133217402203456, 22.270323452117157 ], [ 73.133409583581255, 22.270323452117157 ], [ 73.133697855647938, 22.270323452117157 ], [ 73.133890037025736, 22.270323452117157 ], [ 73.13417830909242, 22.270412375001918 ], [ 73.13417830909242, 22.270590220601864 ], [ 73.134466581159117, 22.270590220601864 ], [ 73.134562671847988, 22.270768065975744 ], [ 73.1347548532258, 22.270945911123555 ], [ 73.134947034603599, 22.271123756045281 ], [ 73.135139215981368, 22.271123756045281 ], [ 73.13542748804808, 22.271301600740927 ], [ 73.13561966942585, 22.271301600740927 ], [ 73.135907941492562, 22.27139052300398 ], [ 73.13610012287036, 22.27139052300398 ], [ 73.136292304248144, 22.27139052300398 ], [ 73.136388394937043, 22.271568367360516 ], [ 73.136580576314842, 22.271568367360516 ], [ 73.136772757692611, 22.271568367360516 ], [ 73.136772757692611, 22.271746211490957 ], [ 73.136772757692611, 22.271924055395331 ], [ 73.136772757692611, 22.272101899073615 ], [ 73.136772757692611, 22.272368664167129 ], [ 73.136772757692611, 22.272635428751947 ], [ 73.136772757692611, 22.272813271525884 ], [ 73.136772757692611, 22.272991114073733 ], [ 73.136868848381525, 22.273168956395487 ], [ 73.136964939070424, 22.273346798491144 ], [ 73.137157120448222, 22.273702482004165 ], [ 73.137157120448222, 22.273880323421533 ], [ 73.137157120448222, 22.274058164612793 ], [ 73.137253211137121, 22.274324925975765 ], [ 73.137253211137121, 22.274591686829989 ], [ 73.137253211137121, 22.274858447175482 ], [ 73.137253211137121, 22.275125207012231 ], [ 73.137253211137121, 22.275303046620763 ], [ 73.137349301826021, 22.27548088600318 ], [ 73.137445392514906, 22.275747644652846 ], [ 73.137637573892704, 22.275747644652846 ], [ 73.137733664581603, 22.276103322061005 ], [ 73.138021936648286, 22.276192241271715 ], [ 73.138118027337185, 22.276370079523552 ], [ 73.138310208714984, 22.276370079523552 ], [ 73.138310208714984, 22.276636836477348 ], [ 73.138598480781667, 22.276636836477348 ], [ 73.138790662159465, 22.276725755348885 ], [ 73.139078934226148, 22.276814674163884 ], [ 73.139175024915048, 22.2769925116243 ], [ 73.139367206292846, 22.2769925116243 ], [ 73.139655478359515, 22.2769925116243 ], [ 73.139943750426227, 22.277081430269714 ], [ 73.140135931804011, 22.277437104286047 ], [ 73.140424203870708, 22.277437104286047 ], [ 73.140616385248492, 22.277703859204713 ], [ 73.140808566626291, 22.277703859204713 ], [ 73.141096838692974, 22.277703859204713 ], [ 73.141289020070772, 22.277970613614588 ], [ 73.141577292137484, 22.278237367515665 ], [ 73.141769473515268, 22.278326285369612 ], [ 73.141865564204153, 22.27859303859228 ], [ 73.142057745581965, 22.278681956220105 ], [ 73.14215383627085, 22.278859791306147 ], [ 73.14215383627085, 22.279037626166041 ], [ 73.14215383627085, 22.279215460799801 ], [ 73.14215383627085, 22.279482212326418 ], [ 73.14215383627085, 22.27966004639482 ], [ 73.14215383627085, 22.279837880237064 ], [ 73.14215383627085, 22.280015713853174 ], [ 73.14215383627085, 22.280282463853307 ], [ 73.142346017648649, 22.280638129728612 ], [ 73.142346017648649, 22.280815962327036 ], [ 73.142346017648649, 22.28099379469931 ], [ 73.142346017648649, 22.281171626845417 ], [ 73.142538199026433, 22.281171626845417 ], [ 73.142730380404231, 22.281260542833667 ], [ 73.142922561782015, 22.281260542833667 ], [ 73.143114743159828, 22.281260542833667 ], [ 73.143403015226511, 22.281260542833667 ], [ 73.143691287293194, 22.281260542833667 ], [ 73.143883468670992, 22.281260542833667 ], [ 73.144171740737676, 22.281260542833667 ], [ 73.144363922115474, 22.281260542833667 ], [ 73.144556103493258, 22.281260542833667 ], [ 73.144748284871056, 22.281260542833667 ], [ 73.144940466248855, 22.281260542833667 ], [ 73.144940466248855, 22.281438374640544 ], [ 73.145132647626639, 22.281438374640544 ], [ 73.145324829004437, 22.281438374640544 ], [ 73.145613101071149, 22.28152729045917 ], [ 73.145805282448919, 22.28152729045917 ], [ 73.14609355451563, 22.28152729045917 ], [ 73.1462857358934, 22.28152729045917 ], [ 73.146477917271199, 22.28152729045917 ], [ 73.146670098648983, 22.28152729045917 ], [ 73.146862280026781, 22.28152729045917 ], [ 73.147150552093493, 22.28152729045917 ], [ 73.147438824160162, 22.28152729045917 ], [ 73.147631005537974, 22.28152729045917 ], [ 73.147823186915758, 22.28152729045917 ], [ 73.148111458982456, 22.28152729045917 ], [ 73.14830364036024, 22.28152729045917 ], [ 73.148495821738024, 22.28152729045917 ], [ 73.148688003115836, 22.28152729045917 ], [ 73.148880184493621, 22.28152729045917 ], [ 73.149168456560318, 22.28152729045917 ], [ 73.149360637938102, 22.28152729045917 ], [ 73.149552819315886, 22.28152729045917 ], [ 73.149745000693699, 22.28152729045917 ], [ 73.149937182071483, 22.28152729045917 ], [ 73.150033272760396, 22.281705121926805 ], [ 73.150129363449267, 22.282060784183582 ], [ 73.150129363449267, 22.282238614972727 ], [ 73.150129363449267, 22.282416445535706 ], [ 73.150129363449267, 22.282594275872516 ], [ 73.15022545413818, 22.282772105983142 ], [ 73.150321544827065, 22.283038850725038 ], [ 73.150513726204878, 22.283127765525915 ], [ 73.150513726204878, 22.283305594958033 ], [ 73.150609816893777, 22.283572338682141 ], [ 73.150801998271533, 22.283572338682141 ], [ 73.150898088960446, 22.283927996189327 ], [ 73.151090270338258, 22.284105824603639 ], [ 73.151282451716042, 22.284105824603639 ], [ 73.15157072378274, 22.284105824603639 ], [ 73.151858995849409, 22.284105824603639 ], [ 73.152051177227222, 22.284372566801036 ], [ 73.152339449293905, 22.284372566801036 ], [ 73.152627721360602, 22.284550394649898 ], [ 73.152915993427271, 22.284550394649898 ], [ 73.153204265493983, 22.284550394649898 ], [ 73.153300356182854, 22.28472822227258 ], [ 73.153108174805084, 22.285172790339708 ], [ 73.15301208411617, 22.285439530501417 ], [ 73.152819902738386, 22.285795183258688 ], [ 73.152819902738386, 22.285973009298033 ], [ 73.152819902738386, 22.286150835111183 ], [ 73.152819902738386, 22.28641757340678 ], [ 73.152819902738386, 22.286595398654431 ], [ 73.152819902738386, 22.28677322367588 ], [ 73.152819902738386, 22.286951048471114 ], [ 73.152627721360602, 22.287217785239861 ], [ 73.152627721360602, 22.287395609469591 ], [ 73.152627721360602, 22.287573433473113 ], [ 73.152627721360602, 22.287751257250424 ], [ 73.152627721360602, 22.28801799249225 ], [ 73.152627721360602, 22.288284727225097 ], [ 73.152627721360602, 22.288551461448964 ], [ 73.152627721360602, 22.288729283982093 ], [ 73.152627721360602, 22.28899601735764 ], [ 73.152627721360602, 22.289262750224186 ], [ 73.152627721360602, 22.289529482581742 ], [ 73.152627721360602, 22.289707303870657 ], [ 73.152627721360602, 22.289974035379856 ], [ 73.152627721360602, 22.290151856103201 ], [ 73.152627721360602, 22.290329676600315 ], [ 73.152627721360602, 22.290507496871204 ], [ 73.152627721360602, 22.290774226853348 ], [ 73.152627721360602, 22.290952046558655 ], [ 73.152627721360602, 22.291218775692403 ], [ 73.152627721360602, 22.291485504317126 ], [ 73.152627721360602, 22.291752232432803 ], [ 73.152627721360602, 22.291930050893789 ], [ 73.152627721360602, 22.292196778161049 ], [ 73.152627721360602, 22.292463504919262 ], [ 73.152627721360602, 22.292641322475259 ], [ 73.152627721360602, 22.292908048385033 ], [ 73.152627721360602, 22.293174773785747 ], [ 73.152627721360602, 22.293441498677385 ], [ 73.152627721360602, 22.293619314988995 ], [ 73.152627721360602, 22.293886039032163 ], [ 73.152627721360602, 22.294152762566252 ], [ 73.152627721360602, 22.294330577972811 ], [ 73.152627721360602, 22.294508393153116 ], [ 73.152627721360602, 22.294686208107152 ], [ 73.152627721360602, 22.294864022834918 ], [ 73.152627721360602, 22.295041837336424 ], [ 73.152627721360602, 22.295308558664424 ], [ 73.152627721360602, 22.295575279483309 ], [ 73.152627721360602, 22.295753093079725 ], [ 73.152627721360602, 22.29601981305008 ], [ 73.152627721360602, 22.296286532511317 ], [ 73.152627721360602, 22.296553251463418 ], [ 73.152627721360602, 22.296819969906402 ], [ 73.152627721360602, 22.296997781918851 ], [ 73.152627721360602, 22.297264499513272 ], [ 73.152627721360602, 22.297442310960012 ], [ 73.152627721360602, 22.297620122180472 ], [ 73.152531630671689, 22.297797933174639 ], [ 73.152531630671689, 22.297975743942516 ], [ 73.152531630671689, 22.298153554484095 ], [ 73.152531630671689, 22.298331364799385 ], [ 73.15243553998279, 22.29859807984802 ], [ 73.15243553998279, 22.298864794387484 ], [ 73.15243553998279, 22.299131508417773 ], [ 73.15243553998279, 22.299309317488408 ], [ 73.15224335860502, 22.299664934950798 ], [ 73.15224335860502, 22.299842743342527 ], [ 73.15224335860502, 22.300020551507952 ], [ 73.15224335860502, 22.300198359447062 ], [ 73.15224335860502, 22.300376167159868 ], [ 73.15224335860502, 22.300553974646366 ], [ 73.15224335860502, 22.300820685451757 ], [ 73.15224335860502, 22.301087395747956 ], [ 73.15224335860502, 22.301354105534923 ], [ 73.15224335860502, 22.301620814812679 ], [ 73.15224335860502, 22.301798620714951 ], [ 73.15224335860502, 22.302154231840522 ], [ 73.15224335860502, 22.302332037063813 ], [ 73.15224335860502, 22.302509842060783 ], [ 73.15224335860502, 22.302776549131863 ], [ 73.15224335860502, 22.303043255693698 ], [ 73.15224335860502, 22.303309961746294 ], [ 73.15224335860502, 22.303487765498431 ], [ 73.15224335860502, 22.303665569024233 ], [ 73.15224335860502, 22.303843372323698 ], [ 73.15224335860502, 22.304110076848509 ], [ 73.15224335860502, 22.304287879582116 ], [ 73.15224335860502, 22.304465682089386 ], [ 73.15224335860502, 22.304643484370306 ], [ 73.15224335860502, 22.304910187367291 ], [ 73.15224335860502, 22.305087989082352 ], [ 73.15243553998279, 22.305443591833416 ], [ 73.15243553998279, 22.305621392869419 ], [ 73.15243553998279, 22.305888093999009 ], [ 73.15243553998279, 22.306154794619292 ], [ 73.15243553998279, 22.306332594749872 ], [ 73.152531630671689, 22.306599294521313 ], [ 73.152531630671689, 22.30686599378344 ], [ 73.152723812049501, 22.307132692536246 ], [ 73.152723812049501, 22.307310491421831 ], [ 73.152915993427271, 22.307666088513891 ], [ 73.152915993427271, 22.307843886720363 ], [ 73.15301208411617, 22.308110583605625 ], [ 73.15301208411617, 22.308288381246172 ], [ 73.153204265493983, 22.308643975848135 ], [ 73.153204265493983, 22.308821772809548 ], [ 73.153300356182854, 22.309088467827205 ], [ 73.153396446871767, 22.309444060391744 ], [ 73.153396446871767, 22.309621856334434 ], [ 73.153588628249551, 22.309888549823999 ], [ 73.153588628249551, 22.310066345200724 ], [ 73.153588628249551, 22.310333037841335 ], [ 73.153684718938464, 22.310599729972555 ], [ 73.153684718938464, 22.310866421594401 ], [ 73.153876900316249, 22.310955318688478 ], [ 73.153876900316249, 22.311133112706848 ], [ 73.153876900316249, 22.311310906498807 ], [ 73.153876900316249, 22.31148870006438 ], [ 73.153876900316249, 22.311666493403553 ], [ 73.153876900316249, 22.311844286516308 ], [ 73.153684718938464, 22.311844286516308 ], [ 73.153396446871767, 22.312110975760959 ], [ 73.153204265493983, 22.312110975760959 ], [ 73.15301208411617, 22.312110975760959 ], [ 73.152819902738386, 22.312110975760959 ], [ 73.152627721360602, 22.312110975760959 ], [ 73.15243553998279, 22.312110975760959 ], [ 73.15224335860502, 22.312110975760959 ], [ 73.15176290516051, 22.312466560628049 ], [ 73.151474633093827, 22.312733248684058 ], [ 73.151186361027158, 22.312733248684058 ], [ 73.150801998271533, 22.312999936230636 ], [ 73.150609816893777, 22.312999936230636 ], [ 73.150129363449267, 22.313266623267786 ], [ 73.149841091382584, 22.313533309795492 ], [ 73.149648910004785, 22.313711100530949 ], [ 73.149456728627001, 22.313711100530949 ], [ 73.149264547249203, 22.313711100530949 ], [ 73.149072365871405, 22.313711100530949 ], [ 73.148880184493621, 22.313711100530949 ], [ 73.148591912426923, 22.313711100530949 ], [ 73.148399731049139, 22.313711100530949 ], [ 73.148207549671355, 22.313711100530949 ], [ 73.147919277604643, 22.313711100530949 ], [ 73.147631005537974, 22.313799995813763 ], [ 73.147246642782378, 22.313977786209591 ], [ 73.147054461404593, 22.313977786209591 ], [ 73.146766189337896, 22.313977786209591 ], [ 73.146477917271199, 22.313977786209591 ], [ 73.146189645204515, 22.314244471378789 ], [ 73.145805282448919, 22.314333366321982 ], [ 73.145613101071149, 22.314333366321982 ], [ 73.145324829004437, 22.314333366321982 ], [ 73.145132647626639, 22.314333366321982 ], [ 73.144940466248855, 22.314333366321982 ], [ 73.144748284871056, 22.314333366321982 ], [ 73.144556103493258, 22.314333366321982 ], [ 73.144267831426575, 22.314600050811908 ], [ 73.143883468670992, 22.314866734792378 ], [ 73.143691287293194, 22.314866734792378 ], [ 73.143403015226511, 22.314866734792378 ], [ 73.143114743159828, 22.314866734792378 ], [ 73.142730380404231, 22.315222312640508 ], [ 73.142442108337534, 22.315488995432226 ], [ 73.14215383627085, 22.315577889582908 ], [ 73.141769473515268, 22.315755677714463 ], [ 73.141577292137484, 22.315755677714463 ], [ 73.141289020070772, 22.315844571695322 ], [ 73.141000748004089, 22.315844571695322 ], [ 73.140712475937377, 22.31593346561958 ], [ 73.140328113181809, 22.316200147052694 ], [ 73.140135931804011, 22.316200147052694 ], [ 73.139943750426227, 22.316200147052694 ], [ 73.139943750426227, 22.316377934391713 ], [ 73.139751569048428, 22.316377934391713 ], [ 73.139463296981745, 22.316466827976306 ], [ 73.139271115603947, 22.316466827976306 ], [ 73.138982843537249, 22.316466827976306 ], [ 73.138790662159465, 22.316466827976306 ], [ 73.138598480781667, 22.316466827976306 ], [ 73.138406299403883, 22.316466827976306 ], [ 73.138021936648286, 22.316733508390431 ], [ 73.137829755270502, 22.316733508390431 ], [ 73.137637573892704, 22.316733508390431 ], [ 73.137445392514906, 22.316733508390431 ], [ 73.137253211137121, 22.316733508390431 ], [ 73.137061029759323, 22.316733508390431 ], [ 73.136868848381525, 22.316733508390431 ], [ 73.136676667003741, 22.316733508390431 ], [ 73.136388394937043, 22.316733508390431 ], [ 73.136196213559231, 22.316733508390431 ], [ 73.135907941492562, 22.316733508390431 ], [ 73.135523578736979, 22.316733508390431 ], [ 73.135331397359181, 22.316733508390431 ], [ 73.135139215981368, 22.316733508390431 ], [ 73.1347548532258, 22.316644614975669 ], [ 73.134466581159117, 22.316466827976306 ], [ 73.13417830909242, 22.316377934391713 ], [ 73.133890037025736, 22.316289040750501 ], [ 73.133601764959025, 22.31611125329826 ], [ 73.133313492892356, 22.31611125329826 ], [ 73.13302522082563, 22.316022359487224 ], [ 73.132736948758975, 22.316022359487224 ], [ 73.132448676692277, 22.316022359487224 ], [ 73.132064313936681, 22.316022359487224 ], [ 73.131872132558897, 22.316022359487224 ], [ 73.131679951181084, 22.316022359487224 ], [ 73.131391679114415, 22.316200147052694 ], [ 73.131103407047704, 22.316200147052694 ], [ 73.130815134981034, 22.316200147052694 ], [ 73.130526862914337, 22.316466827976306 ], [ 73.130334681536553, 22.316555721504287 ], [ 73.130046409469841, 22.316733508390431 ], [ 73.129854228092071, 22.316733508390431 ], [ 73.12956595602536, 22.317000188295061 ], [ 73.12956595602536, 22.317177974615095 ], [ 73.129277683958691, 22.317266867690186 ], [ 73.129277683958691, 22.317444653670552 ], [ 73.129181593269792, 22.317622439424468 ], [ 73.128989411891979, 22.317622439424468 ], [ 73.128989411891979, 22.317800224951927 ], [ 73.128893321203108, 22.317978010252936 ], [ 73.128797230514209, 22.318155795327492 ], [ 73.128508958447497, 22.318422472514726 ], [ 73.128316777069728, 22.318511364797246 ], [ 73.128124595691929, 22.318511364797246 ], [ 73.127836323625246, 22.318778041305112 ], [ 73.127548051558534, 22.318778041305112 ], [ 73.12735587018075, 22.318778041305112 ], [ 73.127163688802966, 22.318778041305112 ], [ 73.126971507425154, 22.318778041305112 ], [ 73.126779326047355, 22.318778041305112 ], [ 73.126587144669585, 22.318778041305112 ], [ 73.126298872602888, 22.318778041305112 ], [ 73.126010600536191, 22.318778041305112 ], [ 73.125818419158406, 22.318778041305112 ], [ 73.125626237780594, 22.318778041305112 ], [ 73.12543405640281, 22.318778041305112 ], [ 73.125241875025026, 22.318778041305112 ], [ 73.124953602958328, 22.318955825360614 ], [ 73.124761421580544, 22.318955825360614 ], [ 73.124569240202732, 22.318955825360614 ], [ 73.124280968136063, 22.318955825360614 ], [ 73.123992696069365, 22.318955825360614 ], [ 73.123800514691581, 22.318955825360614 ], [ 73.123608333313769, 22.318955825360614 ], [ 73.123320061247071, 22.318955825360614 ], [ 73.123127879869287, 22.318955825360614 ], [ 73.123127879869287, 22.318778041305112 ], [ 73.123320061247071, 22.318600257023149 ], [ 73.123416151935984, 22.318422472514726 ], [ 73.123608333313769, 22.318333580175601 ], [ 73.123704424002682, 22.318155795327492 ], [ 73.123896605380466, 22.318155795327492 ], [ 73.12408878675825, 22.317978010252936 ], [ 73.124184877447163, 22.317800224951927 ], [ 73.124377058824948, 22.317800224951927 ], [ 73.124473149513847, 22.317622439424468 ], [ 73.124569240202732, 22.317444653670552 ], [ 73.124665330891631, 22.317266867690186 ], [ 73.124857512269415, 22.317266867690186 ], [ 73.124953602958328, 22.317089081483388 ], [ 73.125145784336112, 22.317089081483388 ], [ 73.125241875025026, 22.316822401748585 ], [ 73.12543405640281, 22.316733508390431 ], [ 73.125626237780594, 22.316644614975669 ], [ 73.125722328469493, 22.316466827976306 ], [ 73.125914509847291, 22.316377934391713 ], [ 73.126010600536191, 22.31611125329826 ], [ 73.126202781913975, 22.31611125329826 ], [ 73.126298872602888, 22.31593346561958 ], [ 73.126394963291759, 22.315755677714463 ], [ 73.126587144669585, 22.315755677714463 ], [ 73.126683235358456, 22.315488995432226 ], [ 73.126875416736269, 22.315400101224924 ], [ 73.126971507425154, 22.315222312640508 ], [ 73.127163688802966, 22.315222312640508 ], [ 73.12735587018075, 22.315133418263386 ], [ 73.127451960869635, 22.31495562933932 ], [ 73.127644142247448, 22.314866734792378 ], [ 73.127644142247448, 22.314688945528673 ], [ 73.127932414314131, 22.314600050811908 ], [ 73.127932414314131, 22.314422261208566 ], [ 73.128028505003016, 22.314244471378789 ], [ 73.128124595691929, 22.313977786209591 ], [ 73.128412867758612, 22.313711100530949 ], [ 73.128412867758612, 22.313444414342861 ], [ 73.128508958447497, 22.313177727645339 ], [ 73.12870113982531, 22.312911040438372 ], [ 73.128797230514209, 22.312644352721989 ], [ 73.128989411891979, 22.312377664496179 ], [ 73.129085502580878, 22.312110975760959 ], [ 73.12937377464759, 22.311844286516308 ], [ 73.129469865336475, 22.311666493403553 ], [ 73.129469865336475, 22.31148870006438 ], [ 73.129662046714259, 22.31148870006438 ], [ 73.129758137403172, 22.31122200963113 ], [ 73.129854228092071, 22.311044215725957 ], [ 73.130046409469841, 22.311044215725957 ], [ 73.13014250015874, 22.310866421594401 ], [ 73.13014250015874, 22.310688627236427 ], [ 73.130238590847654, 22.310510832652081 ], [ 73.130238590847654, 22.310333037841335 ], [ 73.130238590847654, 22.310155242804189 ], [ 73.130238590847654, 22.309977447540657 ], [ 73.130238590847654, 22.309710754220891 ], [ 73.130238590847654, 22.309532958391387 ], [ 73.130238590847654, 22.309355162335503 ], [ 73.130238590847654, 22.309177366053234 ], [ 73.130238590847654, 22.308732874357137 ], [ 73.130238590847654, 22.308466178660336 ], [ 73.130238590847654, 22.308199482454199 ], [ 73.130238590847654, 22.307932785738718 ], [ 73.130238590847654, 22.307754987645428 ], [ 73.130238590847654, 22.307577189325762 ], [ 73.130238590847654, 22.307310491421831 ], [ 73.130238590847654, 22.307132692536246 ], [ 73.130238590847654, 22.306954893424304 ], [ 73.130238590847654, 22.306777094085994 ], [ 73.130238590847654, 22.306599294521313 ], [ 73.130238590847654, 22.306332594749872 ], [ 73.130238590847654, 22.306154794619292 ], [ 73.130238590847654, 22.305976994262355 ], [ 73.130046409469841, 22.305888093999009 ], [ 73.130046409469841, 22.305710293302532 ], [ 73.130046409469841, 22.305443591833416 ], [ 73.130046409469841, 22.305176889855002 ], [ 73.130046409469841, 22.304910187367291 ], [ 73.130046409469841, 22.30473238542589 ], [ 73.130046409469841, 22.304465682089386 ], [ 73.130046409469841, 22.304198978243601 ], [ 73.130046409469841, 22.304021175396823 ], [ 73.130046409469841, 22.303754470702255 ], [ 73.129950318780956, 22.303487765498431 ], [ 73.129950318780956, 22.303221059785344 ], [ 73.129950318780956, 22.302954353563006 ], [ 73.129950318780956, 22.302687646831426 ], [ 73.129950318780956, 22.302509842060783 ], [ 73.129950318780956, 22.302243134480463 ], [ 73.129662046714259, 22.302065329144003 ], [ 73.129662046714259, 22.301887523581218 ], [ 73.129662046714259, 22.301709717792118 ], [ 73.129469865336475, 22.301620814812679 ], [ 73.129469865336475, 22.3014430086841 ], [ 73.129469865336475, 22.30126520232918 ], [ 73.129277683958691, 22.301087395747956 ], [ 73.129277683958691, 22.300820685451757 ], [ 73.128989411891979, 22.300731781906542 ], [ 73.128893321203108, 22.300465070931402 ], [ 73.12870113982531, 22.300287263331754 ], [ 73.12870113982531, 22.300109455505797 ], [ 73.128508958447497, 22.300020551507952 ], [ 73.128508958447497, 22.299842743342527 ], [ 73.128316777069728, 22.299842743342527 ], [ 73.128028505003016, 22.299842743342527 ], [ 73.127740232936347, 22.299753839174947 ], [ 73.127548051558534, 22.299753839174947 ], [ 73.12735587018075, 22.299576030670064 ], [ 73.127163688802966, 22.299576030670064 ], [ 73.126875416736269, 22.299487126332757 ], [ 73.126683235358456, 22.299487126332757 ], [ 73.126394963291759, 22.299398221938866 ], [ 73.126202781913975, 22.299398221938866 ], [ 73.125818419158406, 22.299220412981377 ], [ 73.125626237780594, 22.299220412981377 ], [ 73.125337965713925, 22.299220412981377 ], [ 73.125145784336112, 22.299220412981377 ], [ 73.124857512269415, 22.299220412981377 ], [ 73.124665330891631, 22.299220412981377 ], [ 73.124473149513847, 22.299220412981377 ], [ 73.124280968136063, 22.299220412981377 ], [ 73.123992696069365, 22.299042603797581 ], [ 73.123704424002682, 22.299042603797581 ], [ 73.123416151935984, 22.298953699120819 ], [ 73.123127879869287, 22.298953699120819 ], [ 73.122839607802604, 22.298775889597568 ], [ 73.122551335735906, 22.298686984751082 ], [ 73.122359154358108, 22.298686984751082 ], [ 73.122359154358108, 22.298509174888384 ], [ 73.122070882291425, 22.298509174888384 ], [ 73.121974791602526, 22.298331364799385 ], [ 73.121878700913626, 22.298153554484095 ], [ 73.121686519535828, 22.298153554484095 ], [ 73.121398247469145, 22.298064649241596 ], [ 73.121206066091347, 22.298064649241596 ], [ 73.120917794024663, 22.298064649241596 ], [ 73.120725612646865, 22.298064649241596 ], [ 73.120437340580182, 22.298064649241596 ], [ 73.120149068513484, 22.298064649241596 ], [ 73.119860796446801, 22.298064649241596 ], [ 73.119668615069003, 22.298064649241596 ], [ 73.119380343002319, 22.298064649241596 ], [ 73.119092070935622, 22.298064649241596 ], [ 73.118899889557838, 22.298064649241596 ], [ 73.118707708180054, 22.298064649241596 ], [ 73.118515526802241, 22.298064649241596 ], [ 73.118323345424457, 22.298064649241596 ], [ 73.118131164046659, 22.298064649241596 ], [ 73.117842891979947, 22.298064649241596 ], [ 73.117554619913278, 22.298064649241596 ], [ 73.117266347846581, 22.298064649241596 ], [ 73.116978075779897, 22.298064649241596 ], [ 73.1166898037132, 22.298064649241596 ], [ 73.116401531646517, 22.298331364799385 ], [ 73.116209350268733, 22.298331364799385 ], [ 73.115824987513136, 22.298509174888384 ], [ 73.115440624757554, 22.29859807984802 ], [ 73.115344534068655, 22.298775889597568 ], [ 73.115344534068655, 22.298953699120819 ], [ 73.115344534068655, 22.299131508417773 ], [ 73.115344534068655, 22.299309317488408 ], [ 73.115344534068655, 22.299487126332757 ], [ 73.115344534068655, 22.299753839174947 ], [ 73.115152352690856, 22.299753839174947 ], [ 73.114864080624173, 22.300198359447062 ], [ 73.114767989935274, 22.300465070931402 ], [ 73.114287536490792, 22.300731781906542 ], [ 73.114191445801893, 22.300909588940407 ], [ 73.11390317373521, 22.300998492372472 ], [ 73.113614901668512, 22.30126520232918 ], [ 73.113422720290714, 22.3014430086841 ], [ 73.11323053891293, 22.301531911776685 ], [ 73.113038357535132, 22.301531911776685 ], [ 73.113038357535132, 22.301709717792118 ], [ 73.11275008546842, 22.301798620714951 ], [ 73.112365722712852, 22.301976426390901 ], [ 73.112173541335054, 22.301976426390901 ], [ 73.111981359957269, 22.301976426390901 ], [ 73.111789178579457, 22.301976426390901 ], [ 73.111596997201687, 22.301976426390901 ], [ 73.11130872513499, 22.301976426390901 ], [ 73.111020453068306, 22.301976426390901 ], [ 73.110828271690508, 22.301976426390901 ], [ 73.11063609031271, 22.301976426390901 ], [ 73.110347818246026, 22.302332037063813 ], [ 73.110155636868228, 22.302332037063813 ], [ 73.109963455490444, 22.302332037063813 ], [ 73.109579092734847, 22.302420939590593 ], [ 73.109290820668164, 22.302420939590593 ], [ 73.109098639290366, 22.302420939590593 ], [ 73.108810367223683, 22.302420939590593 ], [ 73.108522095156985, 22.302598744474395 ], [ 73.108041641712504, 22.302687646831426 ], [ 73.107753369645792, 22.302687646831426 ], [ 73.107561188268022, 22.302687646831426 ], [ 73.107369006890224, 22.302687646831426 ], [ 73.106984644134641, 22.302954353563006 ], [ 73.106792462756829, 22.302954353563006 ], [ 73.106600281379045, 22.302954353563006 ], [ 73.106312009312362, 22.302954353563006 ], [ 73.106023737245678, 22.302954353563006 ], [ 73.105543283801197, 22.302954353563006 ], [ 73.105255011734485, 22.302954353563006 ], [ 73.105062830356701, 22.302954353563006 ], [ 73.104870648978917, 22.30286545137573 ], [ 73.104870648978917, 22.302598744474395 ], [ 73.104678467601104, 22.302509842060783 ], [ 73.104678467601104, 22.302332037063813 ], [ 73.104582376912191, 22.302154231840522 ], [ 73.104390195534407, 22.302154231840522 ], [ 73.104101923467724, 22.302065329144003 ], [ 73.104101923467724, 22.301887523581218 ], [ 73.103813651401026, 22.301887523581218 ], [ 73.103525379334357, 22.301798620714951 ], [ 73.103237107267645, 22.301798620714951 ], [ 73.103044925889847, 22.301798620714951 ], [ 73.102852744512063, 22.301798620714951 ], [ 73.102660563134279, 22.301798620714951 ], [ 73.102468381756495, 22.301709717792118 ], [ 73.102276200378682, 22.301709717792118 ], [ 73.102180109689783, 22.301531911776685 ], [ 73.101987928312013, 22.301531911776685 ], [ 73.103429288645458, 22.301887523581218 ] ] ] } },
{ "type": "Feature", "properties": { "fid": 19, "ward_id": 11 }, "geometry": { "type": "Polygon", "coordinates": [ [ [ 73.148591912426923, 22.329711339364003 ], [ 73.148784093804721, 22.329711339364003 ], [ 73.148976275182505, 22.329711339364003 ], [ 73.149168456560318, 22.329711339364003 ], [ 73.149360637938102, 22.329711339364003 ], [ 73.149648910004785, 22.329711339364003 ], [ 73.149841091382584, 22.329711339364003 ], [ 73.150033272760396, 22.329711339364003 ], [ 73.15022545413818, 22.329711339364003 ], [ 73.150417635515964, 22.329622454216292 ], [ 73.150609816893777, 22.329533569011936 ], [ 73.150609816893777, 22.32935579843333 ], [ 73.150801998271533, 22.32935579843333 ], [ 73.150994179649359, 22.32935579843333 ], [ 73.151186361027158, 22.32935579843333 ], [ 73.151378542404927, 22.32935579843333 ], [ 73.151666814471639, 22.32935579843333 ], [ 73.151955086538308, 22.32935579843333 ], [ 73.152147267916121, 22.32935579843333 ], [ 73.152339449293905, 22.32935579843333 ], [ 73.152531630671689, 22.32935579843333 ], [ 73.152723812049501, 22.32935579843333 ], [ 73.152915993427271, 22.329533569011936 ], [ 73.153108174805084, 22.329622454216292 ], [ 73.153300356182854, 22.329622454216292 ], [ 73.153396446871767, 22.329800224455077 ], [ 73.153588628249551, 22.329977994467328 ], [ 73.153780809627364, 22.329977994467328 ], [ 73.154069081694033, 22.329977994467328 ], [ 73.154261263071845, 22.329977994467328 ], [ 73.154261263071845, 22.329800224455077 ], [ 73.154261263071845, 22.329622454216292 ], [ 73.154261263071845, 22.329444683750946 ], [ 73.154261263071845, 22.329178027628178 ], [ 73.15435735376073, 22.32891137099568 ], [ 73.154549535138514, 22.328733599624165 ], [ 73.154741716516327, 22.328555828026122 ], [ 73.154933897894125, 22.328555828026122 ], [ 73.155029988583024, 22.328378056201544 ], [ 73.155126079271923, 22.328200284150423 ], [ 73.155318260649707, 22.328200284150423 ], [ 73.155414351338592, 22.327933625648992 ], [ 73.155606532716405, 22.327844739368572 ], [ 73.155798714094189, 22.327755853031523 ], [ 73.155894804783074, 22.327578080187546 ], [ 73.155990895471987, 22.327400307117028 ], [ 73.156183076849786, 22.327222533819992 ], [ 73.156279167538685, 22.327044760296424 ], [ 73.156471348916455, 22.327044760296424 ], [ 73.156471348916455, 22.326866986546328 ], [ 73.156567439605368, 22.326689212569701 ], [ 73.156759620983166, 22.326511438366555 ], [ 73.156855711672051, 22.326333663936897 ], [ 73.156951802360936, 22.326155889280713 ], [ 73.156951802360936, 22.325978114398005 ], [ 73.15704789304985, 22.325800339288797 ], [ 73.157240074427648, 22.325622563953061 ], [ 73.157240074427648, 22.325355900524738 ], [ 73.157336165116547, 22.325178124622724 ], [ 73.157432255805418, 22.325000348494196 ], [ 73.157528346494317, 22.324822572139155 ], [ 73.157720527872129, 22.324822572139155 ], [ 73.157816618561029, 22.324555907181903 ], [ 73.157912709249899, 22.324378130260595 ], [ 73.158104890627712, 22.324378130260595 ], [ 73.158104890627712, 22.324200353112786 ], [ 73.15829707200551, 22.324111464453946 ], [ 73.15829707200551, 22.323933686966384 ], [ 73.15829707200551, 22.323755909252327 ], [ 73.158393162694395, 22.323489242256542 ], [ 73.158681434761093, 22.323222574751142 ], [ 73.158777525449992, 22.323044796131093 ], [ 73.158969706827762, 22.322955906736137 ], [ 73.159065797516661, 22.322778127776346 ], [ 73.159065797516661, 22.322600348590061 ], [ 73.159257978894473, 22.322600348590061 ], [ 73.159450160272272, 22.322333679385974 ], [ 73.159450160272272, 22.322067009672285 ], [ 73.159546250961171, 22.321889229580052 ], [ 73.159738432338955, 22.321800339449005 ], [ 73.159738432338955, 22.321622559017047 ], [ 73.159834523027854, 22.321355887944456 ], [ 73.159834523027854, 22.321089216362285 ], [ 73.160026704405652, 22.321089216362285 ], [ 73.160026704405652, 22.32091143502441 ], [ 73.160122795094551, 22.320733653460042 ], [ 73.160122795094551, 22.320555871669217 ], [ 73.160218885783451, 22.320289198558335 ], [ 73.160314976472336, 22.320022524937894 ], [ 73.160507157850134, 22.319933633617847 ], [ 73.160603248539033, 22.319755850807891 ], [ 73.160603248539033, 22.319578067771474 ], [ 73.160795429916817, 22.319578067771474 ], [ 73.160891520605716, 22.319311392792226 ], [ 73.161083701983515, 22.319222501019251 ], [ 73.161083701983515, 22.319044717303438 ], [ 73.161371974050198, 22.318955825360614 ], [ 73.161371974050198, 22.318778041305112 ], [ 73.161468064739083, 22.318511364797246 ], [ 73.161564155427996, 22.318333580175601 ], [ 73.161756336805794, 22.318155795327492 ], [ 73.161756336805794, 22.317889117630738 ], [ 73.161852427494679, 22.317622439424468 ], [ 73.161852427494679, 22.317444653670552 ], [ 73.161852427494679, 22.317266867690186 ], [ 73.161852427494679, 22.317089081483388 ], [ 73.161948518183578, 22.316911295050133 ], [ 73.161948518183578, 22.316644614975669 ], [ 73.162044608872478, 22.316377934391713 ], [ 73.162140699561377, 22.316200147052694 ], [ 73.162140699561377, 22.316022359487224 ], [ 73.162140699561377, 22.315755677714463 ], [ 73.162140699561377, 22.315488995432226 ], [ 73.161948518183578, 22.315400101224924 ], [ 73.161852427494679, 22.315222312640508 ], [ 73.161660246116895, 22.315222312640508 ], [ 73.161468064739083, 22.315222312640508 ], [ 73.161275883361313, 22.315133418263386 ], [ 73.161083701983515, 22.315133418263386 ], [ 73.160987611294615, 22.31495562933932 ], [ 73.160603248539033, 22.314866734792378 ], [ 73.160411067161235, 22.314777840188825 ], [ 73.160411067161235, 22.314600050811908 ], [ 73.160411067161235, 22.314422261208566 ], [ 73.160218885783451, 22.314422261208566 ], [ 73.159930613716753, 22.314155576379001 ], [ 73.159642341650041, 22.313888891039987 ], [ 73.159642341650041, 22.313711100530949 ], [ 73.159450160272272, 22.313622205191518 ], [ 73.159450160272272, 22.313444414342861 ], [ 73.159450160272272, 22.313177727645339 ], [ 73.159450160272272, 22.312911040438372 ], [ 73.159450160272272, 22.312733248684058 ], [ 73.159354069583372, 22.312466560628049 ], [ 73.159065797516661, 22.312377664496179 ], [ 73.159065797516661, 22.312199872062628 ], [ 73.158777525449992, 22.312110975760959 ], [ 73.158777525449992, 22.311933182987797 ], [ 73.158585344072179, 22.311755389988228 ], [ 73.158585344072179, 22.31148870006438 ], [ 73.15829707200551, 22.3113998033099 ], [ 73.15829707200551, 22.31122200963113 ], [ 73.15829707200551, 22.311044215725957 ], [ 73.15829707200551, 22.310866421594401 ], [ 73.15829707200551, 22.310688627236427 ], [ 73.15848925338328, 22.310688627236427 ], [ 73.15848925338328, 22.310510832652081 ], [ 73.158585344072179, 22.310244140351063 ], [ 73.158777525449992, 22.310244140351063 ], [ 73.158969706827762, 22.310155242804189 ], [ 73.159161888205574, 22.310155242804189 ], [ 73.159354069583372, 22.310066345200724 ], [ 73.159546250961171, 22.310066345200724 ], [ 73.159642341650041, 22.309888549823999 ], [ 73.159834523027854, 22.309888549823999 ], [ 73.160122795094551, 22.309799652050735 ], [ 73.160122795094551, 22.309621856334434 ], [ 73.160314976472336, 22.309621856334434 ], [ 73.160507157850134, 22.309532958391387 ], [ 73.160699339227932, 22.309532958391387 ], [ 73.160987611294615, 22.309444060391744 ], [ 73.160987611294615, 22.309266264222664 ], [ 73.161179792672414, 22.309266264222664 ], [ 73.161468064739083, 22.309177366053234 ], [ 73.161468064739083, 22.308999569544575 ], [ 73.161756336805794, 22.308999569544575 ], [ 73.162044608872478, 22.308910671205361 ], [ 73.162236790250276, 22.308732874357137 ], [ 73.162525062316945, 22.308732874357137 ], [ 73.162813334383657, 22.308643975848135 ], [ 73.16310160645034, 22.308466178660336 ], [ 73.163293787828138, 22.308466178660336 ], [ 73.163485969205922, 22.308466178660336 ], [ 73.16377424127262, 22.308377279981556 ], [ 73.163966422650418, 22.308377279981556 ], [ 73.164254694717101, 22.308377279981556 ], [ 73.1644468760949, 22.308377279981556 ], [ 73.164639057472698, 22.308377279981556 ], [ 73.164927329539395, 22.308377279981556 ], [ 73.165119510917179, 22.308377279981556 ], [ 73.165311692294964, 22.308288381246172 ], [ 73.165503873672762, 22.308199482454199 ], [ 73.165503873672762, 22.308021684700467 ], [ 73.16569605505056, 22.307932785738718 ], [ 73.165792145739445, 22.307666088513891 ], [ 73.165984327117243, 22.307577189325762 ], [ 73.165984327117243, 22.307399390779739 ], [ 73.166080417806143, 22.307132692536246 ], [ 73.166080417806143, 22.306954893424304 ], [ 73.166272599183941, 22.306954893424304 ], [ 73.166272599183941, 22.306777094085994 ], [ 73.166272599183941, 22.306599294521313 ], [ 73.166368689872826, 22.306421494730277 ], [ 73.166368689872826, 22.306154794619292 ], [ 73.166368689872826, 22.305976994262355 ], [ 73.166368689872826, 22.305710293302532 ], [ 73.166368689872826, 22.305443591833416 ], [ 73.166368689872826, 22.305176889855002 ], [ 73.166368689872826, 22.304910187367291 ], [ 73.166368689872826, 22.30473238542589 ], [ 73.166368689872826, 22.304554583258138 ], [ 73.166272599183941, 22.304287879582116 ], [ 73.166080417806143, 22.304198978243601 ], [ 73.166080417806143, 22.304021175396823 ], [ 73.166080417806143, 22.303843372323698 ], [ 73.166080417806143, 22.303665569024233 ], [ 73.166080417806143, 22.303398863650656 ], [ 73.166080417806143, 22.303221059785344 ], [ 73.166080417806143, 22.303043255693698 ], [ 73.166080417806143, 22.302776549131863 ], [ 73.166080417806143, 22.302509842060783 ], [ 73.166080417806143, 22.302243134480463 ], [ 73.166080417806143, 22.301976426390901 ], [ 73.166080417806143, 22.301798620714951 ], [ 73.166080417806143, 22.301620814812679 ], [ 73.166080417806143, 22.3014430086841 ], [ 73.166080417806143, 22.30117629906686 ], [ 73.166080417806143, 22.300998492372472 ], [ 73.166080417806143, 22.300820685451757 ], [ 73.166080417806143, 22.300642878304739 ], [ 73.166080417806143, 22.300465070931402 ], [ 73.166080417806143, 22.300287263331754 ], [ 73.166080417806143, 22.300109455505797 ], [ 73.166080417806143, 22.299931647453526 ], [ 73.165888236428344, 22.299842743342527 ], [ 73.165888236428344, 22.299664934950798 ], [ 73.165599964361661, 22.299576030670064 ], [ 73.165599964361661, 22.299398221938866 ], [ 73.165311692294964, 22.299309317488408 ], [ 73.165311692294964, 22.299131508417773 ], [ 73.165119510917179, 22.299042603797581 ], [ 73.165119510917179, 22.298864794387484 ], [ 73.16502342022828, 22.298686984751082 ], [ 73.164735148161583, 22.29859807984802 ], [ 73.164735148161583, 22.298420269872167 ], [ 73.164735148161583, 22.298242459670035 ], [ 73.164735148161583, 22.297975743942516 ], [ 73.1644468760949, 22.297886838586866 ], [ 73.1644468760949, 22.297709027705839 ], [ 73.164062513339289, 22.297442310960012 ], [ 73.164062513339289, 22.297264499513272 ], [ 73.164062513339289, 22.296997781918851 ], [ 73.163966422650418, 22.296731063815312 ], [ 73.163966422650418, 22.296553251463418 ], [ 73.163966422650418, 22.296375438885249 ], [ 73.163966422650418, 22.296197626080808 ], [ 73.163966422650418, 22.29601981305008 ], [ 73.164062513339289, 22.295841999793076 ], [ 73.164062513339289, 22.295575279483309 ], [ 73.164062513339289, 22.295397465660614 ], [ 73.164062513339289, 22.295219651611649 ], [ 73.164062513339289, 22.295041837336424 ], [ 73.164062513339289, 22.294775115499316 ], [ 73.164062513339289, 22.294508393153116 ], [ 73.164062513339289, 22.294330577972811 ], [ 73.164062513339289, 22.294152762566252 ], [ 73.164062513339289, 22.293974946933421 ], [ 73.164062513339289, 22.293797131074331 ], [ 73.164158604028202, 22.293619314988995 ], [ 73.164158604028202, 22.293441498677385 ], [ 73.164158604028202, 22.293174773785747 ], [ 73.164158604028202, 22.29299695690851 ], [ 73.164158604028202, 22.292730231168427 ], [ 73.164158604028202, 22.292463504919262 ], [ 73.164158604028202, 22.292285687137024 ], [ 73.164158604028202, 22.292107869128529 ], [ 73.164158604028202, 22.291930050893789 ], [ 73.164158604028202, 22.291752232432803 ], [ 73.164158604028202, 22.291574413745586 ], [ 73.164350785406, 22.291396594832111 ], [ 73.164350785406, 22.291129866037714 ], [ 73.164350785406, 22.290952046558655 ], [ 73.164350785406, 22.290685316915862 ], [ 73.164350785406, 22.290418586764044 ], [ 73.164350785406, 22.290240766380037 ], [ 73.164350785406, 22.289974035379856 ], [ 73.164350785406, 22.289707303870657 ], [ 73.164350785406, 22.289440571852442 ], [ 73.164350785406, 22.289262750224186 ], [ 73.164350785406, 22.289084928369714 ], [ 73.164350785406, 22.288907106289013 ], [ 73.164350785406, 22.288640372743806 ], [ 73.164350785406, 22.28846255009756 ], [ 73.164350785406, 22.288284727225097 ], [ 73.164350785406, 22.28801799249225 ], [ 73.164350785406, 22.287751257250424 ], [ 73.164350785406, 22.287573433473113 ], [ 73.164350785406, 22.287217785239861 ], [ 73.164350785406, 22.287039960783922 ], [ 73.164350785406, 22.28677322367588 ], [ 73.164350785406, 22.286595398654431 ], [ 73.164350785406, 22.286328660698135 ], [ 73.164350785406, 22.286061922232886 ], [ 73.1644468760949, 22.285884096306638 ], [ 73.1644468760949, 22.285706270154197 ], [ 73.164542966783799, 22.285528443775554 ], [ 73.164542966783799, 22.285350617170735 ], [ 73.164542966783799, 22.285172790339708 ], [ 73.164542966783799, 22.2849949632825 ], [ 73.164542966783799, 22.284817135999099 ], [ 73.164639057472698, 22.28463930848951 ], [ 73.164639057472698, 22.284461480753745 ], [ 73.164639057472698, 22.284283652791782 ], [ 73.164831238850482, 22.284194738725983 ], [ 73.164831238850482, 22.284016910424754 ], [ 73.164831238850482, 22.283839081897341 ], [ 73.164831238850482, 22.283661253143745 ], [ 73.164927329539395, 22.283483424163979 ], [ 73.164927329539395, 22.283305594958033 ], [ 73.164927329539395, 22.283127765525915 ], [ 73.164735148161583, 22.283038850725038 ], [ 73.1644468760949, 22.282772105983142 ], [ 73.164350785406, 22.282505360732376 ], [ 73.164158604028202, 22.282505360732376 ], [ 73.163870331961533, 22.28232753028248 ], [ 73.163678150583721, 22.282238614972727 ], [ 73.163582059894807, 22.282060784183582 ], [ 73.163389878517052, 22.281971868704201 ], [ 73.16310160645034, 22.281882953168271 ], [ 73.163005515761427, 22.281616206221255 ], [ 73.162813334383657, 22.281616206221255 ], [ 73.16242897162806, 22.281438374640544 ], [ 73.162044608872478, 22.281260542833667 ], [ 73.161756336805794, 22.281082710800636 ], [ 73.161468064739083, 22.280815962327036 ], [ 73.161179792672414, 22.280549213344596 ], [ 73.160891520605716, 22.280371380406944 ], [ 73.160891520605716, 22.280193547243126 ], [ 73.160699339227932, 22.280193547243126 ], [ 73.160411067161235, 22.280015713853174 ], [ 73.160218885783451, 22.279926797073394 ], [ 73.160122795094551, 22.27966004639482 ], [ 73.159930613716753, 22.27966004639482 ], [ 73.159738432338955, 22.279571129388881 ], [ 73.159546250961171, 22.279482212326418 ], [ 73.159354069583372, 22.279393295207417 ], [ 73.159161888205574, 22.279393295207417 ], [ 73.158777525449992, 22.279304378031867 ], [ 73.158585344072179, 22.279304378031867 ], [ 73.158200981316611, 22.27912654351119 ], [ 73.158008799938798, 22.27912654351119 ], [ 73.157720527872129, 22.279037626166041 ], [ 73.157432255805418, 22.278948708764361 ], [ 73.157143983738749, 22.278770873791395 ], [ 73.156855711672051, 22.278681956220105 ], [ 73.156855711672051, 22.278504120907929 ], [ 73.156663530294267, 22.278504120907929 ], [ 73.156375258227555, 22.278326285369612 ], [ 73.156086986160886, 22.278237367515665 ], [ 73.156086986160886, 22.278059531638146 ], [ 73.155894804783074, 22.277970613614588 ], [ 73.155606532716405, 22.277881695534496 ], [ 73.155606532716405, 22.277703859204713 ], [ 73.155414351338592, 22.277703859204713 ], [ 73.155222169960808, 22.277703859204713 ], [ 73.154837807205197, 22.277526022648797 ], [ 73.154453444449643, 22.277259267390949 ], [ 73.154261263071845, 22.277259267390949 ], [ 73.154069081694033, 22.2769925116243 ], [ 73.153876900316249, 22.2769925116243 ], [ 73.153588628249551, 22.276903592922363 ], [ 73.153396446871767, 22.276903592922363 ], [ 73.153204265493983, 22.276814674163884 ], [ 73.15301208411617, 22.276636836477348 ], [ 73.152723812049501, 22.27654791754928 ], [ 73.15243553998279, 22.276458998564685 ], [ 73.152339449293905, 22.276281160425903 ], [ 73.152147267916121, 22.276281160425903 ], [ 73.151955086538308, 22.276281160425903 ], [ 73.151666814471639, 22.276192241271715 ], [ 73.15157072378274, 22.276014402793756 ], [ 73.151378542404927, 22.276014402793756 ], [ 73.150994179649359, 22.275925483469987 ], [ 73.150898088960446, 22.275747644652846 ], [ 73.150705907582676, 22.275747644652846 ], [ 73.150513726204878, 22.275747644652846 ], [ 73.150321544827065, 22.275658725159492 ], [ 73.150033272760396, 22.27548088600318 ], [ 73.149841091382584, 22.27548088600318 ], [ 73.149552819315886, 22.275391966340234 ], [ 73.149360637938102, 22.275303046620763 ], [ 73.148976275182505, 22.275036287123179 ], [ 73.148976275182505, 22.274858447175482 ], [ 73.148784093804721, 22.274858447175482 ], [ 73.148495821738024, 22.274769527116842 ], [ 73.148207549671355, 22.274591686829989 ], [ 73.148015368293542, 22.274502766601778 ], [ 73.147727096226859, 22.274413846317032 ], [ 73.147534914849061, 22.274324925975765 ], [ 73.147438824160162, 22.274147085123648 ], [ 73.147246642782378, 22.274147085123648 ], [ 73.14695837071568, 22.274058164612793 ], [ 73.146862280026781, 22.273880323421533 ], [ 73.146670098648983, 22.273880323421533 ], [ 73.146477917271199, 22.273880323421533 ], [ 73.146189645204515, 22.273791402741107 ], [ 73.145805282448919, 22.273613561210698 ], [ 73.14551701038225, 22.273524640360701 ], [ 73.145228738315538, 22.273346798491144 ], [ 73.144940466248855, 22.273257877471572 ], [ 73.144652194182171, 22.273080035262868 ], [ 73.144460012804373, 22.273080035262868 ], [ 73.144171740737676, 22.272991114073733 ], [ 73.143979559359877, 22.272991114073733 ], [ 73.143691287293194, 22.272813271525884 ], [ 73.143306924537612, 22.272724350167184 ], [ 73.143018652470914, 22.2725465072802 ], [ 73.14282647109313, 22.272457585751933 ], [ 73.142634289715332, 22.272457585751933 ], [ 73.142442108337534, 22.272368664167129 ], [ 73.142249926959749, 22.272368664167129 ], [ 73.142249926959749, 22.27219082082798 ], [ 73.141961654893052, 22.27219082082798 ], [ 73.141961654893052, 22.272012977262733 ], [ 73.141577292137484, 22.271924055395331 ], [ 73.141577292137484, 22.271746211490957 ], [ 73.141385110759671, 22.271746211490957 ], [ 73.141096838692974, 22.271657289453998 ], [ 73.140808566626291, 22.271479445210506 ], [ 73.140520294559622, 22.27139052300398 ], [ 73.140520294559622, 22.271212678421367 ], [ 73.140328113181809, 22.271212678421367 ], [ 73.140135931804011, 22.271123756045281 ], [ 73.139751569048428, 22.271034833612671 ], [ 73.139751569048428, 22.270856988577908 ], [ 73.139463296981745, 22.270856988577908 ], [ 73.139175024915048, 22.270768065975744 ], [ 73.139175024915048, 22.270590220601864 ], [ 73.138886752848364, 22.270501297830148 ], [ 73.138694571470566, 22.270501297830148 ], [ 73.138694571470566, 22.270323452117157 ], [ 73.138502390092768, 22.270323452117157 ], [ 73.138310208714984, 22.270234529175887 ], [ 73.138118027337185, 22.270145606178097 ], [ 73.137925845959387, 22.270145606178097 ], [ 73.137733664581603, 22.270145606178097 ], [ 73.137541483203805, 22.270234529175887 ], [ 73.137541483203805, 22.270412375001918 ], [ 73.137541483203805, 22.270590220601864 ], [ 73.137541483203805, 22.270768065975744 ], [ 73.137541483203805, 22.270945911123555 ], [ 73.137541483203805, 22.271123756045281 ], [ 73.137541483203805, 22.271301600740927 ], [ 73.137541483203805, 22.271479445210506 ], [ 73.137541483203805, 22.271657289453998 ], [ 73.137541483203805, 22.271835133471406 ], [ 73.137253211137121, 22.27219082082798 ], [ 73.137253211137121, 22.272368664167129 ], [ 73.137253211137121, 22.2725465072802 ], [ 73.137253211137121, 22.272724350167184 ], [ 73.137253211137121, 22.272902192828063 ], [ 73.137253211137121, 22.273168956395487 ], [ 73.137253211137121, 22.273346798491144 ], [ 73.137253211137121, 22.273524640360701 ], [ 73.137253211137121, 22.273702482004165 ], [ 73.137253211137121, 22.273880323421533 ], [ 73.137253211137121, 22.274058164612793 ], [ 73.137253211137121, 22.274324925975765 ], [ 73.137253211137121, 22.274502766601778 ], [ 73.137253211137121, 22.274680607001681 ], [ 73.137253211137121, 22.274858447175482 ], [ 73.137253211137121, 22.275036287123179 ], [ 73.137253211137121, 22.275214126844752 ], [ 73.137445392514906, 22.275303046620763 ], [ 73.137445392514906, 22.27548088600318 ], [ 73.137541483203805, 22.275747644652846 ], [ 73.137733664581603, 22.275836564089676 ], [ 73.138021936648286, 22.275925483469987 ], [ 73.138310208714984, 22.276281160425903 ], [ 73.138598480781667, 22.27654791754928 ], [ 73.138886752848364, 22.27654791754928 ], [ 73.138982843537249, 22.276814674163884 ], [ 73.139175024915048, 22.276814674163884 ], [ 73.139367206292846, 22.2769925116243 ], [ 73.139655478359515, 22.277081430269714 ], [ 73.139943750426227, 22.277081430269714 ], [ 73.140039841115112, 22.277437104286047 ], [ 73.14023202249291, 22.277437104286047 ], [ 73.140424203870708, 22.277437104286047 ], [ 73.140616385248492, 22.277437104286047 ], [ 73.140712475937377, 22.277614940955029 ], [ 73.14090465731519, 22.277614940955029 ], [ 73.141192929381859, 22.277703859204713 ], [ 73.141289020070772, 22.277881695534496 ], [ 73.141577292137484, 22.277970613614588 ], [ 73.141673382826369, 22.278326285369612 ], [ 73.141865564204153, 22.278326285369612 ], [ 73.14215383627085, 22.278326285369612 ], [ 73.142346017648649, 22.278681956220105 ], [ 73.142442108337534, 22.278948708764361 ], [ 73.142634289715332, 22.278948708764361 ], [ 73.14282647109313, 22.27912654351119 ], [ 73.142922561782015, 22.279304378031867 ], [ 73.143114743159828, 22.279304378031867 ], [ 73.143403015226511, 22.279304378031867 ], [ 73.143403015226511, 22.279482212326418 ], [ 73.143403015226511, 22.27966004639482 ], [ 73.143403015226511, 22.279837880237064 ], [ 73.143403015226511, 22.280015713853174 ], [ 73.143403015226511, 22.280282463853307 ], [ 73.143403015226511, 22.280460296904032 ], [ 73.143403015226511, 22.280638129728612 ], [ 73.143306924537612, 22.280904878541438 ], [ 73.143306924537612, 22.281082710800636 ], [ 73.143499105915396, 22.281171626845417 ], [ 73.143691287293194, 22.281171626845417 ], [ 73.143883468670992, 22.281171626845417 ], [ 73.144075650048777, 22.281171626845417 ], [ 73.144267831426575, 22.281171626845417 ], [ 73.144556103493258, 22.281171626845417 ], [ 73.144844375559956, 22.281171626845417 ], [ 73.145132647626639, 22.281171626845417 ], [ 73.145324829004437, 22.281171626845417 ], [ 73.14551701038225, 22.281171626845417 ], [ 73.14570919176002, 22.281171626845417 ], [ 73.145997463826731, 22.281171626845417 ], [ 73.1462857358934, 22.281171626845417 ], [ 73.146477917271199, 22.281171626845417 ], [ 73.146766189337896, 22.281171626845417 ], [ 73.147054461404593, 22.281171626845417 ], [ 73.147342733471277, 22.281171626845417 ], [ 73.147534914849061, 22.281171626845417 ], [ 73.147727096226859, 22.281171626845417 ], [ 73.147919277604643, 22.281171626845417 ], [ 73.148111458982456, 22.281171626845417 ], [ 73.14830364036024, 22.281171626845417 ], [ 73.148591912426923, 22.281171626845417 ], [ 73.148880184493621, 22.281349458765373 ], [ 73.149072365871405, 22.281349458765373 ], [ 73.149360637938102, 22.281438374640544 ], [ 73.149648910004785, 22.281438374640544 ], [ 73.149841091382584, 22.281616206221255 ], [ 73.150033272760396, 22.281616206221255 ], [ 73.150129363449267, 22.281794037575811 ], [ 73.150129363449267, 22.281971868704201 ], [ 73.150321544827065, 22.282238614972727 ], [ 73.150321544827065, 22.282505360732376 ], [ 73.150321544827065, 22.282772105983142 ], [ 73.150321544827065, 22.283038850725038 ], [ 73.150321544827065, 22.283305594958033 ], [ 73.150321544827065, 22.283483424163979 ], [ 73.150417635515964, 22.283750167548821 ], [ 73.150609816893777, 22.284016910424754 ], [ 73.150801998271533, 22.284016910424754 ], [ 73.151090270338258, 22.284016910424754 ], [ 73.151282451716042, 22.284016910424754 ], [ 73.151474633093827, 22.284016910424754 ], [ 73.151666814471639, 22.284016910424754 ], [ 73.151858995849409, 22.284016910424754 ], [ 73.152051177227222, 22.284016910424754 ], [ 73.152339449293905, 22.284016910424754 ], [ 73.152339449293905, 22.284194738725983 ], [ 73.152627721360602, 22.284194738725983 ], [ 73.152819902738386, 22.284194738725983 ], [ 73.153108174805084, 22.284461480753745 ], [ 73.153108174805084, 22.28463930848951 ], [ 73.153108174805084, 22.284817135999099 ], [ 73.153108174805084, 22.2849949632825 ], [ 73.153108174805084, 22.28526170378349 ], [ 73.153108174805084, 22.285439530501417 ], [ 73.153204265493983, 22.285973009298033 ], [ 73.153204265493983, 22.286150835111183 ], [ 73.153204265493983, 22.28641757340678 ], [ 73.153204265493983, 22.286684311193426 ], [ 73.153204265493983, 22.286951048471114 ], [ 73.153204265493983, 22.287128873040164 ], [ 73.153396446871767, 22.287484521499621 ], [ 73.153396446871767, 22.28766234539005 ], [ 73.153396446871767, 22.287840169054252 ], [ 73.153396446871767, 22.28801799249225 ], [ 73.153396446871767, 22.288284727225097 ], [ 73.153396446871767, 22.28846255009756 ], [ 73.153396446871767, 22.288640372743806 ], [ 73.153396446871767, 22.288818195163831 ], [ 73.153396446871767, 22.289084928369714 ], [ 73.153396446871767, 22.289351661066597 ], [ 73.153396446871767, 22.289529482581742 ], [ 73.153492537560652, 22.289796214430279 ], [ 73.153492537560652, 22.290062945769805 ], [ 73.153492537560652, 22.290329676600315 ], [ 73.153492537560652, 22.290507496871204 ], [ 73.153492537560652, 22.290774226853348 ], [ 73.153492537560652, 22.290952046558655 ], [ 73.153492537560652, 22.291218775692403 ], [ 73.153492537560652, 22.291396594832111 ], [ 73.153492537560652, 22.291574413745586 ], [ 73.153492537560652, 22.291752232432803 ], [ 73.153492537560652, 22.292018960039442 ], [ 73.153492537560652, 22.292196778161049 ], [ 73.153492537560652, 22.292463504919262 ], [ 73.153492537560652, 22.292730231168427 ], [ 73.153492537560652, 22.29299695690851 ], [ 73.153492537560652, 22.293263682139528 ], [ 73.153492537560652, 22.293530406861468 ], [ 73.153492537560652, 22.293797131074331 ], [ 73.153492537560652, 22.293974946933421 ], [ 73.153396446871767, 22.294330577972811 ], [ 73.153396446871767, 22.294508393153116 ], [ 73.153396446871767, 22.294775115499316 ], [ 73.153396446871767, 22.295041837336424 ], [ 73.153204265493983, 22.295486372600248 ], [ 73.153108174805084, 22.295841999793076 ], [ 73.153108174805084, 22.29601981305008 ], [ 73.152915993427271, 22.296286532511317 ], [ 73.152819902738386, 22.296642157667645 ], [ 73.152819902738386, 22.296819969906402 ], [ 73.152627721360602, 22.297175593705031 ], [ 73.152627721360602, 22.297353405264925 ], [ 73.152627721360602, 22.297531216598522 ], [ 73.152627721360602, 22.297797933174639 ], [ 73.152627721360602, 22.298064649241596 ], [ 73.152627721360602, 22.298242459670035 ], [ 73.152627721360602, 22.298509174888384 ], [ 73.152627721360602, 22.298775889597568 ], [ 73.152339449293905, 22.299220412981377 ], [ 73.152339449293905, 22.299398221938866 ], [ 73.152339449293905, 22.299576030670064 ], [ 73.15243553998279, 22.299842743342527 ], [ 73.15243553998279, 22.300109455505797 ], [ 73.15243553998279, 22.300287263331754 ], [ 73.15243553998279, 22.300465070931402 ], [ 73.15243553998279, 22.300731781906542 ], [ 73.152627721360602, 22.300998492372472 ], [ 73.152627721360602, 22.30117629906686 ], [ 73.152627721360602, 22.301354105534923 ], [ 73.152723812049501, 22.301531911776685 ], [ 73.152723812049501, 22.301709717792118 ], [ 73.152723812049501, 22.301887523581218 ], [ 73.152819902738386, 22.302065329144003 ], [ 73.15301208411617, 22.302420939590593 ], [ 73.15301208411617, 22.302687646831426 ], [ 73.15301208411617, 22.30286545137573 ], [ 73.15301208411617, 22.303043255693698 ], [ 73.15301208411617, 22.303221059785344 ], [ 73.15301208411617, 22.303398863650656 ], [ 73.15301208411617, 22.303576667289626 ], [ 73.15301208411617, 22.303754470702255 ], [ 73.15301208411617, 22.303932273888545 ], [ 73.15301208411617, 22.304110076848509 ], [ 73.15301208411617, 22.304287879582116 ], [ 73.15301208411617, 22.304554583258138 ], [ 73.15301208411617, 22.304821286424886 ], [ 73.15301208411617, 22.304999088253119 ], [ 73.15301208411617, 22.305176889855002 ], [ 73.152723812049501, 22.305443591833416 ], [ 73.152723812049501, 22.305710293302532 ], [ 73.152723812049501, 22.305888093999009 ], [ 73.152723812049501, 22.306065894469121 ], [ 73.152723812049501, 22.306332594749872 ], [ 73.152723812049501, 22.306510394654094 ], [ 73.152723812049501, 22.306777094085994 ], [ 73.152723812049501, 22.307043793008575 ], [ 73.152723812049501, 22.307310491421831 ], [ 73.152723812049501, 22.307488290081047 ], [ 73.152723812049501, 22.307843886720363 ], [ 73.152723812049501, 22.308021684700467 ], [ 73.152723812049501, 22.308288381246172 ], [ 73.152723812049501, 22.308466178660336 ], [ 73.152723812049501, 22.308643975848135 ], [ 73.152723812049501, 22.308821772809548 ], [ 73.152723812049501, 22.309088467827205 ], [ 73.152915993427271, 22.309088467827205 ], [ 73.152915993427271, 22.309266264222664 ], [ 73.152915993427271, 22.309444060391744 ], [ 73.15301208411617, 22.309799652050735 ], [ 73.153204265493983, 22.310066345200724 ], [ 73.153300356182854, 22.310333037841335 ], [ 73.153492537560652, 22.310599729972555 ], [ 73.153588628249551, 22.310866421594401 ], [ 73.153588628249551, 22.311044215725957 ], [ 73.153780809627364, 22.311044215725957 ], [ 73.153780809627364, 22.31122200963113 ], [ 73.153876900316249, 22.3113998033099 ], [ 73.153876900316249, 22.311577596762266 ], [ 73.153972991005134, 22.311755389988228 ], [ 73.154165172382946, 22.312110975760959 ], [ 73.154165172382946, 22.312288768307713 ], [ 73.15435735376073, 22.312377664496179 ], [ 73.15435735376073, 22.312555456703326 ], [ 73.15435735376073, 22.312822144589518 ], [ 73.15435735376073, 22.313177727645339 ], [ 73.154165172382946, 22.313444414342861 ], [ 73.154069081694033, 22.313622205191518 ], [ 73.153780809627364, 22.313711100530949 ], [ 73.153588628249551, 22.313799995813763 ], [ 73.153588628249551, 22.313977786209591 ], [ 73.153396446871767, 22.313977786209591 ], [ 73.153108174805084, 22.313977786209591 ], [ 73.152819902738386, 22.314244471378789 ], [ 73.152627721360602, 22.314244471378789 ], [ 73.152339449293905, 22.314244471378789 ], [ 73.152051177227222, 22.314511156038535 ], [ 73.15176290516051, 22.314777840188825 ], [ 73.151666814471639, 22.315044523829656 ], [ 73.151666814471639, 22.315222312640508 ], [ 73.151666814471639, 22.315400101224924 ], [ 73.151666814471639, 22.315666783676985 ], [ 73.151666814471639, 22.315844571695322 ], [ 73.151666814471639, 22.31611125329826 ], [ 73.151666814471639, 22.316377934391713 ], [ 73.151666814471639, 22.316644614975669 ], [ 73.151666814471639, 22.316822401748585 ], [ 73.151666814471639, 22.317089081483388 ], [ 73.151666814471639, 22.317266867690186 ], [ 73.151666814471639, 22.317444653670552 ], [ 73.151666814471639, 22.317711332216501 ], [ 73.151666814471639, 22.317889117630738 ], [ 73.151666814471639, 22.318066902818526 ], [ 73.151666814471639, 22.318333580175601 ], [ 73.151666814471639, 22.318511364797246 ], [ 73.151666814471639, 22.318689149192441 ], [ 73.151666814471639, 22.318955825360614 ], [ 73.151666814471639, 22.319222501019251 ], [ 73.151666814471639, 22.319400284508596 ], [ 73.151666814471639, 22.319666959317995 ], [ 73.151474633093827, 22.320022524937894 ], [ 73.151474633093827, 22.320200307408143 ], [ 73.151474633093827, 22.320466980688874 ], [ 73.151474633093827, 22.320644762592941 ], [ 73.151378542404927, 22.321000325721656 ], [ 73.151186361027158, 22.321355887944456 ], [ 73.151090270338258, 22.321622559017047 ], [ 73.150898088960446, 22.321978119654482 ], [ 73.150898088960446, 22.322155899633472 ], [ 73.150609816893777, 22.32251145891199 ], [ 73.150417635515964, 22.322778127776346 ], [ 73.150321544827065, 22.322955906736137 ], [ 73.15022545413818, 22.323222574751142 ], [ 73.150129363449267, 22.323489242256542 ], [ 73.149937182071483, 22.324022575738478 ], [ 73.149937182071483, 22.324289241715007 ], [ 73.149937182071483, 22.324467018749566 ], [ 73.149841091382584, 22.324822572139155 ], [ 73.149841091382584, 22.325000348494196 ], [ 73.149841091382584, 22.325267012602048 ], [ 73.149841091382584, 22.325533676200244 ], [ 73.149841091382584, 22.325800339288797 ], [ 73.149841091382584, 22.326067001867671 ], [ 73.149456728627001, 22.326333663936897 ], [ 73.149456728627001, 22.326511438366555 ], [ 73.149456728627001, 22.326689212569701 ], [ 73.149456728627001, 22.326955873449684 ], [ 73.149264547249203, 22.327222533819992 ], [ 73.149072365871405, 22.327578080187546 ], [ 73.149072365871405, 22.327755853031523 ], [ 73.148976275182505, 22.328200284150423 ], [ 73.148976275182505, 22.32846694214215 ], [ 73.148976275182505, 22.328733599624165 ], [ 73.148976275182505, 22.32891137099568 ], [ 73.148784093804721, 22.329178027628178 ], [ 73.148784093804721, 22.32935579843333 ], [ 73.148784093804721, 22.329533569011936 ], [ 73.148784093804721, 22.329800224455077 ], [ 73.148784093804721, 22.330066879388486 ], [ 73.148784093804721, 22.330244649060898 ], [ 73.148784093804721, 22.330422418506778 ], [ 73.148784093804721, 22.330689072250784 ], [ 73.148591912426923, 22.329711339364003 ] ] ] } }
]
}
